Date,Region,Category,Product,Quantity,Sales,Profit
2024-01-01,South,Stationery,Notebook,4,120.68,11.73
2024-01-01,East,Electronics,Smartphone,5,5975.19,483.15
2024-01-01,East,Stationery,Pen Set,7,182.99,27.22
2024-01-01,Central,Groceries,Snack Pack,11,391.64,40.18
2024-01-01,North,Electronics,Laptop,3,1906.12,156.31
2024-01-01,Central,Furniture,Sofa,10,1905.75,524.16
2024-01-01,East,Furniture,Sofa,2,1362.78,219.14
2024-01-01,South,Stationery,Backpack,5,195.35,13.48
2024-01-01,South,Clothing,T-Shirt,1,65.73,20.78
2024-01-02,East,Stationery,Backpack,10,178.17,52.99
2024-01-02,East,Electronics,Smartwatch,2,1368.94,161.38
2024-01-02,Central,Clothing,Cap,3,143.43,23.39
2024-01-02,North,Electronics,Laptop,2,883.25,232.99
2024-01-02,South,Clothing,Cap,3,228.56,49.33
2024-01-02,West,Clothing,Jeans,10,154.43,45.22
2024-01-02,North,Clothing,Sneakers,3,346.9,115.23
2024-01-02,East,Clothing,Jacket,11,575.58,87.09
2024-01-03,Central,Furniture,Sofa,5,546.73,55.78
2024-01-03,East,Groceries,Cereal,3,18.61,4.41
2024-01-03,West,Stationery,Sticky Notes,4,186.66,58.21
2024-01-03,North,Furniture,Sofa,6,1346.28,375.08
2024-01-03,Central,Groceries,Organic Juice,3,73.28,12.08
2024-01-03,South,Electronics,Smartwatch,11,4499.86,1511.92
2024-01-03,West,Groceries,Cereal,4,144.54,13.82
2024-01-04,South,Stationery,Sticky Notes,6,237.02,32.02
2024-01-04,South,Groceries,Coffee,11,293.63,98.16
2024-01-04,East,Electronics,Tablet,5,5133.88,646.94
2024-01-04,West,Stationery,Desk Lamp,5,228.71,24.15
2024-01-05,North,Clothing,Jacket,6,812.02,176.62
2024-01-05,Central,Furniture,Desk,9,5395.09,913.16
2024-01-05,South,Electronics,Laptop,5,1923.0,289.26
2024-01-05,East,Electronics,Tablet,2,1027.3,216.91
2024-01-05,North,Electronics,Smartphone,4,454.4,48.98
2024-01-05,Central,Groceries,Coffee,1,17.43,2.11
2024-01-06,West,Stationery,Desk Lamp,2,59.36,5.66
2024-01-06,Central,Stationery,Sticky Notes,3,207.15,51.81
2024-01-06,South,Furniture,Desk,11,1530.65,171.72
2024-01-06,West,Stationery,Sticky Notes,8,311.41,97.9
2024-01-06,South,Furniture,Desk,3,957.34,285.81
2024-01-06,South,Groceries,Olive Oil,4,59.83,18.92
2024-01-06,Central,Clothing,Jacket,5,276.81,88.78
2024-01-06,East,Groceries,Organic Juice,4,143.27,11.29
2024-01-06,Central,Stationery,Backpack,6,324.65,101.87
2024-01-07,West,Electronics,Smartwatch,10,1056.41,313.48
2024-01-07,Central,Stationery,Notebook,5,338.42,51.68
2024-01-07,East,Furniture,Desk,8,3559.14,1145.35
2024-01-07,North,Furniture,Dining Table,7,5010.22,580.29
2024-01-07,South,Groceries,Coffee,5,107.06,7.57
2024-01-07,East,Clothing,Sneakers,7,142.95,21.49
2024-01-07,South,Stationery,Sticky Notes,5,203.42,11.95
2024-01-08,North,Electronics,Headphones,3,1016.41,321.43
2024-01-08,East,Furniture,Sofa,10,5842.76,957.46
2024-01-08,Central,Clothing,Sneakers,3,355.48,85.39
2024-01-08,North,Clothing,Jacket,5,79.58,12.11
2024-01-08,South,Clothing,Jeans,5,454.2,45.56
2024-01-08,North,Electronics,Headphones,6,2292.5,629.98
2024-01-08,Central,Groceries,Cereal,5,45.49,10.89
2024-01-08,North,Electronics,Tablet,7,5129.77,1380.43
2024-01-09,North,Groceries,Cereal,3,94.82,20.5
2024-01-09,South,Furniture,Office Chair,9,3761.76,758.95
2024-01-09,North,Groceries,Coffee,8,86.38,14.02
2024-01-09,East,Electronics,Laptop,10,10868.25,3784.94
2024-01-09,Central,Stationery,Desk Lamp,7,378.09,75.87
2024-01-09,East,Stationery,Pen Set,7,352.84,25.45
2024-01-09,West,Furniture,Sofa,11,4178.02,805.98
2024-01-09,South,Stationery,Sticky Notes,7,424.13,54.37
2024-01-09,South,Electronics,Headphones,4,2415.95,837.65
2024-01-09,East,Clothing,T-Shirt,8,623.92,90.96
2024-01-10,South,Groceries,Coffee,3,18.97,6.49
2024-01-10,East,Stationery,Notebook,6,436.53,72.1
2024-01-10,South,Electronics,Tablet,11,11456.12,1231.99
2024-01-10,Central,Electronics,Smartwatch,8,8388.87,450.81
2024-01-10,South,Groceries,Cereal,10,163.22,41.58
2024-01-11,North,Electronics,Tablet,6,4471.4,678.99
2024-01-11,Central,Electronics,Smartphone,9,8490.83,1685.02
2024-01-11,South,Stationery,Notebook,4,68.33,11.68
2024-01-11,East,Stationery,Backpack,3,107.88,21.51
2024-01-11,West,Electronics,Laptop,4,2706.15,587.57
2024-01-11,Central,Clothing,Jacket,7,330.81,108.71
2024-01-11,South,Stationery,Desk Lamp,5,285.58,98.09
2024-01-11,East,Clothing,T-Shirt,6,862.79,249.57
2024-01-11,West,Stationery,Pen Set,11,170.33,9.83
2024-01-11,South,Electronics,Smartwatch,5,2900.12,917.85
2024-01-11,Central,Electronics,Tablet,11,3919.93,439.23
2024-01-11,Central,Groceries,Cereal,2,35.35,5.76
2024-01-12,East,Stationery,Backpack,3,175.91,52.62
2024-01-12,South,Electronics,Headphones,7,6657.64,455.32
2024-01-12,West,Stationery,Backpack,6,460.3,90.68
2024-01-12,West,Electronics,Smartphone,1,920.19,240.42
2024-01-12,North,Stationery,Sticky Notes,4,163.98,49.22
2024-01-12,South,Groceries,Coffee,1,28.79,7.01
2024-01-13,East,Groceries,Coffee,9,221.78,64.56
2024-01-13,Central,Groceries,Snack Pack,8,27.84,6.0
2024-01-13,West,Electronics,Laptop,3,1502.13,191.71
2024-01-13,North,Stationery,Pen Set,6,75.99,5.78
2024-01-13,Central,Groceries,Organic Juice,7,113.63,39.21
2024-01-14,North,Furniture,Bookshelf,11,8549.9,450.56
2024-01-14,Central,Furniture,Office Chair,11,1900.3,223.76
2024-01-14,East,Clothing,Jacket,11,1121.14,292.68
2024-01-14,South,Electronics,Smartphone,8,816.42,210.34
2024-01-14,East,Clothing,Jacket,1,24.17,2.49
2024-01-15,Central,Electronics,Smartwatch,2,1084.38,328.51
2024-01-15,North,Clothing,Sneakers,9,1160.96,104.91
2024-01-15,North,Stationery,Pen Set,8,311.92,53.73
2024-01-15,South,Stationery,Backpack,9,467.03,66.45
2024-01-15,North,Stationery,Desk Lamp,8,114.54,26.46
2024-01-16,North,Electronics,Laptop,4,1195.55,396.64
2024-01-16,Central,Clothing,Jacket,8,891.71,169.87
2024-01-16,South,Clothing,Jeans,11,1568.02,330.5
2024-01-16,East,Stationery,Sticky Notes,7,123.69,28.3
2024-01-16,East,Furniture,Desk,1,435.65,42.14
2024-01-16,West,Furniture,Sofa,8,3163.47,626.85
2024-01-16,East,Furniture,Desk,8,2270.63,636.0
2024-01-16,Central,Clothing,T-Shirt,9,194.16,62.29
2024-01-17,East,Furniture,Desk,11,2517.02,572.51
2024-01-17,East,Clothing,T-Shirt,1,71.16,5.82
2024-01-17,Central,Groceries,Olive Oil,11,317.18,25.65
2024-01-17,South,Electronics,Laptop,7,2011.44,537.52
2024-01-17,Central,Stationery,Notebook,11,659.01,201.64
2024-01-17,East,Stationery,Desk Lamp,7,227.14,27.11
2024-01-17,South,Groceries,Olive Oil,11,300.77,101.46
2024-01-17,East,Groceries,Coffee,2,55.72,16.7
2024-01-17,South,Furniture,Sofa,9,2316.21,347.78
2024-01-18,West,Clothing,T-Shirt,10,935.38,54.47
2024-01-18,West,Furniture,Dining Table,6,4234.07,299.88
2024-01-18,West,Clothing,T-Shirt,3,99.98,32.7
2024-01-18,Central,Groceries,Olive Oil,2,64.68,3.57
2024-01-18,West,Clothing,T-Shirt,11,1344.8,210.1
2024-01-18,East,Groceries,Coffee,2,34.88,4.69
2024-01-18,South,Stationery,Desk Lamp,10,426.27,63.93
2024-01-18,South,Stationery,Pen Set,1,47.44,14.74
2024-01-18,East,Stationery,Pen Set,3,28.94,9.28
2024-01-18,South,Furniture,Bookshelf,10,1381.02,115.1
2024-01-18,North,Furniture,Sofa,7,5745.28,391.31
2024-01-19,North,Clothing,T-Shirt,2,294.18,91.66
2024-01-19,Central,Clothing,Jeans,7,1033.04,113.32
2024-01-19,North,Furniture,Sofa,7,4491.49,868.18
2024-01-19,North,Clothing,T-Shirt,9,869.09,135.04
2024-01-19,East,Electronics,Smartwatch,7,3623.11,540.61
2024-01-19,South,Electronics,Tablet,8,1931.7,306.07
2024-01-19,West,Groceries,Olive Oil,3,25.01,3.87
2024-01-19,Central,Groceries,Coffee,10,156.92,23.34
2024-01-19,East,Stationery,Notebook,4,246.06,27.7
2024-01-19,West,Furniture,Desk,2,215.95,57.57
2024-01-19,East,Clothing,Jeans,1,149.14,30.38
2024-01-20,North,Furniture,Sofa,6,5143.53,1165.62
2024-01-20,East,Stationery,Sticky Notes,5,91.49,28.13
2024-01-20,East,Stationery,Pen Set,9,174.26,14.67
2024-01-20,West,Clothing,Jacket,4,114.99,36.49
2024-01-20,North,Groceries,Organic Juice,9,219.57,21.19
2024-01-20,Central,Furniture,Office Chair,10,3254.93,600.96
2024-01-20,Central,Groceries,Snack Pack,1,14.97,1.52
2024-01-20,North,Electronics,Smartphone,10,9055.88,587.71
2024-01-20,East,Electronics,Headphones,4,4698.09,1145.62
2024-01-20,East,Groceries,Cereal,10,43.02,5.31
2024-01-21,North,Groceries,Cereal,9,29.5,6.57
2024-01-21,East,Furniture,Office Chair,7,5664.08,412.37
2024-01-21,Central,Groceries,Cereal,2,9.01,2.85
2024-01-21,North,Groceries,Olive Oil,9,160.92,28.07
2024-01-21,North,Electronics,Headphones,6,5150.66,1480.67
2024-01-21,South,Electronics,Laptop,8,5773.89,1486.39
2024-01-21,South,Electronics,Smartphone,11,1354.51,382.47
2024-01-21,Central,Stationery,Backpack,3,105.42,8.55
2024-01-21,East,Electronics,Smartwatch,11,8713.42,2103.69
2024-01-21,South,Clothing,Jacket,5,698.14,88.24
2024-01-21,East,Clothing,Sneakers,7,435.63,143.98
2024-01-21,Central,Electronics,Headphones,11,1619.01,317.6
2024-01-21,South,Groceries,Olive Oil,8,33.03,7.89
2024-01-21,East,Furniture,Office Chair,5,593.56,126.45
2024-01-22,Central,Furniture,Bookshelf,9,4037.92,1183.28
2024-01-22,West,Stationery,Backpack,2,30.07,8.01
2024-01-22,South,Stationery,Notebook,3,169.0,45.08
2024-01-22,East,Stationery,Notebook,11,336.28,52.12
2024-01-22,East,Stationery,Pen Set,5,307.04,76.22
2024-01-22,South,Clothing,Sneakers,1,42.05,13.31
2024-01-23,West,Furniture,Desk,7,3904.7,198.46
2024-01-23,Central,Electronics,Tablet,11,2155.28,457.41
2024-01-23,Central,Electronics,Laptop,7,662.88,188.9
2024-01-23,North,Groceries,Cereal,10,38.7,6.03
2024-01-23,West,Clothing,Sneakers,9,876.77,197.51
2024-01-23,South,Electronics,Smartwatch,7,3002.26,542.96
2024-01-24,North,Clothing,Jacket,5,741.43,83.54
2024-01-24,West,Furniture,Desk,7,4706.24,848.62
2024-01-25,West,Furniture,Bookshelf,8,3702.79,664.64
2024-01-25,West,Stationery,Pen Set,9,394.65,86.69
2024-01-25,East,Groceries,Olive Oil,6,233.67,20.32
2024-01-25,South,Furniture,Dining Table,1,842.01,263.85
2024-01-25,West,Stationery,Notebook,6,79.65,21.93
2024-01-26,West,Furniture,Dining Table,1,417.69,122.08
2024-01-26,South,Furniture,Desk,4,694.37,215.63
2024-01-26,Central,Groceries,Olive Oil,11,334.68,28.08
2024-01-26,Central,Groceries,Coffee,9,129.2,18.58
2024-01-26,North,Furniture,Bookshelf,11,2017.94,258.24
2024-01-26,Central,Groceries,Coffee,9,198.69,28.11
2024-01-26,Central,Groceries,Snack Pack,7,36.21,12.06
2024-01-26,South,Clothing,Jacket,4,260.53,50.21
2024-01-26,Central,Furniture,Sofa,7,4266.46,747.91
2024-01-27,South,Clothing,Cap,8,529.0,123.97
2024-01-27,West,Furniture,Bookshelf,10,3922.25,703.64
2024-01-27,South,Stationery,Notebook,11,599.96,121.61
2024-01-27,North,Electronics,Laptop,6,2179.19,677.04
2024-01-27,East,Clothing,Jeans,7,176.49,11.71
2024-01-27,South,Stationery,Sticky Notes,9,621.2,46.47
2024-01-27,South,Stationery,Desk Lamp,3,118.95,20.06
2024-01-28,Central,Electronics,Tablet,10,2908.99,593.37
2024-01-28,South,Electronics,Tablet,5,4306.11,1301.35
2024-01-28,West,Groceries,Cereal,1,36.16,4.76
2024-01-28,West,Clothing,T-Shirt,8,405.8,138.06
2024-01-28,East,Groceries,Organic Juice,5,97.41,6.13
2024-01-29,East,Furniture,Sofa,5,359.5,23.99
2024-01-29,Central,Groceries,Coffee,2,12.48,2.23
2024-01-29,East,Stationery,Backpack,6,320.34,21.92
2024-01-29,Central,Electronics,Smartwatch,5,4859.59,1417.46
2024-01-29,Central,Groceries,Organic Juice,8,84.3,9.18
2024-01-29,East,Furniture,Desk,6,4498.0,1205.27
2024-01-29,West,Electronics,Laptop,4,980.41,101.93
2024-01-29,North,Furniture,Desk,11,8992.28,1663.91
2024-01-29,East,Groceries,Coffee,11,416.46,53.26
2024-01-29,West,Electronics,Smartwatch,7,7077.87,689.1
2024-01-30,South,Groceries,Olive Oil,2,14.51,5.03
2024-01-30,West,Stationery,Backpack,2,140.91,46.62
2024-01-30,South,Electronics,Laptop,11,8897.82,2803.31
2024-01-30,West,Electronics,Laptop,6,1236.61,260.13
2024-01-30,South,Groceries,Coffee,7,186.82,60.4
2024-01-30,East,Clothing,Sneakers,10,222.61,70.26
2024-01-30,North,Clothing,Cap,9,314.35,82.26
2024-01-31,South,Furniture,Bookshelf,7,5763.16,622.07
2024-01-31,Central,Furniture,Office Chair,11,7545.64,767.06
2024-01-31,North,Stationery,Sticky Notes,3,99.53,5.56
2024-01-31,Central,Stationery,Backpack,6,321.64,70.76
2024-01-31,West,Furniture,Bookshelf,8,5942.69,766.42
2024-01-31,South,Groceries,Coffee,2,35.96,11.49
2024-01-31,South,Furniture,Desk,3,1242.87,160.02
2024-01-31,East,Electronics,Smartphone,4,3462.11,736.06
2024-01-31,West,Groceries,Cereal,7,248.04,24.68
2024-02-01,West,Stationery,Sticky Notes,7,510.98,47.4
2024-02-01,East,Furniture,Desk,2,147.78,41.18
2024-02-01,East,Clothing,Sneakers,4,593.15,139.11
2024-02-01,South,Electronics,Smartwatch,1,1146.06,346.78
2024-02-01,South,Furniture,Sofa,6,4401.79,1299.59
2024-02-02,Central,Groceries,Cereal,2,55.28,3.86
2024-02-02,North,Clothing,Sneakers,5,553.04,106.88
2024-02-02,West,Clothing,Sneakers,9,387.34,84.5
2024-02-02,Central,Furniture,Sofa,2,413.38,120.36
2024-02-02,East,Clothing,Sneakers,8,546.3,115.36
2024-02-02,East,Clothing,Jeans,9,740.03,72.39
2024-02-03,West,Groceries,Olive Oil,4,112.54,38.69
2024-02-03,West,Stationery,Sticky Notes,1,28.39,5.0
2024-02-03,West,Electronics,Headphones,3,1644.01,334.29
2024-02-03,West,Clothing,Jacket,7,502.5,28.07
2024-02-04,South,Furniture,Office Chair,1,776.94,71.21
2024-02-04,East,Stationery,Notebook,3,181.44,58.55
2024-02-04,West,Stationery,Pen Set,7,472.12,58.81
2024-02-04,South,Electronics,Headphones,10,11409.18,2633.13
2024-02-04,North,Furniture,Dining Table,5,397.74,61.45
2024-02-04,North,Groceries,Organic Juice,1,36.73,5.79
2024-02-04,South,Groceries,Organic Juice,11,173.75,44.56
2024-02-04,West,Electronics,Smartphone,1,238.51,58.54
2024-02-04,North,Groceries,Cereal,2,31.12,3.53
2024-02-04,West,Stationery,Pen Set,9,551.87,147.67
2024-02-04,South,Furniture,Desk,3,1711.28,504.72
2024-02-05,South,Groceries,Cereal,10,134.03,17.97
2024-02-05,South,Groceries,Olive Oil,9,116.34,7.52
2024-02-05,Central,Electronics,Tablet,1,294.89,88.34
2024-02-05,North,Stationery,Backpack,10,665.9,99.11
2024-02-05,Central,Furniture,Desk,9,5669.33,1554.99
2024-02-05,South,Electronics,Smartphone,6,2203.92,234.42
2024-02-06,East,Clothing,Jeans,10,985.39,105.39
2024-02-06,South,Stationery,Notebook,3,77.88,17.29
2024-02-06,West,Stationery,Desk Lamp,10,494.31,109.44
2024-02-06,Central,Clothing,T-Shirt,5,193.77,64.47
2024-02-06,West,Stationery,Sticky Notes,2,62.52,5.33
2024-02-06,West,Electronics,Laptop,11,1631.94,277.08
2024-02-06,Central,Stationery,Sticky Notes,4,63.5,11.07
2024-02-06,West,Stationery,Pen Set,7,124.97,23.77
2024-02-06,South,Clothing,T-Shirt,11,1164.11,263.24
2024-02-06,Central,Furniture,Bookshelf,5,2492.73,254.04
2024-02-06,Central,Furniture,Dining Table,7,3159.57,483.42
2024-02-07,East,Groceries,Coffee,11,165.4,21.74
2024-02-07,East,Electronics,Laptop,8,645.33,151.12
2024-02-07,North,Electronics,Headphones,7,3808.08,295.9
2024-02-07,West,Electronics,Smartwatch,9,9568.38,3249.21
2024-02-07,West,Clothing,Jacket,5,194.95,61.86
2024-02-08,Central,Electronics,Headphones,1,914.46,285.6
2024-02-08,East,Stationery,Sticky Notes,7,466.96,127.86
2024-02-08,Central,Stationery,Notebook,11,859.51,86.57
2024-02-08,Central,Clothing,Cap,8,146.44,27.48
2024-02-08,West,Furniture,Bookshelf,7,5572.13,1138.5
2024-02-08,North,Furniture,Desk,1,136.05,42.92
2024-02-08,Central,Electronics,Smartwatch,10,9584.77,2973.73
2024-02-09,West,Furniture,Sofa,11,4357.56,972.06
2024-02-09,North,Groceries,Olive Oil,10,335.5,32.6
2024-02-09,North,Groceries,Olive Oil,10,370.78,54.3
2024-02-09,East,Groceries,Olive Oil,4,80.15,15.12
2024-02-09,East,Clothing,Sneakers,9,637.38,223.08
2024-02-09,East,Groceries,Cereal,1,35.83,8.07
2024-02-09,South,Clothing,Cap,8,717.89,116.71
2024-02-09,West,Clothing,Sneakers,5,227.41,43.34
2024-02-09,East,Electronics,Tablet,5,2804.32,765.18
2024-02-09,South,Clothing,Cap,11,1349.18,132.38
2024-02-09,East,Clothing,Cap,7,860.23,286.59
2024-02-09,West,Clothing,T-Shirt,9,1196.7,240.17
2024-02-09,West,Furniture,Bookshelf,7,3188.7,271.37
2024-02-09,South,Furniture,Office Chair,4,3150.91,1017.57
2024-02-10,East,Electronics,Headphones,1,381.16,26.5
2024-02-10,West,Furniture,Sofa,9,3372.64,205.35
2024-02-10,North,Electronics,Smartwatch,1,1112.24,232.58
2024-02-10,North,Electronics,Smartwatch,3,1368.99,103.46
2024-02-10,East,Furniture,Desk,11,4684.07,1125.31
2024-02-10,South,Electronics,Smartwatch,9,7286.32,946.85
2024-02-10,East,Stationery,Notebook,8,600.1,135.24
2024-02-11,East,Furniture,Desk,7,3019.73,518.83
2024-02-11,East,Furniture,Dining Table,2,458.46,30.66
2024-02-11,South,Furniture,Office Chair,7,5898.79,1387.34
2024-02-11,South,Groceries,Olive Oil,5,170.39,36.5
2024-02-11,Central,Electronics,Headphones,8,9065.78,753.34
2024-02-11,South,Clothing,Jacket,8,378.24,43.88
2024-02-11,Central,Clothing,Sneakers,11,726.63,235.38
2024-02-11,South,Furniture,Dining Table,10,5185.69,1221.05
2024-02-12,South,Groceries,Coffee,8,234.12,59.11
2024-02-12,Central,Furniture,Sofa,4,1745.82,191.33
2024-02-12,North,Stationery,Desk Lamp,9,441.44,108.98
2024-02-12,West,Clothing,Jeans,6,168.99,36.15
2024-02-12,West,Groceries,Cereal,10,228.18,23.06
2024-02-12,Central,Groceries,Organic Juice,5,196.13,62.31
2024-02-12,West,Furniture,Dining Table,2,377.84,81.6
2024-02-13,North,Clothing,Sneakers,6,895.83,269.23
2024-02-13,West,Electronics,Smartwatch,1,728.47,44.9
2024-02-13,North,Groceries,Organic Juice,2,62.59,17.21
2024-02-13,East,Clothing,Cap,8,978.26,123.35
2024-02-13,West,Stationery,Notebook,8,192.22,20.2
2024-02-13,North,Electronics,Smartphone,11,12329.57,1747.31
2024-02-13,North,Groceries,Olive Oil,7,154.06,10.58
2024-02-13,East,Furniture,Bookshelf,9,567.26,171.82
2024-02-13,East,Furniture,Sofa,11,1726.32,519.76
2024-02-14,East,Stationery,Backpack,5,25.51,6.74
2024-02-14,Central,Electronics,Tablet,8,8977.96,1820.68
2024-02-14,West,Clothing,Jeans,2,93.86,27.65
2024-02-14,West,Groceries,Coffee,8,108.95,11.06
2024-02-14,West,Clothing,Jacket,6,678.31,231.09
2024-02-14,Central,Clothing,Jacket,1,89.91,10.52
2024-02-14,Central,Stationery,Desk Lamp,6,231.15,38.2
2024-02-15,South,Stationery,Desk Lamp,8,586.2,96.21
2024-02-15,North,Furniture,Bookshelf,6,2017.52,436.01
2024-02-15,West,Groceries,Olive Oil,5,151.11,18.02
2024-02-16,Central,Furniture,Bookshelf,1,70.75,9.31
2024-02-16,Central,Electronics,Smartphone,6,2539.0,377.25
2024-02-16,South,Clothing,Jacket,6,567.04,115.24
2024-02-16,Central,Clothing,Cap,7,684.94,180.57
2024-02-16,North,Electronics,Smartphone,8,947.77,102.88
2024-02-16,North,Electronics,Headphones,5,770.94,88.96
2024-02-16,East,Furniture,Dining Table,6,2693.39,926.96
2024-02-16,East,Clothing,Cap,9,1039.03,334.8
2024-02-16,East,Groceries,Cereal,5,38.61,6.65
2024-02-16,South,Stationery,Backpack,4,283.98,83.21
2024-02-16,East,Groceries,Organic Juice,3,71.78,4.15
2024-02-16,South,Groceries,Cereal,2,50.98,11.65
2024-02-16,Central,Stationery,Notebook,7,115.65,14.5
2024-02-16,East,Groceries,Coffee,6,93.14,14.9
2024-02-16,South,Furniture,Office Chair,10,4405.32,845.78
2024-02-17,Central,Clothing,Jacket,6,835.8,119.69
2024-02-17,North,Stationery,Backpack,9,503.75,114.5
2024-02-17,South,Electronics,Tablet,10,6896.51,2298.34
2024-02-17,North,Furniture,Desk,11,3872.04,1218.27
2024-02-17,South,Furniture,Desk,3,400.55,68.19
2024-02-17,West,Groceries,Coffee,11,100.71,22.94
2024-02-17,South,Groceries,Organic Juice,3,114.61,31.04
2024-02-17,East,Stationery,Backpack,9,282.39,85.89
2024-02-17,East,Stationery,Notebook,1,43.26,11.28
2024-02-18,North,Furniture,Sofa,5,3227.43,370.5
2024-02-18,Central,Furniture,Dining Table,2,942.59,130.91
2024-02-18,Central,Stationery,Desk Lamp,4,203.89,11.78
2024-02-18,East,Groceries,Coffee,5,38.27,12.24
2024-02-18,West,Groceries,Coffee,4,33.8,4.02
2024-02-18,North,Groceries,Snack Pack,8,204.08,33.63
2024-02-18,Central,Electronics,Smartwatch,3,1400.8,471.56
2024-02-18,South,Electronics,Smartwatch,8,4209.15,702.96
2024-02-18,South,Furniture,Office Chair,3,468.56,64.09
2024-02-19,East,Clothing,Jacket,10,577.31,187.5
2024-02-19,South,Groceries,Snack Pack,1,31.13,7.91
2024-02-19,South,Clothing,Jeans,8,388.7,133.43
2024-02-19,West,Furniture,Bookshelf,1,878.83,168.88
2024-02-19,South,Furniture,Bookshelf,6,3478.48,657.29
2024-02-19,East,Electronics,Headphones,9,8949.37,2951.83
2024-02-19,Central,Furniture,Desk,4,2115.19,405.63
2024-02-20,East,Groceries,Coffee,4,18.35,5.63
2024-02-20,West,Groceries,Coffee,8,114.67,38.21
2024-02-20,South,Clothing,Jeans,1,39.25,7.02
2024-02-20,North,Clothing,Jacket,9,1182.96,269.07
2024-02-20,West,Stationery,Desk Lamp,1,40.57,9.68
2024-02-20,South,Stationery,Backpack,5,127.98,27.15
2024-02-20,Central,Stationery,Pen Set,10,341.14,101.11
2024-02-20,East,Clothing,Sneakers,6,509.29,81.7
2024-02-20,North,Clothing,T-Shirt,10,1440.41,175.51
2024-02-20,North,Furniture,Office Chair,8,3780.75,1021.74
2024-02-20,West,Stationery,Sticky Notes,11,290.02,95.38
2024-02-20,Central,Stationery,Desk Lamp,10,135.17,26.96
2024-02-20,South,Clothing,Sneakers,11,1099.32,147.82
2024-02-20,East,Stationery,Sticky Notes,4,94.3,14.74
2024-02-20,East,Electronics,Smartwatch,4,348.64,93.78
2024-02-21,North,Groceries,Cereal,8,254.88,35.4
2024-02-21,East,Stationery,Pen Set,6,111.33,23.24
2024-02-21,South,Electronics,Smartwatch,9,1963.5,98.36
2024-02-21,East,Stationery,Pen Set,3,211.11,61.23
2024-02-21,West,Groceries,Cereal,11,36.57,10.6
2024-02-21,South,Groceries,Snack Pack,10,371.25,102.14
2024-02-22,North,Electronics,Smartwatch,2,1052.78,336.47
2024-02-22,West,Clothing,Sneakers,6,752.95,202.73
2024-02-22,West,Furniture,Bookshelf,1,432.34,64.09
2024-02-22,North,Clothing,Sneakers,10,1450.04,168.08
2024-02-23,South,Stationery,Desk Lamp,1,67.87,5.93
2024-02-23,North,Groceries,Snack Pack,3,39.54,11.77
2024-02-23,East,Electronics,Tablet,4,543.16,89.3
2024-02-23,South,Furniture,Bookshelf,1,675.56,172.16
2024-02-23,West,Clothing,Sneakers,3,282.1,34.79
2024-02-24,North,Clothing,T-Shirt,11,857.67,184.96
2024-02-24,West,Clothing,Jeans,1,36.85,7.08
2024-02-24,West,Clothing,Jeans,2,216.41,60.23
2024-02-24,South,Clothing,Sneakers,1,58.86,4.95
2024-02-24,North,Furniture,Desk,4,768.3,174.92
2024-02-24,North,Electronics,Tablet,2,1508.0,297.66
2024-02-24,Central,Stationery,Backpack,4,155.71,8.94
2024-02-24,North,Groceries,Snack Pack,5,146.34,36.46
2024-02-25,South,Groceries,Organic Juice,7,181.64,57.96
2024-02-25,East,Groceries,Snack Pack,6,104.23,23.38
2024-02-25,East,Stationery,Backpack,1,27.36,7.23
2024-02-25,West,Stationery,Pen Set,8,632.98,47.95
2024-02-26,South,Furniture,Sofa,11,5125.22,774.93
2024-02-26,North,Stationery,Pen Set,7,400.18,131.1
2024-02-26,Central,Stationery,Desk Lamp,10,170.38,17.92
2024-02-26,South,Electronics,Smartphone,9,2223.8,503.84
2024-02-26,Central,Electronics,Tablet,6,7156.62,711.88
2024-02-26,East,Electronics,Tablet,3,3012.01,525.98
2024-02-27,East,Stationery,Sticky Notes,4,190.28,62.6
2024-02-27,Central,Clothing,Jeans,3,114.6,36.17
2024-02-27,East,Electronics,Tablet,10,4586.86,1403.65
2024-02-27,North,Clothing,Jeans,4,366.78,110.74
2024-02-27,North,Stationery,Sticky Notes,1,75.44,10.97
2024-02-28,South,Groceries,Organic Juice,1,4.19,0.77
2024-02-28,East,Furniture,Dining Table,8,1439.68,475.85
2024-02-28,West,Groceries,Coffee,5,148.77,33.61
2024-02-28,East,Furniture,Bookshelf,11,7747.81,2544.1
2024-02-28,Central,Electronics,Laptop,2,752.7,86.3
2024-02-28,North,Groceries,Coffee,7,32.58,3.39
2024-02-28,West,Furniture,Dining Table,4,1273.57,99.34
2024-02-29,East,Clothing,Sneakers,1,90.77,15.86
2024-02-29,East,Furniture,Bookshelf,4,1638.41,83.02
2024-02-29,West,Stationery,Sticky Notes,6,389.08,118.99
2024-02-29,East,Groceries,Coffee,10,325.91,44.01
2024-02-29,West,Stationery,Backpack,11,375.65,115.12
2024-02-29,South,Groceries,Olive Oil,8,272.58,42.64
2024-03-01,West,Groceries,Coffee,11,136.55,27.65
2024-03-01,West,Electronics,Smartphone,1,610.58,196.26
2024-03-01,Central,Clothing,Jeans,6,865.57,57.6
2024-03-01,North,Clothing,Jacket,11,429.86,62.13
2024-03-01,Central,Clothing,Sneakers,2,59.51,7.78
2024-03-01,Central,Groceries,Coffee,5,188.29,13.08
2024-03-01,North,Groceries,Olive Oil,1,3.45,1.0
2024-03-02,South,Stationery,Pen Set,4,80.07,21.88
2024-03-02,Central,Stationery,Sticky Notes,4,219.28,19.29
2024-03-02,North,Stationery,Notebook,4,21.03,5.94
2024-03-02,West,Groceries,Cereal,10,358.5,55.86
2024-03-02,North,Furniture,Sofa,5,3233.74,190.57
2024-03-02,North,Electronics,Tablet,9,7090.45,1596.16
2024-03-02,East,Furniture,Bookshelf,2,1031.45,93.25
2024-03-02,South,Electronics,Tablet,3,1725.64,501.97
2024-03-02,South,Electronics,Headphones,9,1647.9,157.51
2024-03-02,East,Electronics,Smartwatch,10,4406.21,1424.1
2024-03-03,West,Electronics,Headphones,9,5830.64,814.65
2024-03-03,Central,Furniture,Dining Table,4,1455.79,281.2
2024-03-03,North,Furniture,Office Chair,4,1883.8,263.69
2024-03-03,East,Clothing,Cap,6,463.49,73.99
2024-03-04,Central,Electronics,Smartwatch,9,1450.26,446.73
2024-03-04,Central,Stationery,Pen Set,4,309.65,24.24
2024-03-04,East,Furniture,Office Chair,8,6517.25,572.85
2024-03-04,West,Electronics,Tablet,2,254.85,72.31
2024-03-04,East,Groceries,Olive Oil,4,43.29,10.02
2024-03-04,East,Furniture,Desk,9,6780.33,403.12
2024-03-04,West,Stationery,Desk Lamp,5,225.07,40.99
2024-03-04,West,Clothing,T-Shirt,7,974.09,167.94
2024-03-04,North,Furniture,Sofa,6,2299.98,427.2
2024-03-05,North,Electronics,Laptop,1,302.56,70.13
2024-03-05,Central,Stationery,Notebook,3,22.72,5.34
2024-03-05,West,Electronics,Tablet,11,1505.4,475.48
2024-03-05,South,Furniture,Office Chair,5,1744.5,278.9
2024-03-05,North,Stationery,Backpack,8,489.4,124.95
2024-03-05,Central,Clothing,T-Shirt,2,145.56,28.06
2024-03-06,West,Electronics,Laptop,3,3094.69,190.77
2024-03-06,Central,Clothing,Cap,9,841.19,269.0
2024-03-06,South,Clothing,Jacket,11,365.21,80.27
2024-03-06,West,Groceries,Olive Oil,11,88.31,26.45
2024-03-06,North,Furniture,Bookshelf,6,449.27,40.16
2024-03-06,West,Stationery,Notebook,10,490.19,34.41
2024-03-06,West,Stationery,Notebook,2,97.81,14.23
2024-03-06,North,Furniture,Dining Table,6,1946.96,461.07
2024-03-06,North,Stationery,Sticky Notes,5,249.91,53.3
2024-03-06,North,Groceries,Coffee,9,184.15,55.89
2024-03-06,West,Furniture,Sofa,5,1274.27,329.39
2024-03-06,South,Furniture,Sofa,11,8408.85,2879.77
2024-03-07,North,Clothing,Cap,9,321.54,106.34
2024-03-07,Central,Groceries,Organic Juice,4,158.45,10.1
2024-03-07,Central,Furniture,Bookshelf,9,922.62,106.31
2024-03-08,West,Stationery,Desk Lamp,2,125.8,8.75
2024-03-08,South,Clothing,Sneakers,11,473.13,133.87
2024-03-08,Central,Groceries,Cereal,7,103.49,10.54
2024-03-08,South,Electronics,Smartphone,4,3158.03,558.15
2024-03-08,North,Groceries,Snack Pack,3,9.78,0.85
2024-03-08,East,Clothing,Jeans,2,70.93,20.61
2024-03-08,South,Clothing,Jacket,6,620.74,81.56
2024-03-08,South,Clothing,Cap,9,1101.61,94.65
2024-03-09,West,Groceries,Olive Oil,4,13.24,2.84
2024-03-09,Central,Stationery,Sticky Notes,3,221.37,33.47
2024-03-09,North,Stationery,Sticky Notes,4,207.43,62.57
2024-03-09,South,Stationery,Pen Set,3,51.65,17.42
2024-03-09,Central,Electronics,Smartwatch,5,617.3,57.67
2024-03-09,East,Stationery,Sticky Notes,10,396.46,74.76
2024-03-09,North,Electronics,Smartphone,10,10450.85,2673.85
2024-03-09,West,Furniture,Bookshelf,5,3144.84,496.8
2024-03-09,West,Electronics,Tablet,10,2261.61,344.13
2024-03-09,Central,Stationery,Sticky Notes,7,539.8,167.01
2024-03-09,Central,Groceries,Snack Pack,3,91.76,31.09
2024-03-10,East,Stationery,Backpack,9,719.89,215.52
2024-03-10,Central,Groceries,Coffee,1,24.97,6.84
2024-03-10,West,Stationery,Pen Set,9,696.36,61.77
2024-03-10,South,Stationery,Desk Lamp,1,26.1,4.2
2024-03-10,North,Clothing,Jeans,4,372.65,91.23
2024-03-10,East,Groceries,Organic Juice,4,83.27,26.97
2024-03-10,West,Stationery,Notebook,6,203.08,15.01
2024-03-10,East,Stationery,Pen Set,5,247.39,61.58
2024-03-11,East,Electronics,Tablet,3,313.54,76.83
2024-03-11,West,Electronics,Headphones,6,3851.51,421.83
2024-03-11,Central,Clothing,Sneakers,3,84.12,27.13
2024-03-11,North,Groceries,Snack Pack,3,34.81,6.78
2024-03-11,North,Furniture,Dining Table,7,5350.39,516.22
2024-03-11,West,Stationery,Desk Lamp,5,85.9,20.02
2024-03-11,West,Electronics,Headphones,8,3877.71,1314.84
2024-03-11,South,Clothing,Cap,9,1266.16,427.53
2024-03-11,Central,Stationery,Pen Set,11,138.25,36.52
2024-03-11,West,Groceries,Cereal,8,278.3,61.84
2024-03-12,West,Stationery,Backpack,4,100.62,12.2
2024-03-12,Central,Furniture,Bookshelf,7,3074.66,1036.47
2024-03-12,West,Groceries,Organic Juice,8,131.79,20.04
2024-03-12,South,Furniture,Bookshelf,5,2491.32,501.02
2024-03-12,East,Groceries,Coffee,1,24.03,2.91
2024-03-12,West,Groceries,Snack Pack,1,25.36,8.49
2024-03-12,East,Stationery,Sticky Notes,5,331.9,35.73
2024-03-12,South,Electronics,Headphones,6,4532.86,408.45
2024-03-12,North,Furniture,Desk,7,3311.6,268.8
2024-03-12,West,Stationery,Sticky Notes,1,49.92,9.9
2024-03-12,South,Groceries,Organic Juice,6,147.65,14.34
2024-03-12,East,Furniture,Sofa,4,2389.35,319.95
2024-03-13,South,Electronics,Headphones,3,293.14,41.0
2024-03-13,East,Stationery,Backpack,3,214.54,62.71
2024-03-13,North,Furniture,Sofa,7,4618.83,1146.61
2024-03-13,South,Electronics,Laptop,4,3401.28,992.7
2024-03-13,South,Clothing,Cap,11,1456.73,96.91
2024-03-13,South,Groceries,Snack Pack,3,113.51,12.91
2024-03-13,North,Furniture,Sofa,1,135.36,22.07
2024-03-13,North,Groceries,Coffee,10,336.07,21.89
2024-03-14,East,Clothing,Cap,7,691.12,182.88
2024-03-14,East,Stationery,Sticky Notes,4,67.49,7.18
2024-03-14,Central,Furniture,Bookshelf,5,2719.87,326.98
2024-03-14,South,Stationery,Notebook,5,63.85,8.26
2024-03-14,Central,Groceries,Snack Pack,6,114.98,7.72
2024-03-14,East,Stationery,Sticky Notes,9,607.36,71.95
2024-03-14,West,Electronics,Smartwatch,1,735.74,153.34
2024-03-14,Central,Stationery,Sticky Notes,9,170.7,10.44
2024-03-14,Central,Groceries,Snack Pack,7,172.37,56.99
2024-03-14,Central,Clothing,T-Shirt,5,701.52,168.31
2024-03-14,South,Furniture,Desk,2,421.91,78.37
2024-03-15,South,Clothing,Cap,3,298.4,95.18
2024-03-15,East,Furniture,Office Chair,11,4454.16,1428.14
2024-03-15,South,Furniture,Dining Table,9,3444.36,1204.43
2024-03-15,South,Clothing,Jeans,8,572.63,85.27
2024-03-15,East,Electronics,Smartwatch,5,438.63,111.41
2024-03-15,Central,Groceries,Coffee,1,30.77,8.29
2024-03-16,East,Clothing,Jacket,10,630.47,63.48
2024-03-16,South,Clothing,Jacket,4,73.32,20.22
2024-03-16,Central,Clothing,Jeans,11,806.27,121.34
2024-03-16,East,Furniture,Sofa,1,832.35,52.78
2024-03-16,East,Groceries,Coffee,7,173.44,31.6
2024-03-16,North,Furniture,Dining Table,4,1312.56,130.3
2024-03-16,West,Clothing,Jeans,3,369.98,26.32
2024-03-16,East,Electronics,Laptop,7,1817.26,325.08
2024-03-17,West,Furniture,Desk,11,4121.96,831.72
2024-03-17,East,Groceries,Coffee,2,17.41,1.75
2024-03-17,North,Stationery,Notebook,7,275.46,49.59
2024-03-17,East,Electronics,Smartwatch,2,201.95,25.94
2024-03-17,West,Groceries,Olive Oil,6,44.44,3.31
2024-03-17,Central,Clothing,Jeans,7,813.1,267.39
2024-03-17,Central,Furniture,Office Chair,6,5028.01,1005.12
2024-03-17,North,Electronics,Smartphone,6,1598.6,436.62
2024-03-17,East,Stationery,Pen Set,3,117.48,25.67
2024-03-17,South,Furniture,Office Chair,2,739.59,254.14
2024-03-17,Central,Groceries,Cereal,1,4.08,0.36
2024-03-17,North,Furniture,Desk,10,7230.19,427.1
2024-03-17,North,Electronics,Smartwatch,4,1863.42,459.23
2024-03-17,East,Stationery,Pen Set,4,37.95,3.82
2024-03-17,South,Stationery,Desk Lamp,9,564.86,133.93
2024-03-17,East,Clothing,Cap,11,867.28,273.96
2024-03-18,West,Stationery,Notebook,1,5.1,0.6
2024-03-18,East,Electronics,Smartwatch,2,2229.06,686.0
2024-03-18,Central,Furniture,Sofa,1,674.81,189.33
2024-03-18,South,Furniture,Dining Table,7,5347.37,302.1
2024-03-18,North,Clothing,T-Shirt,9,444.86,80.41
2024-03-18,East,Stationery,Desk Lamp,11,492.27,46.86
2024-03-18,North,Furniture,Sofa,4,2346.36,633.75
2024-03-18,North,Furniture,Sofa,9,6652.68,693.32
2024-03-18,South,Stationery,Desk Lamp,10,162.2,9.49
2024-03-18,East,Furniture,Dining Table,6,1547.54,475.95
2024-03-18,West,Clothing,Sneakers,8,358.26,26.84
2024-03-19,Central,Groceries,Cereal,8,57.55,15.26
2024-03-19,North,Groceries,Olive Oil,9,253.52,69.43
2024-03-19,East,Electronics,Headphones,5,5716.92,470.63
2024-03-19,North,Groceries,Cereal,9,139.35,40.92
2024-03-19,East,Furniture,Office Chair,7,4937.0,965.17
2024-03-19,East,Clothing,Cap,10,273.57,38.27
2024-03-19,North,Stationery,Desk Lamp,3,77.62,13.26
2024-03-20,East,Furniture,Office Chair,7,5234.87,1391.33
2024-03-20,West,Clothing,Jeans,11,1546.12,302.77
2024-03-20,North,Electronics,Smartwatch,4,4145.32,379.19
2024-03-20,West,Groceries,Coffee,2,78.36,8.01
2024-03-20,Central,Furniture,Desk,4,1131.15,317.75
2024-03-21,South,Groceries,Organic Juice,8,117.02,20.52
2024-03-21,South,Electronics,Laptop,1,678.98,46.03
2024-03-21,South,Clothing,Sneakers,6,279.08,74.59
2024-03-21,Central,Stationery,Pen Set,8,266.04,21.67
2024-03-21,West,Clothing,Sneakers,3,257.54,35.66
2024-03-21,North,Stationery,Notebook,3,102.82,8.74
2024-03-21,North,Furniture,Office Chair,7,1763.61,581.26
2024-03-21,South,Stationery,Backpack,11,833.26,56.81
2024-03-21,South,Electronics,Laptop,10,6193.92,1048.03
2024-03-21,West,Clothing,Sneakers,11,444.48,69.28
2024-03-21,East,Electronics,Smartphone,2,1286.0,269.13
2024-03-21,East,Furniture,Dining Table,8,5258.77,1773.51
2024-03-22,North,Electronics,Laptop,9,1878.26,270.87
2024-03-22,North,Electronics,Smartwatch,10,5264.38,1305.16
2024-03-22,North,Clothing,Jacket,6,131.26,34.17
2024-03-22,North,Groceries,Coffee,5,101.86,31.87
2024-03-22,East,Clothing,Jeans,3,297.51,50.4
2024-03-22,North,Electronics,Smartwatch,10,2916.99,575.21
2024-03-22,West,Stationery,Desk Lamp,4,281.88,45.51
2024-03-22,South,Clothing,Sneakers,6,691.94,84.13
2024-03-23,South,Furniture,Desk,10,1511.93,327.31
2024-03-23,South,Clothing,Cap,6,869.14,64.07
2024-03-23,Central,Stationery,Pen Set,9,141.63,7.42
2024-03-23,West,Clothing,Cap,4,539.29,34.44
2024-03-23,East,Stationery,Pen Set,4,133.85,40.57
2024-03-23,North,Stationery,Desk Lamp,3,147.55,16.08
2024-03-23,South,Groceries,Organic Juice,1,14.06,2.34
2024-03-23,Central,Groceries,Coffee,6,224.83,44.25
2024-03-24,North,Electronics,Smartphone,10,8859.82,751.85
2024-03-24,West,Electronics,Smartphone,9,9433.49,2840.71
2024-03-24,East,Stationery,Notebook,8,235.75,27.33
2024-03-24,Central,Clothing,Cap,6,859.0,296.75
2024-03-24,Central,Electronics,Smartphone,6,2395.22,441.71
2024-03-24,West,Stationery,Sticky Notes,4,77.8,10.84
2024-03-24,South,Stationery,Sticky Notes,9,395.51,120.05
2024-03-24,East,Clothing,Jacket,11,807.02,273.87
2024-03-25,West,Furniture,Sofa,7,3224.7,896.54
2024-03-25,Central,Clothing,Cap,9,1175.92,68.16
2024-03-25,Central,Electronics,Laptop,11,1459.76,84.86
2024-03-25,Central,Clothing,T-Shirt,3,276.53,60.98
2024-03-25,North,Electronics,Smartwatch,7,7356.77,1126.07
2024-03-25,South,Clothing,Sneakers,8,792.21,101.55
2024-03-26,South,Stationery,Notebook,4,243.52,73.88
2024-03-26,South,Clothing,T-Shirt,5,571.97,161.53
2024-03-26,South,Electronics,Smartphone,7,4730.41,1476.9
2024-03-26,South,Electronics,Smartphone,1,499.21,29.51
2024-03-26,West,Electronics,Laptop,10,4196.69,1445.03
2024-03-26,West,Groceries,Organic Juice,4,41.8,8.92
2024-03-27,West,Furniture,Office Chair,5,2758.23,887.24
2024-03-27,Central,Groceries,Organic Juice,2,47.35,5.17
2024-03-27,East,Groceries,Snack Pack,1,5.11,0.68
2024-03-27,South,Clothing,Sneakers,3,288.21,70.84
2024-03-27,North,Clothing,Jacket,1,69.24,13.04
2024-03-27,East,Furniture,Office Chair,10,6113.75,1586.13
2024-03-27,South,Clothing,Cap,6,417.32,26.78
2024-03-27,North,Furniture,Desk,9,4568.55,1241.0
2024-03-27,North,Electronics,Smartwatch,5,4148.78,943.96
2024-03-27,East,Groceries,Cereal,10,354.3,103.5
2024-03-28,West,Stationery,Backpack,6,406.0,120.69
2024-03-28,Central,Groceries,Cereal,2,22.96,7.68
2024-03-28,West,Clothing,Sneakers,1,111.69,24.48
2024-03-28,Central,Groceries,Olive Oil,8,311.14,63.83
2024-03-28,South,Clothing,T-Shirt,7,238.45,29.21
2024-03-28,South,Electronics,Smartphone,7,3947.39,416.97
2024-03-28,East,Furniture,Office Chair,8,6145.21,1179.66
2024-03-28,Central,Stationery,Sticky Notes,6,146.78,12.07
2024-03-29,South,Clothing,Sneakers,1,57.37,16.04
2024-03-29,North,Groceries,Olive Oil,9,70.13,21.44
2024-03-29,Central,Stationery,Sticky Notes,6,270.42,21.48
2024-03-29,North,Electronics,Smartphone,9,9296.06,863.6
2024-03-29,North,Furniture,Dining Table,2,816.63,109.12
2024-03-29,South,Furniture,Bookshelf,4,1769.03,97.74
2024-03-29,North,Furniture,Office Chair,5,1909.59,517.55
2024-03-29,North,Clothing,Jacket,3,325.84,63.34
2024-03-30,South,Electronics,Tablet,5,1002.49,80.66
2024-03-30,North,Electronics,Headphones,5,2148.8,410.71
2024-03-30,Central,Groceries,Organic Juice,5,139.37,39.83
2024-03-30,Central,Furniture,Dining Table,3,531.62,87.06
2024-03-30,Central,Groceries,Cereal,8,201.85,59.87
2024-03-30,North,Stationery,Pen Set,7,211.94,55.12
2024-03-30,North,Furniture,Sofa,4,1760.18,120.1
2024-03-30,Central,Electronics,Smartphone,6,1706.51,375.4
2024-03-30,South,Groceries,Snack Pack,9,177.93,25.42
2024-03-30,East,Furniture,Dining Table,8,4642.58,626.99
2024-03-31,Central,Furniture,Bookshelf,4,1051.43,333.84
2024-03-31,North,Electronics,Smartphone,1,161.54,43.77
2024-03-31,East,Clothing,Sneakers,7,381.8,30.95
2024-03-31,West,Electronics,Tablet,10,2381.77,758.83
2024-03-31,North,Clothing,T-Shirt,10,533.05,145.16
2024-03-31,West,Stationery,Pen Set,6,129.31,34.89
2024-03-31,Central,Clothing,Cap,5,527.9,88.75
2024-03-31,South,Electronics,Smartwatch,7,2857.61,229.39
2024-04-01,Central,Clothing,Cap,9,278.77,22.64
2024-04-01,West,Stationery,Desk Lamp,1,9.63,1.35
2024-04-01,South,Electronics,Laptop,10,1389.74,96.12
2024-04-01,North,Electronics,Smartphone,2,634.65,95.96
2024-04-01,West,Stationery,Desk Lamp,7,303.53,82.09
2024-04-01,North,Clothing,T-Shirt,9,950.96,326.5
2024-04-01,South,Furniture,Bookshelf,8,1831.38,600.94
2024-04-01,West,Stationery,Pen Set,5,209.98,45.4
2024-04-01,South,Clothing,Sneakers,10,1276.65,268.35
2024-04-01,East,Electronics,Smartphone,10,5803.3,1583.67
2024-04-01,North,Electronics,Smartphone,5,5296.52,1754.39
2024-04-01,West,Furniture,Office Chair,11,2606.44,365.9
2024-04-01,West,Furniture,Sofa,4,424.38,147.04
2024-04-02,North,Furniture,Desk,11,9784.2,1765.81
2024-04-02,West,Clothing,Jacket,6,190.7,52.37
2024-04-02,East,Furniture,Desk,6,2389.99,337.27
2024-04-02,Central,Electronics,Headphones,6,1797.78,550.55
2024-04-02,West,Stationery,Desk Lamp,9,649.34,114.98
2024-04-02,West,Stationery,Sticky Notes,1,32.46,3.96
2024-04-02,Central,Furniture,Office Chair,7,3758.93,521.07
2024-04-02,North,Furniture,Desk,2,1647.0,362.1
2024-04-02,Central,Furniture,Desk,9,5902.02,1545.82
2024-04-02,North,Groceries,Coffee,2,43.57,11.99
2024-04-02,South,Electronics,Headphones,11,3001.43,709.98
2024-04-02,North,Electronics,Headphones,9,2004.06,630.81
2024-04-03,East,Electronics,Smartwatch,6,5430.82,393.53
2024-04-03,West,Stationery,Desk Lamp,5,199.25,33.78
2024-04-03,South,Furniture,Bookshelf,9,7216.97,1067.73
2024-04-03,West,Groceries,Olive Oil,6,154.67,39.21
2024-04-03,East,Stationery,Desk Lamp,7,258.98,52.33
2024-04-03,East,Stationery,Pen Set,8,533.58,165.62
2024-04-03,South,Clothing,T-Shirt,4,192.51,16.4
2024-04-03,Central,Clothing,Sneakers,6,553.0,162.05
2024-04-03,Central,Clothing,Cap,6,790.03,141.1
2024-04-03,South,Furniture,Sofa,7,3652.45,654.31
2024-04-03,Central,Stationery,Desk Lamp,1,62.83,21.91
2024-04-04,South,Furniture,Desk,9,6690.97,1981.2
2024-04-04,South,Stationery,Backpack,5,132.98,41.92
2024-04-04,Central,Stationery,Sticky Notes,6,300.07,15.72
2024-04-04,South,Clothing,Jacket,11,1255.76,299.93
2024-04-04,West,Groceries,Coffee,4,63.12,18.97
2024-04-04,North,Stationery,Sticky Notes,1,72.14,20.42
2024-04-04,North,Stationery,Desk Lamp,7,171.26,55.24
2024-04-05,Central,Clothing,Jacket,9,432.38,95.39
2024-04-05,East,Groceries,Snack Pack,4,59.53,14.62
2024-04-05,North,Furniture,Desk,10,1827.0,195.28
2024-04-05,West,Groceries,Coffee,10,151.91,17.6
2024-04-06,North,Clothing,Sneakers,11,1290.34,449.99
2024-04-06,South,Stationery,Desk Lamp,4,120.91,11.75
2024-04-06,Central,Groceries,Organic Juice,11,63.09,13.08
2024-04-06,South,Furniture,Dining Table,3,2518.04,437.02
2024-04-06,Central,Clothing,T-Shirt,5,671.54,106.68
2024-04-06,North,Groceries,Coffee,7,44.74,3.75
2024-04-06,Central,Electronics,Smartphone,2,1328.36,347.06
2024-04-06,West,Clothing,Sneakers,10,518.87,65.48
2024-04-06,North,Stationery,Sticky Notes,10,694.11,218.86
2024-04-07,East,Furniture,Dining Table,11,9696.33,2120.6
2024-04-07,Central,Stationery,Pen Set,7,115.25,37.94
2024-04-07,East,Groceries,Coffee,10,154.43,42.36
2024-04-07,East,Electronics,Tablet,9,4401.97,1374.96
2024-04-07,North,Clothing,Jeans,6,874.52,61.65
2024-04-07,South,Groceries,Organic Juice,8,168.14,31.98
2024-04-07,South,Clothing,T-Shirt,11,354.0,83.53
2024-04-07,North,Furniture,Desk,4,2492.58,609.64
2024-04-07,Central,Furniture,Desk,3,197.59,63.35
2024-04-08,East,Stationery,Sticky Notes,1,52.53,18.24
2024-04-08,Central,Clothing,Sneakers,1,94.98,30.67
2024-04-08,North,Furniture,Bookshelf,3,1574.21,406.49
2024-04-08,East,Clothing,Jeans,6,421.89,99.6
2024-04-08,North,Groceries,Coffee,3,103.89,21.95
2024-04-08,West,Stationery,Desk Lamp,11,501.81,167.32
2024-04-08,West,Furniture,Office Chair,5,2238.07,476.5
2024-04-08,Central,Stationery,Pen Set,6,446.15,40.0
2024-04-08,North,Groceries,Coffee,8,185.55,25.04
2024-04-09,Central,Clothing,Sneakers,11,757.27,98.98
2024-04-09,North,Stationery,Pen Set,7,337.52,25.76
2024-04-09,East,Furniture,Office Chair,3,1686.86,374.6
2024-04-09,West,Groceries,Organic Juice,2,73.95,20.39
2024-04-09,North,Stationery,Pen Set,2,38.33,8.17
2024-04-09,West,Clothing,Jacket,3,62.45,9.37
2024-04-09,East,Groceries,Organic Juice,4,23.47,4.06
2024-04-09,East,Groceries,Cereal,4,107.2,13.28
2024-04-09,North,Furniture,Dining Table,11,7617.07,1417.96
2024-04-09,North,Furniture,Sofa,9,7267.34,2010.01
2024-04-09,South,Stationery,Pen Set,6,150.8,42.24
2024-04-09,West,Electronics,Smartphone,9,4485.37,475.81
2024-04-10,South,Electronics,Tablet,10,1074.18,364.0
2024-04-10,South,Stationery,Backpack,11,616.46,43.49
2024-04-10,East,Electronics,Smartwatch,8,3078.9,577.37
2024-04-10,East,Electronics,Laptop,9,3951.59,813.37
2024-04-10,South,Clothing,T-Shirt,5,435.26,139.13
2024-04-10,West,Groceries,Coffee,6,189.58,59.5
2024-04-10,North,Clothing,T-Shirt,9,534.45,93.68
2024-04-10,North,Electronics,Headphones,9,8800.56,1493.74
2024-04-10,Central,Groceries,Coffee,6,110.24,8.53
2024-04-10,Central,Furniture,Desk,4,1432.85,447.66
2024-04-11,North,Electronics,Laptop,7,1909.18,359.91
2024-04-11,North,Furniture,Dining Table,5,2273.34,381.15
2024-04-11,West,Stationery,Desk Lamp,7,445.6,57.67
2024-04-11,West,Electronics,Smartwatch,5,1880.54,177.76
2024-04-11,North,Clothing,Jacket,6,889.2,100.57
2024-04-11,East,Clothing,Cap,11,545.0,44.19
2024-04-11,South,Clothing,Jacket,5,94.82,32.43
2024-04-11,West,Furniture,Dining Table,5,1704.66,332.44
2024-04-11,Central,Clothing,Cap,8,318.76,93.57
2024-04-11,East,Electronics,Headphones,11,7576.02,2109.2
2024-04-11,South,Clothing,Jacket,8,940.09,193.4
2024-04-11,Central,Furniture,Desk,3,2684.98,521.53
2024-04-12,South,Electronics,Laptop,10,3727.55,536.47
2024-04-12,West,Clothing,Jacket,2,215.99,29.62
2024-04-12,West,Furniture,Dining Table,4,2378.31,608.79
2024-04-12,East,Furniture,Sofa,5,1485.75,181.19
2024-04-12,West,Stationery,Backpack,5,197.22,45.43
2024-04-12,Central,Electronics,Headphones,1,205.75,67.36
2024-04-12,South,Stationery,Backpack,10,781.34,144.13
2024-04-12,East,Stationery,Desk Lamp,10,785.19,250.02
2024-04-12,Central,Clothing,Sneakers,2,228.49,50.45
2024-04-13,South,Electronics,Headphones,8,5335.9,433.2
2024-04-13,Central,Groceries,Cereal,1,12.51,2.91
2024-04-13,South,Stationery,Backpack,9,254.16,45.57
2024-04-13,Central,Clothing,Jacket,8,600.0,203.99
2024-04-13,North,Electronics,Smartwatch,5,5043.42,1240.17
2024-04-13,North,Groceries,Organic Juice,11,193.75,43.24
2024-04-13,East,Electronics,Laptop,8,6501.2,701.83
2024-04-13,Central,Groceries,Snack Pack,5,126.31,14.87
2024-04-13,Central,Groceries,Snack Pack,3,15.3,2.15
2024-04-13,North,Clothing,Jeans,8,897.85,189.47
2024-04-14,West,Stationery,Backpack,6,434.83,144.79
2024-04-14,South,Clothing,Jeans,3,388.07,48.0
2024-04-14,South,Stationery,Notebook,10,460.79,148.14
2024-04-14,West,Furniture,Sofa,5,2537.75,809.44
2024-04-14,South,Clothing,T-Shirt,2,95.04,24.31
2024-04-14,South,Groceries,Coffee,1,17.74,2.24
2024-04-14,South,Furniture,Bookshelf,3,205.53,54.92
2024-04-15,East,Furniture,Bookshelf,8,1730.74,531.41
2024-04-15,West,Electronics,Smartphone,2,303.38,44.62
2024-04-15,West,Furniture,Dining Table,7,3077.05,437.71
2024-04-15,South,Clothing,T-Shirt,9,893.3,45.66
2024-04-15,South,Electronics,Tablet,3,1003.42,249.29
2024-04-15,North,Groceries,Snack Pack,7,70.39,13.23
2024-04-15,Central,Clothing,Jeans,6,765.5,216.44
2024-04-15,North,Furniture,Desk,5,3971.2,938.07
2024-04-15,Central,Clothing,T-Shirt,10,1376.16,163.51
2024-04-16,South,Furniture,Dining Table,9,5056.25,602.23
2024-04-16,South,Electronics,Smartphone,9,4871.47,817.02
2024-04-16,Central,Groceries,Cereal,7,202.46,13.98
2024-04-16,West,Stationery,Backpack,8,489.77,155.07
2024-04-16,West,Clothing,T-Shirt,2,242.58,35.59
2024-04-16,North,Groceries,Snack Pack,6,195.35,57.25
2024-04-16,North,Groceries,Coffee,11,117.66,21.45
2024-04-16,East,Furniture,Bookshelf,2,783.7,158.95
2024-04-16,Central,Stationery,Sticky Notes,8,143.75,37.5
2024-04-16,North,Clothing,Jacket,5,572.14,176.12
2024-04-17,South,Clothing,Cap,9,1187.84,123.34
2024-04-17,West,Furniture,Dining Table,7,4506.12,1011.7
2024-04-17,North,Clothing,Cap,10,1273.34,336.75
2024-04-17,South,Electronics,Tablet,2,1067.44,73.9
2024-04-17,North,Stationery,Sticky Notes,4,301.13,24.96
2024-04-17,South,Clothing,Cap,7,647.5,100.34
2024-04-17,North,Stationery,Pen Set,3,77.53,13.21
2024-04-17,West,Clothing,Jacket,3,440.24,106.45
2024-04-18,North,Electronics,Smartphone,8,4365.37,1164.33
2024-04-18,West,Furniture,Dining Table,7,3461.54,418.01
2024-04-18,South,Clothing,T-Shirt,4,106.89,8.5
2024-04-19,East,Stationery,Notebook,8,545.84,109.89
2024-04-19,South,Groceries,Organic Juice,11,222.14,75.17
2024-04-19,South,Groceries,Olive Oil,6,193.32,44.01
2024-04-19,West,Clothing,Sneakers,2,138.87,36.63
2024-04-19,Central,Electronics,Smartphone,7,2943.94,983.6
2024-04-19,South,Groceries,Cereal,3,67.04,6.28
2024-04-19,South,Groceries,Coffee,5,28.8,4.9
2024-04-19,East,Clothing,Jeans,2,288.85,42.76
2024-04-19,Central,Groceries,Olive Oil,6,226.67,34.02
2024-04-20,South,Stationery,Notebook,6,342.37,40.48
2024-04-20,North,Stationery,Notebook,9,697.07,229.61
2024-04-20,West,Stationery,Pen Set,2,146.48,43.35
2024-04-20,South,Groceries,Cereal,1,9.66,3.1
2024-04-20,North,Electronics,Laptop,8,5815.58,566.97
2024-04-20,South,Groceries,Olive Oil,4,71.94,8.6
2024-04-20,East,Electronics,Laptop,6,988.82,316.59
2024-04-20,South,Clothing,Cap,7,628.05,142.3
2024-04-20,East,Furniture,Office Chair,7,4763.84,1194.31
2024-04-20,East,Stationery,Sticky Notes,9,532.76,56.85
2024-04-21,Central,Stationery,Desk Lamp,1,37.07,11.24
2024-04-21,Central,Electronics,Headphones,1,701.83,50.46
2024-04-21,Central,Furniture,Sofa,6,2194.05,666.63
2024-04-21,West,Electronics,Laptop,9,5352.61,573.9
2024-04-21,Central,Stationery,Sticky Notes,2,39.85,7.51
2024-04-21,South,Clothing,Cap,3,379.25,90.53
2024-04-21,East,Groceries,Olive Oil,6,140.24,31.46
2024-04-21,Central,Clothing,Jeans,6,344.72,109.43
2024-04-21,East,Furniture,Sofa,7,2279.97,375.72
2024-04-22,West,Groceries,Coffee,6,85.71,22.27
2024-04-22,West,Furniture,Office Chair,5,1518.21,462.19
2024-04-22,Central,Groceries,Cereal,2,72.61,4.59
2024-04-22,Central,Furniture,Sofa,1,221.11,51.47
2024-04-22,West,Clothing,Jeans,9,625.28,119.44
2024-04-22,Central,Groceries,Coffee,9,177.37,15.62
2024-04-22,East,Groceries,Coffee,3,40.39,2.55
2024-04-22,West,Clothing,Jacket,11,870.51,186.88
2024-04-22,East,Furniture,Desk,8,3424.73,561.8
2024-04-23,East,Clothing,Jacket,10,1384.91,282.99
2024-04-23,South,Groceries,Organic Juice,4,132.22,42.29
2024-04-23,East,Electronics,Laptop,4,920.41,226.26
2024-04-23,South,Furniture,Desk,3,625.45,147.4
2024-04-23,North,Clothing,Jeans,10,625.79,60.7
2024-04-23,North,Furniture,Dining Table,11,3427.9,842.18
2024-04-23,South,Groceries,Cereal,6,166.2,20.5
2024-04-24,Central,Clothing,Jacket,6,375.13,41.3
2024-04-24,South,Groceries,Olive Oil,3,112.4,6.27
2024-04-24,South,Clothing,Sneakers,5,204.81,64.61
2024-04-25,Central,Electronics,Smartwatch,3,2678.32,709.8
2024-04-25,Central,Furniture,Sofa,5,1625.32,276.78
2024-04-25,Central,Groceries,Organic Juice,8,145.22,31.47
2024-04-25,East,Clothing,Sneakers,8,531.22,103.29
2024-04-25,Central,Groceries,Olive Oil,4,40.36,2.35
2024-04-26,Central,Furniture,Bookshelf,4,964.02,165.95
2024-04-26,South,Stationery,Sticky Notes,6,357.51,22.42
2024-04-26,South,Furniture,Dining Table,10,8163.78,837.27
2024-04-26,North,Stationery,Desk Lamp,6,467.49,76.26
2024-04-27,South,Clothing,Jacket,2,107.68,25.71
2024-04-27,Central,Stationery,Pen Set,9,631.69,180.56
2024-04-27,South,Electronics,Tablet,10,6140.11,1941.61
2024-04-27,West,Clothing,Cap,6,564.37,143.02
2024-04-27,Central,Clothing,Cap,3,130.09,33.55
2024-04-27,South,Groceries,Organic Juice,2,22.91,5.54
2024-04-27,South,Clothing,T-Shirt,11,967.22,57.78
2024-04-27,West,Clothing,Cap,10,1326.48,134.65
2024-04-27,West,Clothing,Sneakers,3,311.38,78.39
2024-04-27,East,Clothing,Cap,1,116.13,20.34
2024-04-27,West,Groceries,Coffee,11,208.6,62.47
2024-04-27,South,Electronics,Tablet,9,9726.69,685.87
2024-04-27,Central,Furniture,Sofa,6,732.8,55.63
2024-04-28,East,Clothing,Cap,3,276.55,49.76
2024-04-28,West,Stationery,Sticky Notes,4,67.35,16.21
2024-04-28,East,Stationery,Notebook,6,472.02,46.38
2024-04-28,Central,Groceries,Organic Juice,3,114.72,28.71
2024-04-28,East,Clothing,T-Shirt,10,390.13,42.31
2024-04-28,Central,Stationery,Pen Set,9,464.79,150.07
2024-04-28,East,Clothing,Sneakers,3,225.24,21.56
2024-04-28,West,Furniture,Dining Table,10,3384.97,898.85
2024-04-28,East,Stationery,Sticky Notes,2,69.61,23.64
2024-04-29,South,Furniture,Office Chair,9,3939.77,1366.07
2024-04-29,East,Clothing,T-Shirt,5,627.52,100.09
2024-04-29,East,Electronics,Headphones,6,1126.76,66.7
2024-04-29,South,Groceries,Coffee,7,198.72,35.16
2024-04-29,North,Electronics,Smartwatch,1,1030.79,101.54
2024-04-30,North,Electronics,Smartphone,9,4669.86,1358.55
2024-04-30,East,Furniture,Bookshelf,6,3536.4,948.05
2024-04-30,Central,Furniture,Dining Table,2,948.9,230.98
2024-04-30,Central,Furniture,Desk,1,466.3,157.54
2024-04-30,West,Furniture,Office Chair,3,2256.44,749.62
2024-04-30,South,Stationery,Desk Lamp,7,170.78,47.66
2024-04-30,Central,Furniture,Desk,4,1634.39,191.73
2024-05-01,North,Clothing,Jeans,6,559.66,154.62
2024-05-01,East,Stationery,Backpack,4,236.55,70.08
2024-05-01,Central,Furniture,Sofa,11,5845.39,430.19
2024-05-01,West,Clothing,T-Shirt,8,654.58,139.47
2024-05-01,East,Stationery,Notebook,11,498.43,130.0
2024-05-01,South,Electronics,Headphones,3,1003.46,222.55
2024-05-01,North,Furniture,Desk,4,310.75,36.81
2024-05-01,North,Stationery,Pen Set,5,227.73,24.68
2024-05-01,North,Furniture,Desk,11,1457.46,160.63
2024-05-01,East,Furniture,Dining Table,11,7778.85,2188.72
2024-05-01,North,Furniture,Office Chair,5,4183.94,284.35
2024-05-02,South,Clothing,T-Shirt,11,388.56,44.7
2024-05-02,West,Groceries,Olive Oil,8,112.53,28.88
2024-05-03,Central,Groceries,Cereal,11,271.52,24.15
2024-05-03,South,Electronics,Headphones,4,4154.96,692.15
2024-05-03,South,Electronics,Smartphone,7,6552.23,933.73
2024-05-03,East,Stationery,Desk Lamp,11,798.86,172.12
2024-05-03,East,Electronics,Tablet,8,3621.34,821.32
2024-05-03,North,Furniture,Office Chair,8,6193.29,1515.39
2024-05-03,West,Clothing,Cap,10,658.51,182.48
2024-05-03,East,Furniture,Sofa,6,2045.56,362.16
2024-05-03,North,Clothing,Sneakers,9,1082.73,163.97
2024-05-04,South,Stationery,Sticky Notes,10,363.58,69.81
2024-05-04,North,Groceries,Coffee,7,99.39,14.28
2024-05-04,South,Stationery,Pen Set,10,231.75,48.34
2024-05-04,East,Furniture,Sofa,4,2002.45,696.81
2024-05-05,South,Electronics,Smartphone,6,7019.22,645.03
2024-05-05,Central,Furniture,Office Chair,7,4865.31,1308.52
2024-05-05,South,Stationery,Notebook,5,163.66,15.6
2024-05-05,East,Clothing,Sneakers,5,682.92,85.34
2024-05-05,West,Furniture,Office Chair,6,4720.14,598.24
2024-05-05,East,Electronics,Tablet,8,2985.64,601.37
2024-05-05,North,Clothing,T-Shirt,5,587.66,89.65
2024-05-05,West,Stationery,Desk Lamp,2,103.98,33.82
2024-05-05,East,Electronics,Tablet,7,4118.18,397.68
2024-05-06,North,Stationery,Backpack,6,284.36,44.81
2024-05-06,East,Groceries,Snack Pack,6,138.42,13.85
2024-05-06,South,Electronics,Smartphone,10,11118.28,1626.29
2024-05-06,Central,Groceries,Organic Juice,11,212.29,65.4
2024-05-06,South,Furniture,Bookshelf,5,3801.42,564.27
2024-05-06,South,Electronics,Tablet,11,5493.04,1017.6
2024-05-06,West,Groceries,Olive Oil,6,85.56,27.96
2024-05-06,North,Groceries,Olive Oil,9,106.85,26.51
2024-05-07,South,Stationery,Notebook,10,340.81,47.47
2024-05-07,North,Groceries,Organic Juice,10,63.83,12.2
2024-05-07,Central,Groceries,Olive Oil,7,265.54,71.15
2024-05-07,North,Furniture,Bookshelf,7,4005.71,510.16
2024-05-07,West,Electronics,Smartwatch,11,6644.74,674.32
2024-05-07,Central,Stationery,Pen Set,4,192.12,65.99
2024-05-07,East,Stationery,Sticky Notes,3,40.97,10.05
2024-05-07,South,Groceries,Snack Pack,8,245.77,74.0
2024-05-07,East,Clothing,T-Shirt,4,145.61,7.73
2024-05-08,West,Groceries,Snack Pack,11,99.57,6.63
2024-05-08,South,Stationery,Sticky Notes,10,621.93,118.24
2024-05-08,East,Electronics,Smartwatch,3,1132.7,278.15
2024-05-08,East,Clothing,Jeans,8,1187.21,223.99
2024-05-08,South,Groceries,Coffee,6,176.98,35.95
2024-05-08,North,Groceries,Snack Pack,9,335.64,61.24
2024-05-08,West,Groceries,Olive Oil,10,248.22,62.77
2024-05-08,Central,Stationery,Notebook,7,361.58,99.6
2024-05-09,Central,Stationery,Pen Set,5,336.33,50.96
2024-05-09,West,Stationery,Sticky Notes,7,541.96,48.35
2024-05-09,North,Stationery,Pen Set,6,222.36,32.02
2024-05-09,West,Clothing,T-Shirt,4,192.49,51.15
2024-05-09,North,Electronics,Smartphone,7,7200.47,932.87
2024-05-09,East,Furniture,Office Chair,5,3630.65,804.65
2024-05-09,North,Clothing,Cap,3,214.6,12.71
2024-05-09,South,Furniture,Sofa,10,3035.37,975.06
2024-05-09,South,Groceries,Organic Juice,2,30.1,1.9
2024-05-09,Central,Clothing,Jeans,9,714.59,68.15
2024-05-09,East,Electronics,Tablet,1,656.61,137.24
2024-05-09,East,Electronics,Smartphone,8,8199.27,2363.9
2024-05-09,North,Stationery,Sticky Notes,1,30.4,9.24
2024-05-09,North,Clothing,T-Shirt,8,829.28,140.15
2024-05-10,East,Furniture,Office Chair,10,7825.23,2568.14
2024-05-10,South,Stationery,Desk Lamp,11,130.56,44.21
2024-05-10,Central,Groceries,Snack Pack,1,34.36,4.34
2024-05-10,North,Groceries,Snack Pack,6,145.97,44.94
2024-05-10,West,Stationery,Desk Lamp,6,193.03,14.0
2024-05-11,South,Groceries,Organic Juice,11,159.02,23.74
2024-05-11,West,Furniture,Office Chair,6,4439.51,508.68
2024-05-11,Central,Furniture,Office Chair,11,3277.26,818.06
2024-05-11,West,Stationery,Pen Set,6,367.22,30.26
2024-05-11,South,Stationery,Backpack,4,150.66,18.55
2024-05-11,North,Clothing,T-Shirt,8,1128.7,161.65
2024-05-11,West,Furniture,Bookshelf,8,2180.41,324.49
2024-05-11,East,Furniture,Bookshelf,1,843.6,122.39
2024-05-11,South,Stationery,Notebook,5,115.16,6.06
2024-05-11,East,Stationery,Pen Set,7,104.48,19.4
2024-05-11,East,Stationery,Sticky Notes,7,52.3,16.83
2024-05-11,West,Stationery,Notebook,9,92.86,29.18
2024-05-12,South,Electronics,Laptop,3,1467.9,457.24
2024-05-12,East,Groceries,Cereal,1,34.89,3.76
2024-05-12,East,Clothing,Jacket,11,1244.61,427.78
2024-05-12,Central,Electronics,Smartphone,8,2670.74,651.9
2024-05-12,Central,Clothing,T-Shirt,7,757.63,203.78
2024-05-12,East,Stationery,Sticky Notes,2,101.93,15.42
2024-05-13,Central,Stationery,Pen Set,6,430.88,137.24
2024-05-14,South,Furniture,Desk,5,3290.2,441.47
2024-05-14,South,Groceries,Organic Juice,1,32.46,2.92
2024-05-14,South,Clothing,T-Shirt,9,151.6,33.46
2024-05-14,South,Clothing,Cap,2,76.95,21.41
2024-05-14,North,Electronics,Smartphone,7,5896.19,1732.9
2024-05-14,West,Clothing,Jacket,4,171.65,23.26
2024-05-14,East,Groceries,Cereal,11,163.78,35.16
2024-05-14,West,Clothing,Jacket,1,72.09,4.01
2024-05-15,West,Stationery,Notebook,5,173.77,59.03
2024-05-15,Central,Groceries,Olive Oil,4,121.22,30.58
2024-05-15,South,Clothing,Jacket,7,232.9,46.24
2024-05-15,Central,Furniture,Desk,10,3801.97,1234.72
2024-05-15,South,Furniture,Dining Table,10,2735.08,439.03
2024-05-15,West,Groceries,Coffee,4,139.45,36.48
2024-05-15,East,Electronics,Smartwatch,9,10200.36,3251.24
2024-05-15,North,Groceries,Coffee,7,102.02,22.45
2024-05-15,West,Electronics,Tablet,9,6980.38,1974.78
2024-05-16,South,Furniture,Desk,4,879.32,272.83
2024-05-16,North,Electronics,Smartphone,5,4102.25,934.53
2024-05-16,East,Groceries,Cereal,7,107.36,8.96
2024-05-16,North,Furniture,Desk,6,776.39,170.04
2024-05-16,North,Clothing,Sneakers,10,997.32,64.79
2024-05-16,South,Stationery,Notebook,5,195.49,25.77
2024-05-16,North,Stationery,Pen Set,4,154.21,22.94
2024-05-16,West,Clothing,T-Shirt,6,589.97,47.53
2024-05-16,West,Groceries,Organic Juice,8,182.0,35.83
2024-05-16,South,Electronics,Smartphone,1,884.76,88.01
2024-05-16,Central,Groceries,Olive Oil,4,129.93,16.19
2024-05-17,Central,Groceries,Organic Juice,11,79.78,10.34
2024-05-17,West,Furniture,Office Chair,11,4593.06,1416.17
2024-05-17,South,Furniture,Office Chair,7,1796.37,547.91
2024-05-17,East,Electronics,Headphones,4,2131.22,133.19
2024-05-17,East,Furniture,Sofa,8,5877.59,1369.55
2024-05-17,West,Electronics,Headphones,3,1598.7,357.49
2024-05-17,East,Clothing,Jacket,4,242.47,79.71
2024-05-17,Central,Electronics,Headphones,5,1222.46,62.52
2024-05-18,East,Furniture,Bookshelf,5,2129.97,422.76
2024-05-18,South,Electronics,Laptop,11,5895.29,991.69
2024-05-18,Central,Stationery,Sticky Notes,4,241.9,18.21
2024-05-18,East,Electronics,Laptop,11,10781.08,3252.77
2024-05-18,South,Clothing,Cap,8,213.24,48.63
2024-05-18,East,Clothing,Jeans,8,709.65,183.29
2024-05-18,Central,Electronics,Headphones,9,5217.01,550.55
2024-05-18,West,Stationery,Pen Set,3,123.53,13.36
2024-05-18,Central,Electronics,Smartphone,9,9809.88,2677.36
2024-05-19,South,Groceries,Organic Juice,6,29.45,9.26
2024-05-19,South,Stationery,Backpack,4,20.9,6.94
2024-05-19,West,Furniture,Office Chair,3,2315.04,479.15
2024-05-19,West,Stationery,Pen Set,4,271.3,41.88
2024-05-19,East,Furniture,Sofa,1,201.02,58.14
2024-05-19,South,Clothing,Cap,6,761.11,87.11
2024-05-19,East,Furniture,Dining Table,11,1486.16,477.23
2024-05-19,South,Stationery,Pen Set,3,121.4,16.9
2024-05-19,Central,Clothing,Sneakers,6,461.01,101.18
2024-05-19,Central,Groceries,Cereal,6,145.77,30.1
2024-05-19,West,Clothing,Jacket,4,510.93,127.41
2024-05-20,Central,Stationery,Desk Lamp,5,53.63,3.23
2024-05-20,South,Electronics,Laptop,8,802.27,45.65
2024-05-20,North,Groceries,Olive Oil,11,406.5,118.49
2024-05-20,West,Clothing,T-Shirt,2,207.65,29.44
2024-05-20,North,Groceries,Coffee,10,247.23,85.89
2024-05-20,West,Groceries,Snack Pack,1,23.27,7.24
2024-05-20,South,Electronics,Smartphone,2,315.24,87.29
2024-05-21,South,Groceries,Snack Pack,1,39.55,6.62
2024-05-21,North,Furniture,Dining Table,11,5440.17,1017.72
2024-05-21,North,Furniture,Sofa,9,2256.13,775.15
2024-05-21,West,Clothing,Cap,2,126.42,14.96
2024-05-21,East,Clothing,Sneakers,11,1227.28,107.68
2024-05-21,South,Clothing,Jacket,4,336.59,101.27
2024-05-21,West,Groceries,Organic Juice,2,37.67,8.05
2024-05-21,West,Electronics,Smartwatch,5,5263.47,323.75
2024-05-22,Central,Clothing,Sneakers,3,410.93,45.98
2024-05-22,North,Electronics,Laptop,11,11550.74,3790.39
2024-05-22,East,Electronics,Headphones,5,1174.73,226.5
2024-05-22,South,Stationery,Desk Lamp,3,16.64,5.03
2024-05-22,West,Furniture,Desk,8,6984.03,1386.53
2024-05-22,West,Stationery,Sticky Notes,9,606.03,181.54
2024-05-22,East,Stationery,Sticky Notes,8,438.23,136.44
2024-05-22,North,Furniture,Office Chair,11,4146.75,248.32
2024-05-23,East,Furniture,Bookshelf,8,6722.33,1457.17
2024-05-23,East,Electronics,Tablet,2,1469.54,307.91
2024-05-23,South,Groceries,Snack Pack,7,275.76,82.2
2024-05-23,West,Groceries,Organic Juice,10,52.05,7.03
2024-05-23,Central,Clothing,T-Shirt,1,96.43,30.57
2024-05-23,East,Stationery,Backpack,3,195.59,21.55
2024-05-24,North,Clothing,Sneakers,2,112.88,19.67
2024-05-24,West,Stationery,Desk Lamp,9,672.9,125.77
2024-05-24,East,Furniture,Office Chair,11,3141.44,832.81
2024-05-24,North,Stationery,Pen Set,4,210.34,10.6
2024-05-24,Central,Electronics,Smartwatch,1,435.94,102.34
2024-05-25,North,Clothing,Jeans,3,61.28,18.56
2024-05-25,North,Furniture,Desk,10,2744.15,484.88
2024-05-25,East,Clothing,Sneakers,3,436.79,124.23
2024-05-25,South,Furniture,Office Chair,6,2007.73,692.29
2024-05-25,South,Groceries,Snack Pack,7,187.04,38.19
2024-05-25,Central,Groceries,Snack Pack,2,9.74,0.55
2024-05-25,Central,Furniture,Office Chair,9,6688.12,587.89
2024-05-25,South,Groceries,Snack Pack,8,272.88,47.45
2024-05-25,East,Groceries,Snack Pack,2,39.31,6.35
2024-05-25,Central,Furniture,Sofa,2,952.83,309.41
2024-05-25,West,Clothing,T-Shirt,6,168.03,10.8
2024-05-25,East,Furniture,Dining Table,6,5151.38,985.5
2024-05-26,South,Groceries,Organic Juice,1,19.3,4.68
2024-05-26,South,Groceries,Organic Juice,11,227.57,29.99
2024-05-26,Central,Electronics,Headphones,11,1448.4,159.46
2024-05-26,East,Groceries,Organic Juice,4,114.05,30.04
2024-05-26,North,Clothing,Cap,10,968.81,203.53
2024-05-26,East,Stationery,Backpack,2,121.51,17.88
2024-05-26,East,Stationery,Pen Set,7,250.08,58.44
2024-05-27,Central,Electronics,Laptop,5,1237.89,106.28
2024-05-27,West,Electronics,Smartwatch,9,1562.16,443.21
2024-05-27,Central,Stationery,Notebook,10,685.68,73.75
2024-05-27,Central,Electronics,Smartwatch,11,7347.59,1546.29
2024-05-27,West,Groceries,Coffee,7,47.52,15.17
2024-05-27,North,Clothing,Jacket,8,124.96,21.95
2024-05-27,East,Groceries,Organic Juice,2,11.91,3.58
2024-05-27,South,Clothing,Cap,6,626.09,159.9
2024-05-27,Central,Clothing,Cap,3,80.54,24.22
2024-05-27,East,Stationery,Notebook,2,100.95,10.12
2024-05-27,West,Stationery,Notebook,1,64.98,3.96
2024-05-28,Central,Groceries,Organic Juice,3,29.09,4.34
2024-05-28,West,Stationery,Desk Lamp,10,705.35,176.86
2024-05-28,Central,Furniture,Bookshelf,8,3980.28,228.32
2024-05-28,Central,Clothing,Jacket,9,1079.74,79.91
2024-05-28,South,Stationery,Pen Set,5,48.77,12.7
2024-05-28,South,Clothing,Jeans,5,641.22,161.27
2024-05-28,Central,Groceries,Snack Pack,8,317.3,64.98
2024-05-28,South,Clothing,Sneakers,10,1345.1,467.86
2024-05-28,East,Stationery,Desk Lamp,9,148.8,41.36
2024-05-28,North,Groceries,Olive Oil,6,184.02,61.38
2024-05-28,East,Electronics,Smartwatch,10,7406.15,1923.61
2024-05-28,Central,Stationery,Pen Set,5,201.37,28.33
2024-05-28,Central,Furniture,Sofa,5,2283.81,604.79
2024-05-29,Central,Furniture,Dining Table,10,1803.32,201.86
2024-05-29,West,Furniture,Sofa,1,164.78,29.63
2024-05-29,North,Groceries,Olive Oil,7,184.04,60.77
2024-05-29,West,Stationery,Desk Lamp,6,236.84,39.87
2024-05-29,North,Groceries,Snack Pack,9,276.66,32.6
2024-05-29,North,Stationery,Notebook,11,633.82,208.66
2024-05-29,West,Groceries,Olive Oil,10,33.96,11.68
2024-05-29,South,Furniture,Sofa,9,7322.16,1757.87
2024-05-29,East,Groceries,Snack Pack,5,158.61,50.78
2024-05-29,North,Clothing,Sneakers,1,53.75,16.01
2024-05-30,Central,Stationery,Notebook,10,88.67,16.26
2024-05-30,Central,Furniture,Bookshelf,5,2440.05,136.4
2024-05-30,West,Groceries,Snack Pack,11,148.04,25.95
2024-05-30,East,Groceries,Snack Pack,1,34.96,3.84
2024-05-30,West,Furniture,Sofa,4,348.49,32.65
2024-05-30,West,Furniture,Dining Table,5,3380.71,253.77
2024-05-30,South,Electronics,Laptop,7,1281.41,252.26
2024-05-30,South,Electronics,Headphones,10,4728.65,1540.68
2024-05-31,West,Stationery,Notebook,6,379.64,114.61
2024-05-31,East,Electronics,Smartphone,8,7567.51,1057.8
2024-05-31,East,Stationery,Pen Set,1,74.47,13.86
2024-05-31,East,Clothing,Jeans,5,731.72,144.03
2024-05-31,South,Furniture,Bookshelf,7,4154.69,722.99
2024-05-31,East,Groceries,Olive Oil,8,141.82,8.51
2024-05-31,West,Electronics,Tablet,9,10401.45,3097.71
2024-06-01,East,Stationery,Backpack,9,66.19,10.86
2024-06-01,North,Clothing,Cap,2,168.34,12.52
2024-06-01,Central,Electronics,Tablet,9,1946.69,535.26
2024-06-01,South,Electronics,Tablet,10,1116.19,273.27
2024-06-01,Central,Stationery,Desk Lamp,3,227.56,29.04
2024-06-01,Central,Clothing,Jacket,11,219.89,73.59
2024-06-02,East,Clothing,Cap,7,263.6,38.85
2024-06-02,North,Groceries,Cereal,1,37.52,4.17
2024-06-02,East,Electronics,Smartwatch,5,3001.62,525.89
2024-06-03,East,Electronics,Smartphone,6,5510.57,651.98
2024-06-03,West,Stationery,Backpack,5,259.09,27.75
2024-06-03,West,Electronics,Smartphone,11,7178.83,1073.11
2024-06-03,South,Electronics,Tablet,11,7726.01,2676.02
2024-06-03,West,Stationery,Notebook,7,35.51,6.98
2024-06-03,West,Electronics,Laptop,7,1125.79,64.7
2024-06-03,South,Clothing,Cap,6,611.85,59.26
2024-06-03,South,Furniture,Sofa,9,7129.42,735.71
2024-06-03,South,Electronics,Tablet,9,2056.28,303.79
2024-06-03,West,Groceries,Snack Pack,9,88.59,25.87
2024-06-03,North,Stationery,Desk Lamp,5,266.48,22.63
2024-06-03,North,Stationery,Backpack,3,140.07,14.64
2024-06-04,East,Stationery,Sticky Notes,6,370.61,100.93
2024-06-04,West,Groceries,Coffee,8,140.46,27.45
2024-06-04,East,Furniture,Sofa,7,2771.44,704.88
2024-06-04,North,Stationery,Pen Set,2,66.37,6.72
2024-06-04,East,Clothing,Cap,8,258.41,33.46
2024-06-04,Central,Stationery,Desk Lamp,8,322.42,76.11
2024-06-04,Central,Furniture,Office Chair,3,589.88,126.24
2024-06-04,South,Clothing,Cap,5,647.43,80.11
2024-06-05,West,Stationery,Sticky Notes,6,151.43,39.24
2024-06-05,North,Groceries,Olive Oil,9,35.83,2.31
2024-06-05,South,Furniture,Dining Table,6,1592.14,93.32
2024-06-05,West,Electronics,Laptop,11,4704.01,307.78
2024-06-05,East,Clothing,Jacket,11,830.56,139.98
2024-06-05,North,Clothing,Cap,10,1223.39,307.07
2024-06-05,East,Groceries,Olive Oil,5,23.77,5.63
2024-06-05,West,Stationery,Sticky Notes,11,558.68,192.7
2024-06-05,North,Stationery,Notebook,3,208.37,45.24
2024-06-05,West,Stationery,Pen Set,11,80.02,24.09
2024-06-05,South,Clothing,Cap,4,163.26,53.2
2024-06-05,South,Groceries,Snack Pack,9,302.76,102.99
2024-06-05,South,Electronics,Tablet,2,654.85,172.97
2024-06-06,East,Groceries,Coffee,9,322.91,107.13
2024-06-06,North,Electronics,Smartwatch,7,2860.23,356.14
2024-06-06,Central,Groceries,Cereal,2,68.91,12.76
2024-06-06,South,Furniture,Dining Table,1,97.47,22.76
2024-06-06,East,Groceries,Olive Oil,10,389.71,27.46
2024-06-06,North,Stationery,Pen Set,6,202.69,45.51
2024-06-06,East,Furniture,Desk,11,3056.19,225.74
2024-06-07,South,Stationery,Pen Set,8,633.1,193.15
2024-06-07,North,Clothing,Cap,8,730.97,137.19
2024-06-07,West,Groceries,Coffee,9,170.64,14.0
2024-06-07,Central,Furniture,Desk,1,86.42,11.51
2024-06-07,West,Electronics,Laptop,4,3814.36,951.13
2024-06-07,South,Electronics,Headphones,6,3516.49,1072.19
2024-06-07,Central,Clothing,Jacket,10,259.28,28.81
2024-06-07,Central,Groceries,Cereal,9,214.45,57.61
2024-06-07,West,Clothing,Cap,3,228.5,47.4
2024-06-08,East,Clothing,Sneakers,5,524.72,81.16
2024-06-08,Central,Electronics,Smartphone,7,4381.76,514.54
2024-06-08,North,Furniture,Sofa,6,3815.31,1066.78
2024-06-08,East,Furniture,Office Chair,5,2796.8,706.9
2024-06-09,West,Stationery,Desk Lamp,4,22.18,5.68
2024-06-09,North,Furniture,Desk,1,437.94,127.44
2024-06-09,South,Stationery,Backpack,4,137.42,17.38
2024-06-09,North,Clothing,Jacket,5,182.05,12.7
2024-06-09,South,Electronics,Headphones,11,12410.98,1003.04
2024-06-09,East,Furniture,Office Chair,1,723.56,85.2
2024-06-09,North,Electronics,Headphones,3,415.65,102.95
2024-06-10,North,Electronics,Laptop,6,5573.56,327.74
2024-06-10,North,Groceries,Olive Oil,10,135.52,46.42
2024-06-10,South,Groceries,Cereal,3,32.43,9.44
2024-06-10,East,Clothing,T-Shirt,1,110.85,17.91
2024-06-10,Central,Clothing,T-Shirt,9,938.25,107.56
2024-06-10,Central,Furniture,Desk,10,3365.18,295.96
2024-06-10,East,Electronics,Headphones,8,5583.12,599.47
2024-06-10,South,Furniture,Bookshelf,10,2615.18,407.09
2024-06-10,East,Electronics,Headphones,11,11134.0,2200.58
2024-06-10,South,Clothing,Sneakers,1,54.44,11.71
2024-06-10,West,Groceries,Organic Juice,11,126.94,41.38
2024-06-11,South,Groceries,Olive Oil,6,188.31,62.43
2024-06-11,North,Groceries,Cereal,1,6.61,0.4
2024-06-11,West,Furniture,Dining Table,1,193.02,51.66
2024-06-11,East,Clothing,Sneakers,1,21.31,2.42
2024-06-11,East,Groceries,Coffee,6,22.58,3.45
2024-06-11,Central,Electronics,Smartwatch,8,5122.01,536.32
2024-06-11,North,Groceries,Coffee,5,139.56,20.79
2024-06-11,West,Electronics,Smartwatch,4,4481.43,882.73
2024-06-12,Central,Furniture,Dining Table,3,2606.36,707.14
2024-06-12,South,Electronics,Laptop,2,2142.52,345.96
2024-06-12,West,Groceries,Snack Pack,3,59.05,5.0
2024-06-12,East,Furniture,Office Chair,5,2081.58,533.66
2024-06-12,North,Groceries,Snack Pack,4,34.5,10.91
2024-06-12,East,Furniture,Office Chair,10,2407.73,589.05
2024-06-12,East,Clothing,T-Shirt,8,444.95,91.83
2024-06-13,Central,Stationery,Desk Lamp,1,35.93,3.74
2024-06-13,Central,Groceries,Organic Juice,7,116.88,22.7
2024-06-13,West,Clothing,Sneakers,6,371.67,96.81
2024-06-13,Central,Clothing,Jeans,6,434.1,45.28
2024-06-13,West,Stationery,Sticky Notes,6,346.95,49.96
2024-06-14,North,Clothing,Cap,3,444.31,108.32
2024-06-14,West,Stationery,Sticky Notes,2,32.68,2.46
2024-06-14,East,Groceries,Olive Oil,5,70.44,23.19
2024-06-14,Central,Groceries,Organic Juice,3,109.14,5.56
2024-06-14,West,Groceries,Cereal,1,10.03,1.46
2024-06-14,North,Stationery,Sticky Notes,6,447.55,149.96
2024-06-14,North,Furniture,Office Chair,7,4343.49,1092.63
2024-06-14,North,Furniture,Bookshelf,9,6892.94,2090.81
2024-06-14,South,Stationery,Pen Set,7,111.8,12.43
2024-06-14,North,Groceries,Snack Pack,4,149.13,28.0
2024-06-14,Central,Furniture,Sofa,1,419.22,79.96
2024-06-14,Central,Stationery,Notebook,7,100.95,17.91
2024-06-14,East,Furniture,Bookshelf,7,2546.6,200.1
2024-06-14,South,Electronics,Smartphone,4,3129.66,892.34
2024-06-15,South,Clothing,Sneakers,5,113.02,16.27
2024-06-15,Central,Groceries,Cereal,3,63.71,21.9
2024-06-15,East,Electronics,Headphones,11,6838.19,2038.55
2024-06-15,West,Electronics,Tablet,8,6241.87,763.29
2024-06-15,Central,Clothing,Sneakers,2,226.8,23.83
2024-06-15,South,Electronics,Headphones,2,2245.66,654.85
2024-06-15,South,Groceries,Coffee,6,90.17,12.22
2024-06-15,Central,Electronics,Smartphone,8,9586.33,1068.23
2024-06-16,West,Groceries,Cereal,1,17.21,1.07
2024-06-16,Central,Clothing,Cap,1,116.17,19.13
2024-06-16,East,Groceries,Snack Pack,1,11.28,1.34
2024-06-16,East,Groceries,Coffee,3,36.01,6.69
2024-06-16,East,Groceries,Olive Oil,2,37.05,9.85
2024-06-16,South,Groceries,Olive Oil,10,184.95,32.66
2024-06-16,South,Clothing,T-Shirt,10,931.38,188.83
2024-06-16,Central,Groceries,Coffee,3,104.13,27.24
2024-06-16,East,Groceries,Coffee,8,130.46,15.62
2024-06-16,North,Clothing,Sneakers,11,780.13,241.9
2024-06-16,East,Clothing,Jeans,11,579.78,49.43
2024-06-16,East,Stationery,Notebook,3,175.74,29.69
2024-06-17,Central,Groceries,Olive Oil,6,141.25,34.98
2024-06-17,Central,Stationery,Backpack,8,335.8,33.2
2024-06-17,West,Furniture,Sofa,1,223.64,40.16
2024-06-17,East,Groceries,Snack Pack,1,36.98,9.51
2024-06-17,East,Electronics,Tablet,8,5430.06,776.76
2024-06-17,South,Groceries,Organic Juice,10,72.87,18.31
2024-06-17,North,Electronics,Smartwatch,7,1577.68,441.66
2024-06-17,East,Clothing,T-Shirt,7,945.75,210.96
2024-06-17,South,Clothing,Jacket,7,633.15,66.36
2024-06-18,West,Furniture,Sofa,10,1059.89,129.2
2024-06-18,East,Clothing,Sneakers,9,1309.37,423.85
2024-06-18,Central,Furniture,Bookshelf,9,7188.62,448.42
2024-06-18,West,Furniture,Desk,8,5827.76,1644.26
2024-06-18,Central,Stationery,Pen Set,6,59.91,12.4
2024-06-18,South,Stationery,Desk Lamp,11,732.8,42.5
2024-06-18,Central,Furniture,Dining Table,7,6293.21,779.28
2024-06-18,East,Furniture,Bookshelf,5,4163.5,468.54
2024-06-18,Central,Clothing,Jacket,5,309.83,102.79
2024-06-18,West,Groceries,Snack Pack,2,78.97,7.12
2024-06-18,East,Clothing,Jacket,8,276.27,89.72
2024-06-18,East,Furniture,Sofa,7,5965.2,432.51
2024-06-18,Central,Stationery,Backpack,2,145.02,31.9
2024-06-18,South,Clothing,Sneakers,11,1127.36,273.94
2024-06-18,East,Electronics,Tablet,6,1353.1,107.52
2024-06-18,South,Clothing,Cap,1,122.84,20.95
2024-06-18,North,Electronics,Smartwatch,10,9034.38,1895.24
2024-06-19,Central,Groceries,Cereal,10,298.87,98.8
2024-06-19,South,Clothing,Jeans,7,604.62,131.27
2024-06-19,South,Electronics,Smartphone,1,761.41,192.72
2024-06-19,South,Electronics,Headphones,2,991.15,92.53
2024-06-19,East,Groceries,Coffee,10,202.1,54.35
2024-06-19,North,Clothing,Sneakers,7,818.28,51.07
2024-06-19,Central,Electronics,Laptop,5,730.49,49.08
2024-06-19,South,Furniture,Sofa,2,485.47,103.36
2024-06-19,Central,Groceries,Cereal,8,269.83,19.62
2024-06-19,Central,Groceries,Cereal,9,353.3,108.22
2024-06-19,East,Groceries,Coffee,7,166.25,18.37
2024-06-19,North,Stationery,Backpack,3,206.5,36.81
2024-06-19,East,Furniture,Desk,2,1200.78,345.3
2024-06-19,West,Clothing,Cap,5,490.97,46.42
2024-06-19,North,Groceries,Coffee,4,17.83,3.65
2024-06-19,East,Clothing,Jacket,4,441.12,131.22
2024-06-19,South,Furniture,Dining Table,2,1016.15,229.44
2024-06-20,North,Clothing,Jeans,5,340.26,82.93
2024-06-20,South,Stationery,Pen Set,6,242.92,42.16
2024-06-20,Central,Electronics,Tablet,9,8413.15,1515.78
2024-06-20,North,Stationery,Pen Set,2,136.21,11.16
2024-06-20,West,Groceries,Organic Juice,7,52.69,13.91
2024-06-20,East,Electronics,Smartwatch,5,1307.33,435.23
2024-06-20,South,Furniture,Desk,4,699.42,102.81
2024-06-20,East,Groceries,Coffee,3,36.02,8.71
2024-06-20,South,Clothing,Jeans,5,557.18,28.24
2024-06-20,East,Electronics,Tablet,5,1261.91,438.7
2024-06-20,South,Furniture,Sofa,9,7972.1,404.63
2024-06-20,South,Electronics,Smartphone,10,4578.44,644.44
2024-06-20,South,Clothing,Cap,9,265.65,92.26
2024-06-21,North,Furniture,Bookshelf,11,8816.9,504.02
2024-06-21,East,Clothing,Cap,3,115.53,7.55
2024-06-21,East,Stationery,Sticky Notes,7,37.8,10.66
2024-06-21,North,Groceries,Snack Pack,5,145.86,42.11
2024-06-21,North,Electronics,Smartphone,1,940.8,269.66
2024-06-21,South,Electronics,Laptop,1,478.97,150.86
2024-06-21,North,Clothing,T-Shirt,1,49.13,15.58
2024-06-21,East,Stationery,Backpack,4,47.21,12.76
2024-06-21,North,Clothing,Sneakers,1,51.45,10.88
2024-06-22,East,Stationery,Notebook,11,876.23,85.09
2024-06-22,West,Furniture,Dining Table,9,6512.21,1309.81
2024-06-22,West,Furniture,Sofa,8,5295.21,1005.81
2024-06-22,South,Clothing,T-Shirt,1,107.45,15.02
2024-06-22,West,Stationery,Desk Lamp,8,159.55,36.24
2024-06-22,Central,Groceries,Cereal,9,277.24,34.74
2024-06-22,North,Stationery,Notebook,9,421.48,77.06
2024-06-22,Central,Electronics,Tablet,5,601.89,181.08
2024-06-22,North,Electronics,Tablet,7,3352.46,464.49
2024-06-23,East,Clothing,Sneakers,10,599.11,68.42
2024-06-23,Central,Stationery,Backpack,10,69.25,23.72
2024-06-23,West,Stationery,Sticky Notes,1,23.98,5.21
2024-06-23,West,Electronics,Laptop,3,894.06,147.04
2024-06-23,South,Stationery,Notebook,6,124.59,22.92
2024-06-23,East,Stationery,Notebook,11,293.98,43.12
2024-06-24,Central,Clothing,Jacket,8,1096.02,82.16
2024-06-24,South,Groceries,Olive Oil,2,37.34,7.4
2024-06-24,West,Clothing,Jeans,5,321.73,73.31
2024-06-24,South,Stationery,Notebook,9,259.47,44.44
2024-06-25,Central,Furniture,Sofa,7,5812.54,298.65
2024-06-25,West,Stationery,Desk Lamp,10,73.8,24.64
2024-06-25,East,Stationery,Notebook,7,141.98,36.3
2024-06-25,West,Stationery,Notebook,7,66.05,15.08
2024-06-25,North,Clothing,Sneakers,4,462.17,147.94
2024-06-26,West,Clothing,Jeans,3,219.59,72.84
2024-06-26,Central,Clothing,T-Shirt,1,41.53,6.59
2024-06-26,West,Stationery,Desk Lamp,11,321.87,92.63
2024-06-26,East,Electronics,Smartwatch,8,4236.93,1410.18
2024-06-26,West,Furniture,Bookshelf,10,8837.5,2284.62
2024-06-26,Central,Groceries,Olive Oil,10,189.85,9.72
2024-06-26,West,Groceries,Organic Juice,9,202.29,67.11
2024-06-26,West,Clothing,Cap,7,661.78,136.44
2024-06-27,Central,Stationery,Notebook,4,174.08,31.2
2024-06-27,North,Clothing,Cap,1,130.28,39.2
2024-06-27,South,Stationery,Desk Lamp,10,345.36,110.54
2024-06-27,South,Electronics,Smartphone,9,2446.44,720.74
2024-06-27,West,Clothing,Cap,6,654.32,224.22
2024-06-27,Central,Furniture,Office Chair,2,681.95,75.61
2024-06-27,West,Stationery,Pen Set,4,39.03,9.67
2024-06-27,West,Groceries,Coffee,9,206.16,26.76
2024-06-27,West,Electronics,Laptop,10,10693.32,3075.3
2024-06-28,Central,Furniture,Office Chair,10,6570.5,1892.97
2024-06-28,West,Electronics,Smartphone,7,888.89,136.56
2024-06-28,Central,Clothing,T-Shirt,5,243.67,43.52
2024-06-28,North,Stationery,Sticky Notes,11,517.31,86.65
2024-06-28,North,Furniture,Office Chair,7,2000.43,302.72
2024-06-28,West,Groceries,Cereal,11,375.76,67.67
2024-06-28,South,Groceries,Snack Pack,6,171.44,43.79
2024-06-28,Central,Stationery,Backpack,3,150.57,10.66
2024-06-28,South,Electronics,Headphones,3,2343.69,190.28
2024-06-28,South,Stationery,Sticky Notes,4,233.04,40.13
2024-06-28,Central,Electronics,Smartwatch,6,2165.98,533.13
2024-06-28,East,Groceries,Cereal,11,275.68,28.28
2024-06-28,North,Furniture,Sofa,7,2313.2,244.42
2024-06-28,East,Electronics,Headphones,9,6672.33,1656.41
2024-06-28,North,Clothing,Jacket,10,586.39,65.75
2024-06-28,North,Electronics,Laptop,1,364.94,62.18
2024-06-28,South,Furniture,Office Chair,10,2948.47,343.4
2024-06-29,Central,Clothing,T-Shirt,9,832.72,189.89
2024-06-29,South,Furniture,Dining Table,3,960.92,336.24
2024-06-29,South,Stationery,Sticky Notes,10,761.05,96.5
2024-06-29,Central,Furniture,Bookshelf,1,526.95,110.32
2024-06-29,Central,Clothing,T-Shirt,8,796.91,149.28
2024-06-29,West,Electronics,Tablet,9,4937.31,1277.37
2024-06-29,West,Groceries,Cereal,3,18.7,5.92
2024-06-29,West,Stationery,Sticky Notes,1,67.45,20.22
2024-06-29,West,Stationery,Sticky Notes,9,547.11,106.43
2024-06-29,North,Electronics,Headphones,2,1957.32,609.94
2024-06-29,North,Groceries,Coffee,1,32.76,8.39
2024-06-29,North,Groceries,Coffee,11,159.71,14.2
2024-06-30,West,Clothing,Sneakers,8,1040.51,335.96
2024-06-30,South,Groceries,Coffee,7,80.86,6.71
2024-06-30,East,Groceries,Cereal,6,237.74,18.91
2024-06-30,West,Clothing,Jacket,3,317.96,40.94
2024-06-30,Central,Electronics,Smartwatch,5,4227.34,1086.69
2024-06-30,North,Furniture,Sofa,10,2699.86,568.61
2024-06-30,East,Furniture,Dining Table,11,9212.12,3175.52
2024-06-30,North,Clothing,Jeans,6,502.92,90.53
2024-07-01,West,Electronics,Smartphone,5,3521.51,513.26
2024-07-01,West,Groceries,Cereal,6,99.3,30.94
2024-07-01,Central,Furniture,Bookshelf,6,4056.18,876.76
2024-07-01,South,Clothing,Sneakers,4,469.6,79.72
2024-07-01,West,Stationery,Sticky Notes,3,146.35,19.94
2024-07-01,West,Electronics,Tablet,2,1931.22,110.7
2024-07-01,South,Stationery,Backpack,3,85.17,26.26
2024-07-01,South,Clothing,Jeans,5,625.72,96.78
2024-07-01,East,Stationery,Desk Lamp,8,447.92,25.03
2024-07-02,Central,Clothing,Jacket,5,435.1,24.08
2024-07-02,East,Stationery,Desk Lamp,10,788.27,105.96
2024-07-02,West,Stationery,Backpack,8,73.75,12.81
2024-07-02,Central,Electronics,Tablet,2,1814.5,609.62
2024-07-02,South,Clothing,Jeans,8,1009.42,195.75
2024-07-02,North,Groceries,Cereal,8,260.82,25.73
2024-07-03,South,Groceries,Cereal,5,89.15,11.93
2024-07-03,North,Furniture,Dining Table,8,4771.09,1562.09
2024-07-03,North,Groceries,Olive Oil,1,30.48,5.95
2024-07-03,Central,Electronics,Smartphone,8,8442.76,1270.04
2024-07-03,North,Stationery,Notebook,5,331.23,32.91
2024-07-03,South,Furniture,Office Chair,3,1056.13,84.77
2024-07-03,East,Electronics,Laptop,9,5820.67,742.69
2024-07-03,West,Electronics,Smartwatch,1,755.0,177.59
2024-07-03,East,Groceries,Olive Oil,11,201.69,26.36
2024-07-04,Central,Electronics,Smartwatch,4,4310.24,1371.88
2024-07-04,Central,Furniture,Bookshelf,8,6756.53,1056.17
2024-07-04,West,Electronics,Tablet,9,8107.15,2388.63
2024-07-04,North,Electronics,Smartphone,10,9906.92,1777.4
2024-07-04,Central,Stationery,Backpack,4,222.62,52.93
2024-07-04,East,Electronics,Laptop,11,7938.09,933.45
2024-07-04,West,Groceries,Organic Juice,8,203.13,22.68
2024-07-04,West,Electronics,Headphones,7,822.53,213.62
2024-07-04,North,Clothing,Jacket,8,787.55,168.12
2024-07-04,Central,Stationery,Sticky Notes,5,203.24,11.24
2024-07-05,Central,Clothing,Sneakers,7,777.04,79.5
2024-07-05,South,Groceries,Cereal,11,77.44,17.57
2024-07-05,Central,Clothing,Cap,2,110.54,13.98
2024-07-05,West,Electronics,Headphones,11,2501.3,741.28
2024-07-05,West,Electronics,Smartwatch,5,856.36,261.48
2024-07-05,South,Clothing,T-Shirt,1,15.94,3.83
2024-07-06,North,Furniture,Bookshelf,2,298.73,68.25
2024-07-06,North,Furniture,Bookshelf,4,2681.5,255.27
2024-07-06,North,Clothing,Jeans,11,1225.21,264.52
2024-07-06,East,Stationery,Backpack,3,110.84,29.82
2024-07-06,Central,Electronics,Laptop,6,4027.04,1057.62
2024-07-06,North,Stationery,Sticky Notes,10,282.27,54.45
2024-07-06,North,Stationery,Desk Lamp,6,60.14,6.53
2024-07-06,North,Groceries,Organic Juice,3,105.47,8.31
2024-07-06,South,Groceries,Cereal,5,41.13,5.49
2024-07-06,East,Clothing,Jacket,9,1179.78,349.15
2024-07-07,North,Stationery,Desk Lamp,8,153.81,41.33
2024-07-07,North,Furniture,Bookshelf,4,759.62,180.85
2024-07-07,North,Clothing,Sneakers,1,127.53,20.54
2024-07-07,East,Stationery,Pen Set,6,366.52,100.41
2024-07-07,Central,Electronics,Headphones,1,343.5,37.3
2024-07-07,North,Electronics,Laptop,8,9364.02,730.59
2024-07-08,East,Groceries,Cereal,6,66.51,21.92
2024-07-08,Central,Electronics,Tablet,2,1700.47,484.81
2024-07-08,Central,Furniture,Desk,1,91.37,27.26
2024-07-08,North,Clothing,Jeans,2,297.05,71.14
2024-07-08,South,Groceries,Organic Juice,9,318.09,58.58
2024-07-09,East,Electronics,Smartphone,3,1676.85,396.46
2024-07-09,South,Electronics,Smartwatch,7,1267.18,181.39
2024-07-09,Central,Groceries,Coffee,5,118.69,20.31
2024-07-10,North,Groceries,Snack Pack,7,231.01,79.08
2024-07-10,North,Groceries,Coffee,4,18.77,4.58
2024-07-10,Central,Clothing,Jeans,2,36.71,5.88
2024-07-10,Central,Electronics,Headphones,9,3346.02,664.92
2024-07-10,East,Furniture,Sofa,3,2211.69,387.74
2024-07-10,East,Groceries,Coffee,8,46.41,10.6
2024-07-10,North,Stationery,Desk Lamp,1,13.98,2.14
2024-07-10,North,Electronics,Tablet,8,9066.51,1352.95
2024-07-10,South,Furniture,Desk,6,1161.62,59.96
2024-07-10,North,Clothing,Cap,7,1023.63,147.91
2024-07-11,South,Stationery,Sticky Notes,6,265.0,88.11
2024-07-11,North,Electronics,Headphones,6,3768.03,901.08
2024-07-11,Central,Clothing,Jacket,7,250.51,21.88
2024-07-11,West,Groceries,Olive Oil,11,232.65,47.19
2024-07-11,East,Groceries,Snack Pack,3,57.83,11.15
2024-07-11,West,Groceries,Olive Oil,11,223.97,68.6
2024-07-11,West,Clothing,T-Shirt,4,484.54,132.02
2024-07-11,North,Stationery,Pen Set,11,313.56,88.1
2024-07-11,North,Furniture,Office Chair,4,2843.27,363.29
2024-07-11,West,Groceries,Coffee,8,76.79,16.72
2024-07-11,East,Furniture,Desk,2,681.3,39.36
2024-07-11,West,Groceries,Snack Pack,4,115.53,24.82
2024-07-11,East,Groceries,Snack Pack,5,184.05,55.72
2024-07-12,North,Clothing,Jeans,2,258.48,53.24
2024-07-12,South,Electronics,Smartwatch,11,9787.37,1653.12
2024-07-12,Central,Clothing,Sneakers,9,1247.86,154.04
2024-07-12,South,Electronics,Tablet,11,5475.11,1099.8
2024-07-12,West,Groceries,Coffee,10,72.66,8.99
2024-07-12,South,Furniture,Desk,11,1040.54,61.89
2024-07-12,East,Groceries,Olive Oil,2,78.79,21.11
2024-07-12,Central,Clothing,Jeans,9,499.69,112.21
2024-07-12,East,Clothing,Sneakers,4,599.06,153.85
2024-07-12,South,Clothing,T-Shirt,10,873.02,159.2
2024-07-12,East,Electronics,Headphones,2,2164.79,705.36
2024-07-12,West,Electronics,Tablet,11,10681.49,3067.03
2024-07-13,Central,Furniture,Sofa,7,3310.0,738.76
2024-07-13,East,Furniture,Bookshelf,6,2169.91,689.03
2024-07-13,Central,Furniture,Dining Table,1,816.2,89.7
2024-07-13,South,Groceries,Cereal,5,48.34,7.16
2024-07-13,Central,Electronics,Smartwatch,10,3561.96,1236.22
2024-07-13,South,Furniture,Office Chair,4,1907.13,511.28
2024-07-13,North,Electronics,Smartwatch,7,4754.98,664.94
2024-07-14,South,Electronics,Tablet,7,8008.77,2294.06
2024-07-14,North,Furniture,Dining Table,5,1216.33,211.94
2024-07-14,East,Furniture,Dining Table,3,2485.66,862.71
2024-07-14,Central,Groceries,Olive Oil,3,77.42,11.58
2024-07-14,West,Clothing,Cap,8,714.94,173.6
2024-07-14,East,Groceries,Organic Juice,9,285.21,27.08
2024-07-14,West,Clothing,Cap,10,971.97,175.68
2024-07-14,South,Groceries,Snack Pack,5,105.42,14.9
2024-07-14,North,Electronics,Headphones,1,1140.21,146.28
2024-07-14,Central,Stationery,Backpack,1,26.41,2.15
2024-07-15,East,Furniture,Bookshelf,9,999.3,224.74
2024-07-15,West,Clothing,Sneakers,7,484.69,96.88
2024-07-15,South,Electronics,Headphones,11,997.69,125.44
2024-07-15,Central,Stationery,Notebook,6,65.33,17.53
2024-07-15,Central,Electronics,Smartwatch,11,8230.05,1697.76
2024-07-15,West,Groceries,Olive Oil,5,166.22,9.44
2024-07-15,South,Furniture,Desk,8,3960.16,391.58
2024-07-16,Central,Electronics,Tablet,3,1699.94,372.46
2024-07-16,West,Groceries,Cereal,6,102.52,6.78
2024-07-16,Central,Furniture,Office Chair,5,3850.33,984.64
2024-07-16,West,Groceries,Coffee,6,116.15,24.49
2024-07-16,West,Clothing,T-Shirt,9,788.17,108.3
2024-07-16,South,Clothing,Cap,4,111.52,12.4
2024-07-17,South,Furniture,Desk,11,3585.4,313.79
2024-07-17,North,Clothing,Jacket,1,97.04,22.74
2024-07-17,East,Clothing,T-Shirt,9,342.44,72.04
2024-07-17,Central,Electronics,Laptop,2,554.11,42.61
2024-07-17,South,Stationery,Sticky Notes,3,204.67,30.11
2024-07-17,North,Electronics,Smartphone,7,7118.75,546.48
2024-07-17,East,Electronics,Headphones,10,5696.17,1188.79
2024-07-17,West,Stationery,Desk Lamp,4,262.86,24.8
2024-07-17,South,Clothing,Cap,5,286.47,63.96
2024-07-18,East,Groceries,Organic Juice,3,38.56,9.94
2024-07-18,West,Furniture,Dining Table,9,3755.69,789.19
2024-07-18,Central,Stationery,Desk Lamp,5,170.81,41.16
2024-07-18,West,Furniture,Desk,6,2567.89,164.6
2024-07-18,South,Clothing,Cap,5,492.48,82.7
2024-07-18,Central,Clothing,Jeans,10,568.91,80.41
2024-07-18,South,Furniture,Bookshelf,7,3863.11,1323.66
2024-07-18,South,Clothing,Jeans,7,408.36,64.82
2024-07-19,Central,Furniture,Dining Table,8,824.11,196.02
2024-07-19,North,Groceries,Organic Juice,6,35.24,5.0
2024-07-19,South,Electronics,Smartphone,6,6138.35,851.88
2024-07-19,North,Groceries,Cereal,10,229.22,54.07
2024-07-19,East,Groceries,Olive Oil,10,39.14,10.7
2024-07-19,South,Electronics,Smartwatch,10,9863.95,2322.83
2024-07-19,East,Electronics,Tablet,10,9710.5,1311.1
2024-07-19,North,Furniture,Bookshelf,11,5046.05,1654.31
2024-07-19,North,Clothing,T-Shirt,7,330.82,93.52
2024-07-19,South,Furniture,Sofa,11,4263.87,487.01
2024-07-20,West,Clothing,Jeans,10,1195.31,156.8
2024-07-20,West,Groceries,Olive Oil,4,135.11,16.01
2024-07-20,South,Groceries,Cereal,5,132.93,37.38
2024-07-20,East,Electronics,Tablet,4,2766.49,175.58
2024-07-20,Central,Furniture,Office Chair,7,1815.95,621.99
2024-07-20,South,Clothing,Sneakers,5,283.14,17.24
2024-07-20,North,Clothing,Sneakers,9,1127.11,310.35
2024-07-20,West,Electronics,Laptop,6,2855.42,991.23
2024-07-20,East,Clothing,Cap,5,209.16,30.37
2024-07-20,South,Groceries,Olive Oil,3,63.15,6.05
2024-07-20,South,Stationery,Desk Lamp,8,168.07,28.32
2024-07-20,Central,Groceries,Coffee,9,109.71,26.96
2024-07-20,South,Stationery,Backpack,4,165.53,12.24
2024-07-21,North,Clothing,Sneakers,7,324.29,82.96
2024-07-21,West,Electronics,Laptop,9,7726.14,1525.22
2024-07-21,North,Clothing,T-Shirt,4,345.1,83.14
2024-07-21,North,Stationery,Desk Lamp,4,251.53,87.22
2024-07-21,Central,Stationery,Pen Set,9,189.92,60.53
2024-07-21,North,Clothing,Cap,7,457.09,104.39
2024-07-21,South,Groceries,Organic Juice,8,106.88,23.23
2024-07-21,South,Furniture,Dining Table,1,489.85,170.57
2024-07-21,West,Stationery,Pen Set,5,392.33,96.61
2024-07-22,West,Clothing,Sneakers,1,78.05,21.49
2024-07-22,North,Electronics,Smartphone,7,4349.81,358.06
2024-07-22,South,Furniture,Office Chair,10,3953.64,917.78
2024-07-22,North,Groceries,Coffee,7,251.08,30.4
2024-07-22,North,Furniture,Desk,1,820.11,75.02
2024-07-22,East,Electronics,Tablet,9,3164.87,302.82
2024-07-22,East,Stationery,Desk Lamp,11,811.51,128.4
2024-07-22,West,Furniture,Bookshelf,2,1629.18,459.35
2024-07-22,North,Electronics,Laptop,8,8673.42,1652.78
2024-07-22,South,Electronics,Smartphone,7,1162.59,192.21
2024-07-22,North,Electronics,Smartphone,2,1602.51,295.04
2024-07-22,East,Groceries,Cereal,2,26.11,1.71
2024-07-22,East,Electronics,Smartphone,6,3991.42,222.5
2024-07-23,North,Stationery,Notebook,4,100.04,17.6
2024-07-23,West,Groceries,Olive Oil,7,266.5,82.09
2024-07-23,West,Clothing,Cap,9,944.91,69.19
2024-07-23,South,Stationery,Desk Lamp,9,401.28,123.54
2024-07-23,North,Electronics,Headphones,6,2917.8,1009.94
2024-07-23,West,Groceries,Organic Juice,6,200.48,62.5
2024-07-24,West,Stationery,Pen Set,2,143.87,45.59
2024-07-24,North,Electronics,Smartphone,11,2190.22,598.66
2024-07-24,West,Furniture,Bookshelf,6,5280.83,1026.2
2024-07-24,East,Stationery,Backpack,9,217.84,31.09
2024-07-24,Central,Furniture,Office Chair,5,982.07,49.83
2024-07-24,North,Furniture,Office Chair,8,5652.92,1974.18
2024-07-24,North,Electronics,Tablet,5,4460.58,687.7
2024-07-24,East,Clothing,Sneakers,3,138.9,34.05
2024-07-24,South,Stationery,Notebook,9,151.46,46.88
2024-07-24,East,Electronics,Smartwatch,8,7020.75,2234.85
2024-07-25,Central,Electronics,Smartphone,3,788.8,218.72
2024-07-25,South,Clothing,Jacket,4,77.62,6.78
2024-07-25,North,Clothing,Jeans,5,150.52,41.25
2024-07-25,Central,Stationery,Sticky Notes,6,138.43,11.68
2024-07-25,Central,Stationery,Desk Lamp,4,205.71,39.01
2024-07-25,South,Furniture,Sofa,5,432.0,53.91
2024-07-25,East,Furniture,Desk,6,569.56,140.05
2024-07-25,West,Groceries,Cereal,6,127.17,25.88
2024-07-25,West,Clothing,Jacket,6,842.31,136.11
2024-07-25,East,Stationery,Pen Set,7,311.25,59.04
2024-07-25,West,Groceries,Snack Pack,6,24.92,4.35
2024-07-25,South,Clothing,Sneakers,5,93.56,23.14
2024-07-25,Central,Electronics,Smartwatch,11,6459.46,498.84
2024-07-26,East,Groceries,Coffee,3,108.74,17.58
2024-07-26,Central,Groceries,Coffee,6,217.92,22.61
2024-07-26,North,Furniture,Dining Table,11,2445.81,367.42
2024-07-26,North,Stationery,Pen Set,11,838.67,211.2
2024-07-26,North,Furniture,Sofa,8,1250.67,74.36
2024-07-26,South,Furniture,Desk,9,6297.53,1508.85
2024-07-26,West,Clothing,Sneakers,1,101.45,21.35
2024-07-26,West,Furniture,Desk,7,659.63,161.67
2024-07-26,South,Stationery,Notebook,5,33.32,3.36
2024-07-26,South,Furniture,Sofa,10,6982.17,482.85
2024-07-27,South,Electronics,Headphones,4,1336.45,404.88
2024-07-27,West,Stationery,Pen Set,8,566.03,70.83
2024-07-27,South,Stationery,Sticky Notes,7,300.77,73.55
2024-07-27,Central,Electronics,Smartwatch,2,1147.18,179.4
2024-07-27,North,Clothing,Cap,1,80.31,14.98
2024-07-27,East,Clothing,Jeans,7,834.84,58.9
2024-07-27,Central,Furniture,Desk,7,5318.77,536.24
2024-07-27,East,Electronics,Headphones,11,4884.46,1672.28
2024-07-27,East,Stationery,Pen Set,10,486.14,49.88
2024-07-28,East,Furniture,Bookshelf,7,1740.68,173.47
2024-07-28,North,Furniture,Sofa,2,1483.48,409.24
2024-07-28,East,Groceries,Snack Pack,9,180.56,29.16
2024-07-28,West,Furniture,Office Chair,2,341.74,35.22
2024-07-28,Central,Groceries,Cereal,10,303.0,50.22
2024-07-28,West,Groceries,Organic Juice,1,26.49,3.5
2024-07-28,North,Clothing,Jacket,3,56.72,12.65
2024-07-28,South,Furniture,Bookshelf,1,188.31,17.04
2024-07-29,East,Groceries,Organic Juice,6,187.69,14.04
2024-07-29,Central,Groceries,Cereal,7,88.56,18.01
2024-07-29,Central,Clothing,Jacket,8,387.28,67.39
2024-07-29,West,Electronics,Headphones,10,6975.28,738.51
2024-07-29,North,Clothing,Jacket,11,1513.67,440.46
2024-07-30,North,Furniture,Desk,4,3569.95,454.13
2024-07-30,West,Clothing,Jeans,3,278.75,39.41
2024-07-30,West,Stationery,Notebook,2,43.91,5.73
2024-07-30,North,Groceries,Coffee,11,163.26,8.53
2024-07-30,South,Furniture,Sofa,10,4749.49,461.29
2024-07-30,West,Stationery,Pen Set,11,606.08,126.92
2024-07-30,South,Groceries,Coffee,7,44.62,5.22
2024-07-30,East,Electronics,Headphones,7,7700.67,1991.94
2024-07-31,Central,Electronics,Smartwatch,7,863.28,273.51
2024-07-31,West,Stationery,Sticky Notes,1,14.77,3.6
2024-07-31,South,Stationery,Desk Lamp,7,430.13,50.53
2024-07-31,North,Furniture,Bookshelf,7,4117.06,561.74
2024-07-31,East,Groceries,Olive Oil,1,9.15,2.18
2024-07-31,East,Groceries,Snack Pack,5,16.07,3.02
2024-07-31,Central,Groceries,Cereal,7,148.47,8.36
2024-08-01,South,Clothing,Cap,8,1049.09,218.42
2024-08-01,East,Groceries,Organic Juice,1,12.38,0.67
2024-08-01,Central,Groceries,Snack Pack,11,128.63,20.05
2024-08-01,Central,Groceries,Organic Juice,4,92.1,16.16
2024-08-01,West,Clothing,Jacket,7,905.6,299.66
2024-08-01,East,Groceries,Olive Oil,10,275.36,68.44
2024-08-01,West,Furniture,Sofa,11,7423.14,455.74
2024-08-01,West,Clothing,Sneakers,5,491.95,106.05
2024-08-01,North,Electronics,Smartwatch,3,1240.26,78.38
2024-08-01,West,Electronics,Smartwatch,11,8136.04,561.83
2024-08-01,East,Stationery,Sticky Notes,11,414.45,27.81
2024-08-01,South,Stationery,Sticky Notes,11,124.8,7.36
2024-08-01,Central,Furniture,Dining Table,7,1644.89,372.91
2024-08-01,North,Groceries,Olive Oil,8,37.41,2.44
2024-08-01,North,Clothing,Jeans,6,782.84,61.2
2024-08-02,Central,Electronics,Laptop,11,9126.48,2814.84
2024-08-02,South,Groceries,Snack Pack,8,120.63,25.15
2024-08-02,South,Furniture,Sofa,8,4846.8,360.17
2024-08-02,North,Groceries,Organic Juice,2,39.83,5.99
2024-08-02,West,Clothing,Jeans,6,430.57,70.53
2024-08-02,South,Clothing,Jacket,1,118.12,40.8
2024-08-02,Central,Furniture,Desk,6,1251.49,177.5
2024-08-02,West,Furniture,Sofa,6,2000.22,488.83
2024-08-02,West,Stationery,Sticky Notes,8,291.04,68.9
2024-08-03,South,Stationery,Desk Lamp,2,13.75,3.81
2024-08-03,East,Clothing,Jacket,11,811.52,275.18
2024-08-03,South,Groceries,Coffee,8,181.86,21.68
2024-08-03,North,Furniture,Office Chair,3,1583.73,460.32
2024-08-03,Central,Clothing,T-Shirt,11,749.68,253.53
2024-08-03,South,Furniture,Dining Table,9,1907.34,302.98
2024-08-03,South,Groceries,Cereal,4,111.25,17.99
2024-08-03,South,Stationery,Desk Lamp,11,227.83,68.52
2024-08-04,West,Groceries,Cereal,1,18.99,3.04
2024-08-04,East,Furniture,Dining Table,3,2223.24,431.81
2024-08-04,North,Electronics,Tablet,2,2284.69,419.04
2024-08-04,South,Clothing,Cap,2,52.74,2.69
2024-08-04,South,Furniture,Dining Table,9,5245.97,1180.01
2024-08-04,East,Stationery,Backpack,10,196.95,39.66
2024-08-04,South,Clothing,T-Shirt,8,573.56,125.88
2024-08-04,East,Clothing,T-Shirt,6,426.0,109.7
2024-08-04,Central,Groceries,Organic Juice,7,171.05,36.2
2024-08-05,West,Groceries,Coffee,2,6.09,0.49
2024-08-05,North,Stationery,Pen Set,10,168.94,39.93
2024-08-05,North,Electronics,Smartphone,3,2859.4,655.32
2024-08-05,East,Furniture,Office Chair,11,8626.68,2071.07
2024-08-05,West,Electronics,Smartphone,2,2273.37,766.98
2024-08-05,East,Electronics,Tablet,4,632.55,37.25
2024-08-05,South,Clothing,Jacket,3,90.2,28.55
2024-08-05,East,Electronics,Headphones,1,154.45,30.37
2024-08-05,East,Electronics,Smartwatch,2,452.22,143.89
2024-08-05,West,Clothing,T-Shirt,2,41.38,4.83
2024-08-06,South,Stationery,Sticky Notes,6,221.29,21.67
2024-08-06,North,Groceries,Coffee,2,44.15,4.19
2024-08-06,Central,Stationery,Desk Lamp,3,214.99,20.26
2024-08-06,Central,Electronics,Smartwatch,6,3926.1,707.2
2024-08-06,West,Clothing,Sneakers,10,1407.53,156.95
2024-08-06,North,Furniture,Bookshelf,3,2675.28,889.14
2024-08-06,North,Clothing,Jeans,9,980.25,157.54
2024-08-06,North,Stationery,Backpack,8,286.86,59.07
2024-08-06,West,Clothing,Jacket,3,225.49,64.11
2024-08-06,East,Groceries,Snack Pack,11,225.3,25.65
2024-08-06,West,Furniture,Bookshelf,8,1421.1,80.35
2024-08-06,Central,Furniture,Sofa,10,7228.85,1524.56
2024-08-06,South,Stationery,Backpack,8,74.51,22.75
2024-08-07,North,Stationery,Backpack,2,129.86,14.65
2024-08-07,Central,Groceries,Organic Juice,8,145.97,41.71
2024-08-07,East,Groceries,Snack Pack,3,65.7,22.58
2024-08-07,South,Electronics,Smartphone,4,4754.43,823.98
2024-08-07,North,Clothing,Jacket,10,250.76,70.5
2024-08-07,East,Groceries,Snack Pack,4,126.95,7.63
2024-08-07,West,Electronics,Smartwatch,3,385.92,133.78
2024-08-07,East,Electronics,Smartwatch,2,1315.72,283.17
2024-08-08,West,Stationery,Sticky Notes,10,704.9,204.86
2024-08-08,East,Clothing,Jacket,6,723.42,179.36
2024-08-08,West,Stationery,Pen Set,3,121.23,8.18
2024-08-08,East,Groceries,Olive Oil,8,212.36,38.23
2024-08-08,North,Stationery,Pen Set,5,49.21,16.51
2024-08-08,North,Stationery,Notebook,2,63.02,10.95
2024-08-08,West,Furniture,Desk,7,5842.0,1237.39
2024-08-08,Central,Groceries,Olive Oil,7,213.11,58.58
2024-08-08,South,Stationery,Notebook,4,266.81,67.91
2024-08-09,East,Furniture,Desk,9,6202.02,647.38
2024-08-09,North,Furniture,Sofa,5,1441.91,93.8
2024-08-09,Central,Electronics,Smartwatch,10,10050.28,2498.41
2024-08-09,Central,Furniture,Office Chair,7,4469.71,1475.56
2024-08-09,West,Furniture,Dining Table,9,4638.17,1075.36
2024-08-09,North,Stationery,Pen Set,6,168.0,47.99
2024-08-09,Central,Stationery,Backpack,5,83.69,26.05
2024-08-09,South,Electronics,Headphones,3,1527.46,152.4
2024-08-09,North,Groceries,Coffee,8,55.95,6.1
2024-08-10,South,Groceries,Cereal,9,190.42,50.56
2024-08-10,South,Stationery,Sticky Notes,9,661.88,96.07
2024-08-10,West,Groceries,Cereal,5,95.14,22.35
2024-08-10,North,Clothing,Jacket,4,312.16,98.27
2024-08-10,Central,Clothing,T-Shirt,5,299.56,34.43
2024-08-10,East,Stationery,Notebook,7,543.35,51.67
2024-08-10,South,Electronics,Smartphone,1,965.3,323.05
2024-08-10,North,Furniture,Office Chair,10,7768.34,1553.73
2024-08-10,East,Clothing,Sneakers,3,281.42,29.33
2024-08-11,East,Clothing,Cap,3,98.83,33.6
2024-08-11,West,Stationery,Pen Set,1,22.19,7.23
2024-08-11,South,Stationery,Desk Lamp,4,312.81,98.79
2024-08-11,North,Clothing,T-Shirt,5,426.59,128.63
2024-08-11,East,Electronics,Headphones,9,7924.72,573.0
2024-08-11,East,Stationery,Backpack,4,270.84,74.61
2024-08-11,East,Electronics,Headphones,6,2966.65,942.28
2024-08-11,Central,Stationery,Notebook,11,421.72,23.42
2024-08-12,South,Groceries,Olive Oil,5,162.24,29.0
2024-08-12,West,Stationery,Notebook,6,371.02,97.9
2024-08-12,South,Furniture,Dining Table,4,2199.93,551.02
2024-08-12,Central,Furniture,Desk,5,728.8,179.93
2024-08-12,North,Groceries,Cereal,1,37.88,6.33
2024-08-12,South,Clothing,Cap,9,190.97,42.98
2024-08-12,South,Electronics,Headphones,1,469.26,131.93
2024-08-13,East,Groceries,Cereal,3,18.68,1.73
2024-08-13,West,Electronics,Laptop,3,1507.14,86.62
2024-08-13,South,Electronics,Smartwatch,6,3908.63,658.37
2024-08-13,East,Groceries,Cereal,7,180.3,12.64
2024-08-13,East,Stationery,Sticky Notes,3,215.66,12.43
2024-08-13,North,Groceries,Cereal,10,254.86,16.33
2024-08-13,Central,Furniture,Office Chair,10,7944.94,1034.89
2024-08-13,East,Groceries,Cereal,7,44.12,11.77
2024-08-13,Central,Furniture,Dining Table,11,3811.23,943.16
2024-08-13,East,Stationery,Notebook,5,187.75,20.45
2024-08-13,West,Groceries,Olive Oil,4,116.38,9.99
2024-08-14,West,Clothing,Jeans,4,120.72,9.21
2024-08-14,West,Electronics,Smartwatch,11,3981.15,630.07
2024-08-14,South,Groceries,Organic Juice,9,357.23,118.52
2024-08-14,Central,Electronics,Tablet,3,578.95,79.33
2024-08-14,West,Groceries,Organic Juice,5,28.23,8.84
2024-08-14,West,Stationery,Pen Set,1,22.36,2.56
2024-08-14,South,Stationery,Notebook,11,753.29,172.54
2024-08-15,North,Groceries,Cereal,5,172.7,38.76
2024-08-15,North,Groceries,Snack Pack,10,240.51,32.57
2024-08-15,East,Furniture,Bookshelf,4,1557.59,256.83
2024-08-15,East,Electronics,Smartphone,10,8319.78,1073.05
2024-08-15,North,Groceries,Coffee,2,34.21,10.6
2024-08-15,Central,Clothing,Jacket,8,473.59,87.69
2024-08-15,North,Electronics,Smartphone,10,11983.16,630.21
2024-08-15,West,Groceries,Organic Juice,3,73.51,24.55
2024-08-15,West,Clothing,T-Shirt,5,691.68,100.85
2024-08-15,West,Clothing,Cap,6,705.73,108.66
2024-08-15,East,Electronics,Headphones,2,1305.26,238.91
2024-08-16,North,Groceries,Cereal,10,288.46,19.96
2024-08-16,South,Clothing,Jacket,5,579.32,71.58
2024-08-16,West,Electronics,Smartphone,10,6575.33,2268.58
2024-08-16,Central,Electronics,Laptop,11,8794.16,799.15
2024-08-16,East,Electronics,Headphones,9,4093.99,471.49
2024-08-16,West,Furniture,Dining Table,5,1625.86,511.29
2024-08-17,North,Clothing,Jacket,11,750.03,160.19
2024-08-17,North,Groceries,Cereal,10,347.14,97.56
2024-08-17,Central,Clothing,Cap,6,811.23,117.24
2024-08-17,Central,Groceries,Cereal,11,145.09,12.6
2024-08-17,South,Furniture,Dining Table,5,1041.53,269.51
2024-08-17,Central,Electronics,Headphones,4,1703.78,307.73
2024-08-17,South,Furniture,Office Chair,2,457.98,120.0
2024-08-18,Central,Clothing,Sneakers,10,342.3,30.15
2024-08-18,West,Electronics,Laptop,11,1519.19,85.31
2024-08-18,Central,Electronics,Headphones,2,2318.25,391.84
2024-08-18,East,Furniture,Bookshelf,5,1643.38,365.1
2024-08-18,Central,Furniture,Desk,1,355.58,47.84
2024-08-19,West,Groceries,Organic Juice,4,33.8,11.8
2024-08-19,West,Furniture,Dining Table,5,3385.99,882.79
2024-08-19,West,Clothing,Sneakers,6,443.31,78.62
2024-08-19,North,Groceries,Olive Oil,8,32.2,9.83
2024-08-19,East,Stationery,Notebook,5,204.46,62.71
2024-08-19,South,Groceries,Coffee,9,62.0,3.75
2024-08-20,East,Clothing,Jacket,7,524.73,65.95
2024-08-20,East,Stationery,Desk Lamp,11,591.34,155.51
2024-08-20,South,Electronics,Laptop,8,8797.33,3063.15
2024-08-20,East,Clothing,Jacket,5,483.52,166.51
2024-08-20,East,Groceries,Olive Oil,4,124.18,16.83
2024-08-21,East,Stationery,Notebook,5,365.24,32.45
2024-08-21,East,Furniture,Dining Table,5,1044.28,89.39
2024-08-21,Central,Groceries,Organic Juice,11,214.96,22.16
2024-08-21,Central,Groceries,Cereal,5,37.82,3.94
2024-08-21,South,Clothing,T-Shirt,8,952.18,199.67
2024-08-21,South,Furniture,Sofa,3,690.25,208.86
2024-08-21,Central,Clothing,Sneakers,5,736.51,145.87
2024-08-21,North,Stationery,Backpack,8,637.3,39.34
2024-08-21,Central,Groceries,Snack Pack,7,24.99,4.12
2024-08-21,North,Electronics,Smartwatch,10,1498.81,496.69
2024-08-21,South,Groceries,Olive Oil,10,204.93,49.59
2024-08-21,North,Furniture,Sofa,3,2618.47,789.87
2024-08-21,North,Electronics,Headphones,3,1205.15,379.3
2024-08-21,South,Furniture,Office Chair,7,3828.03,902.15
2024-08-21,North,Groceries,Coffee,1,14.35,3.25
2024-08-22,East,Furniture,Dining Table,1,656.24,142.66
2024-08-22,Central,Electronics,Smartwatch,6,1334.66,81.57
2024-08-22,South,Clothing,Jacket,3,282.71,51.65
2024-08-22,North,Groceries,Cereal,1,38.2,1.91
2024-08-22,East,Furniture,Dining Table,3,247.5,18.47
2024-08-22,East,Clothing,Sneakers,1,75.95,22.84
2024-08-22,East,Electronics,Smartphone,8,7829.23,591.69
2024-08-22,West,Groceries,Olive Oil,7,76.46,12.81
2024-08-22,West,Furniture,Sofa,10,2111.28,294.36
2024-08-22,South,Stationery,Sticky Notes,2,42.0,10.9
2024-08-22,East,Clothing,Cap,1,91.52,8.73
2024-08-22,East,Electronics,Headphones,1,754.62,233.32
2024-08-23,West,Groceries,Organic Juice,4,76.82,19.51
2024-08-23,Central,Electronics,Headphones,11,2940.23,544.51
2024-08-23,East,Clothing,T-Shirt,6,681.61,232.25
2024-08-23,Central,Furniture,Sofa,2,574.62,42.51
2024-08-23,West,Groceries,Coffee,8,196.26,35.32
2024-08-23,South,Groceries,Snack Pack,2,71.6,16.52
2024-08-23,West,Groceries,Olive Oil,6,92.63,5.88
2024-08-24,North,Clothing,Cap,5,594.12,86.37
2024-08-24,North,Groceries,Snack Pack,8,165.64,14.56
2024-08-24,South,Groceries,Coffee,11,57.02,4.12
2024-08-24,East,Clothing,Jeans,9,1171.1,138.88
2024-08-24,Central,Groceries,Snack Pack,7,262.55,53.68
2024-08-24,South,Furniture,Dining Table,10,1215.63,96.64
2024-08-25,South,Stationery,Notebook,7,185.32,52.69
2024-08-25,West,Electronics,Smartphone,7,6141.53,1150.23
2024-08-25,West,Clothing,Cap,6,312.34,18.74
2024-08-25,East,Groceries,Snack Pack,3,73.72,15.25
2024-08-25,South,Furniture,Desk,7,4904.85,1439.49
2024-08-25,South,Groceries,Organic Juice,2,9.23,2.78
2024-08-25,East,Electronics,Smartwatch,6,7000.98,1378.97
2024-08-25,South,Furniture,Sofa,2,1452.68,146.22
2024-08-25,Central,Furniture,Sofa,4,1917.28,588.64
2024-08-26,South,Stationery,Pen Set,2,36.62,10.11
2024-08-26,West,Electronics,Laptop,10,8718.6,2144.95
2024-08-26,West,Electronics,Tablet,9,9949.49,2333.22
2024-08-26,Central,Electronics,Headphones,8,1316.72,101.27
2024-08-26,West,Stationery,Sticky Notes,5,350.2,116.17
2024-08-26,East,Stationery,Notebook,3,40.12,13.92
2024-08-26,Central,Stationery,Sticky Notes,10,492.01,78.44
2024-08-26,Central,Stationery,Desk Lamp,5,383.51,90.0
2024-08-27,West,Electronics,Smartwatch,8,4044.0,1174.35
2024-08-27,East,Groceries,Coffee,7,211.19,43.4
2024-08-27,South,Groceries,Cereal,11,57.56,6.04
2024-08-27,Central,Stationery,Backpack,5,299.31,77.65
2024-08-27,East,Furniture,Desk,11,2193.79,608.23
2024-08-27,West,Clothing,Jacket,6,837.36,101.3
2024-08-27,North,Stationery,Notebook,4,180.33,30.75
2024-08-28,South,Groceries,Coffee,4,138.12,37.8
2024-08-28,Central,Stationery,Sticky Notes,2,67.23,22.84
2024-08-28,South,Groceries,Cereal,7,170.74,44.72
2024-08-28,North,Clothing,Jeans,3,154.06,51.62
2024-08-28,Central,Electronics,Tablet,11,10451.41,2001.39
2024-08-28,Central,Electronics,Headphones,3,424.09,32.37
2024-08-29,Central,Furniture,Dining Table,9,4494.39,1368.04
2024-08-29,Central,Clothing,Jacket,1,66.9,7.06
2024-08-29,Central,Clothing,Jeans,6,572.72,99.26
2024-08-29,South,Clothing,Cap,8,1079.78,348.29
2024-08-29,East,Stationery,Backpack,6,140.16,21.67
2024-08-29,Central,Groceries,Olive Oil,7,35.5,10.78
2024-08-29,West,Stationery,Backpack,10,472.05,136.51
2024-08-29,East,Stationery,Sticky Notes,5,81.41,22.38
2024-08-29,Central,Groceries,Organic Juice,9,71.22,15.41
2024-08-29,North,Clothing,Jeans,3,272.08,14.78
2024-08-29,East,Clothing,T-Shirt,11,429.77,111.31
2024-08-29,North,Groceries,Cereal,3,72.4,16.32
2024-08-29,South,Stationery,Desk Lamp,1,6.68,0.9
2024-08-29,South,Clothing,Sneakers,2,90.02,16.39
2024-08-30,West,Clothing,T-Shirt,2,34.87,5.58
2024-08-30,West,Clothing,Jeans,4,460.41,101.88
2024-08-30,South,Clothing,Sneakers,2,228.69,18.06
2024-08-30,West,Stationery,Backpack,5,83.86,25.55
2024-08-30,North,Furniture,Desk,5,3873.41,1157.46
2024-08-30,East,Furniture,Desk,3,697.96,35.4
2024-08-31,South,Clothing,Jeans,3,139.84,29.9
2024-08-31,West,Furniture,Desk,6,4529.16,637.82
2024-08-31,North,Furniture,Bookshelf,1,724.15,232.8
2024-08-31,South,Groceries,Coffee,6,212.91,19.67
2024-08-31,South,Clothing,Jeans,11,320.42,106.86
2024-08-31,East,Clothing,Jeans,2,201.87,54.78
2024-08-31,Central,Electronics,Laptop,5,3973.41,977.92
2024-08-31,North,Clothing,Sneakers,4,217.61,58.77
2024-09-01,West,Electronics,Tablet,1,1182.17,98.29
2024-09-01,South,Furniture,Sofa,8,4541.9,1055.33
2024-09-01,South,Clothing,Sneakers,10,862.6,43.71
2024-09-01,South,Clothing,Jeans,10,487.43,72.63
2024-09-01,South,Clothing,T-Shirt,7,358.53,49.14
2024-09-01,North,Electronics,Smartwatch,8,1138.78,258.87
2024-09-01,South,Stationery,Pen Set,9,451.99,156.03
2024-09-01,West,Furniture,Desk,10,4855.85,1171.21
2024-09-01,West,Stationery,Notebook,4,291.41,53.77
2024-09-01,Central,Furniture,Dining Table,6,440.46,104.26
2024-09-01,East,Furniture,Office Chair,1,759.95,60.68
2024-09-01,South,Stationery,Backpack,9,111.96,12.82
2024-09-01,East,Groceries,Olive Oil,8,259.29,21.61
2024-09-01,Central,Groceries,Snack Pack,10,93.59,9.12
2024-09-01,West,Furniture,Desk,11,768.71,100.95
2024-09-01,Central,Clothing,Cap,6,733.3,191.68
2024-09-02,West,Electronics,Tablet,2,1713.19,425.92
2024-09-02,South,Groceries,Coffee,4,99.18,22.56
2024-09-02,Central,Groceries,Organic Juice,6,80.07,4.63
2024-09-02,Central,Clothing,Sneakers,7,184.69,47.32
2024-09-02,South,Groceries,Olive Oil,8,308.09,92.27
2024-09-02,South,Groceries,Coffee,3,105.31,20.73
2024-09-02,North,Clothing,Sneakers,7,224.51,18.8
2024-09-02,West,Electronics,Laptop,9,1386.98,293.29
2024-09-02,South,Clothing,Sneakers,4,157.12,28.55
2024-09-02,East,Clothing,T-Shirt,7,701.33,54.1
2024-09-03,Central,Furniture,Dining Table,11,5417.98,1461.36
2024-09-03,South,Furniture,Bookshelf,3,581.19,110.26
2024-09-03,South,Furniture,Desk,8,4298.64,294.88
2024-09-03,East,Furniture,Sofa,5,4267.24,315.04
2024-09-03,North,Groceries,Cereal,10,194.32,13.55
2024-09-03,North,Clothing,Sneakers,7,873.77,135.02
2024-09-04,South,Furniture,Bookshelf,11,4856.0,1695.7
2024-09-04,East,Groceries,Cereal,1,39.99,12.25
2024-09-04,South,Groceries,Cereal,11,314.38,48.15
2024-09-04,East,Stationery,Pen Set,8,221.97,26.54
2024-09-04,West,Stationery,Notebook,3,106.48,29.36
2024-09-04,West,Stationery,Desk Lamp,9,230.88,45.65
2024-09-04,West,Groceries,Organic Juice,8,274.3,66.52
2024-09-04,North,Clothing,Cap,1,17.98,4.46
2024-09-04,West,Electronics,Headphones,7,5559.48,361.4
2024-09-04,North,Furniture,Bookshelf,6,2145.51,597.0
2024-09-05,North,Clothing,Jeans,3,91.89,30.02
2024-09-05,West,Stationery,Backpack,6,68.9,7.96
2024-09-05,South,Clothing,Jeans,9,518.17,33.83
2024-09-05,Central,Clothing,Sneakers,5,393.78,42.71
2024-09-05,East,Stationery,Notebook,1,32.56,11.3
2024-09-05,Central,Groceries,Olive Oil,5,158.77,54.63
2024-09-05,Central,Stationery,Backpack,5,48.61,4.0
2024-09-05,West,Stationery,Sticky Notes,5,319.25,37.45
2024-09-05,West,Stationery,Desk Lamp,10,674.4,43.42
2024-09-05,West,Furniture,Dining Table,4,2965.39,691.78
2024-09-06,West,Electronics,Smartwatch,7,5135.46,1271.53
2024-09-06,West,Stationery,Backpack,4,152.23,32.14
2024-09-06,Central,Electronics,Laptop,1,820.91,208.12
2024-09-06,North,Clothing,Cap,3,87.84,16.44
2024-09-06,South,Furniture,Desk,8,737.32,113.87
2024-09-06,West,Groceries,Organic Juice,7,200.82,66.78
2024-09-06,South,Groceries,Olive Oil,6,87.91,27.8
2024-09-06,West,Electronics,Smartphone,4,3227.72,197.38
2024-09-06,South,Clothing,T-Shirt,10,392.35,24.91
2024-09-06,East,Clothing,Jacket,9,341.02,20.55
2024-09-07,South,Groceries,Olive Oil,1,34.68,5.68
2024-09-07,Central,Clothing,Cap,8,393.53,108.53
2024-09-07,East,Stationery,Pen Set,8,240.76,47.24
2024-09-07,East,Furniture,Sofa,2,792.52,157.15
2024-09-07,West,Furniture,Dining Table,7,5465.18,1829.65
2024-09-07,South,Furniture,Sofa,5,1503.16,431.39
2024-09-07,South,Electronics,Headphones,6,2151.69,528.36
2024-09-08,West,Stationery,Desk Lamp,4,76.79,9.98
2024-09-08,North,Furniture,Dining Table,9,7699.59,2190.03
2024-09-08,East,Furniture,Bookshelf,4,504.0,164.02
2024-09-08,North,Stationery,Sticky Notes,9,411.32,57.12
2024-09-08,West,Stationery,Backpack,1,18.41,3.51
2024-09-08,West,Electronics,Laptop,9,9218.55,869.01
2024-09-08,South,Furniture,Dining Table,1,545.05,102.61
2024-09-09,North,Groceries,Coffee,9,194.35,48.57
2024-09-09,North,Furniture,Bookshelf,1,433.82,35.1
2024-09-09,Central,Groceries,Coffee,1,31.74,9.89
2024-09-09,North,Stationery,Notebook,7,397.85,91.81
2024-09-09,North,Clothing,Sneakers,9,514.79,32.9
2024-09-09,Central,Furniture,Office Chair,1,653.24,205.19
2024-09-09,Central,Stationery,Backpack,10,149.45,46.22
2024-09-09,West,Clothing,Cap,7,789.11,63.23
2024-09-09,South,Furniture,Desk,5,3932.13,480.37
2024-09-10,East,Clothing,Jeans,1,104.0,30.45
2024-09-10,South,Furniture,Dining Table,3,1518.03,138.46
2024-09-10,East,Clothing,Sneakers,6,644.64,56.71
2024-09-10,North,Electronics,Tablet,8,3300.63,841.41
2024-09-10,North,Electronics,Headphones,11,8622.31,2394.43
2024-09-10,South,Groceries,Snack Pack,2,33.99,2.84
2024-09-10,East,Furniture,Desk,2,462.6,34.99
2024-09-10,South,Clothing,Jacket,8,269.84,28.98
2024-09-10,East,Groceries,Coffee,11,216.84,61.3
2024-09-10,East,Groceries,Snack Pack,8,312.12,35.3
2024-09-10,East,Clothing,Jeans,2,48.1,6.29
2024-09-11,North,Furniture,Sofa,5,1281.12,293.43
2024-09-11,Central,Electronics,Laptop,7,8395.45,672.54
2024-09-11,Central,Electronics,Laptop,10,2124.98,130.86
2024-09-11,West,Electronics,Smartphone,8,7345.44,1639.15
2024-09-11,East,Electronics,Tablet,2,1173.14,226.5
2024-09-11,East,Electronics,Tablet,8,5136.68,1564.37
2024-09-11,South,Clothing,Cap,4,234.56,66.16
2024-09-11,West,Clothing,Jacket,4,286.68,77.3
2024-09-11,West,Furniture,Dining Table,9,1472.15,209.39
2024-09-11,East,Stationery,Notebook,5,384.67,115.57
2024-09-12,Central,Stationery,Notebook,3,195.72,58.38
2024-09-12,North,Electronics,Smartphone,10,1586.12,412.12
2024-09-12,North,Clothing,T-Shirt,3,95.42,10.35
2024-09-12,West,Clothing,T-Shirt,9,836.97,130.8
2024-09-12,North,Electronics,Smartphone,4,3737.34,861.14
2024-09-12,South,Electronics,Smartwatch,8,7582.81,671.43
2024-09-12,East,Groceries,Cereal,1,31.82,5.62
2024-09-12,Central,Electronics,Smartwatch,4,815.47,181.44
2024-09-12,West,Groceries,Snack Pack,6,187.68,36.45
2024-09-12,North,Stationery,Pen Set,9,467.62,104.69
2024-09-12,East,Furniture,Dining Table,2,1462.1,380.61
2024-09-12,East,Clothing,Sneakers,6,698.47,37.59
2024-09-12,East,Furniture,Bookshelf,9,4941.44,1353.81
2024-09-12,West,Electronics,Laptop,9,7499.13,1133.84
2024-09-12,West,Stationery,Sticky Notes,10,158.28,49.8
2024-09-12,Central,Stationery,Pen Set,3,75.36,16.14
2024-09-13,East,Groceries,Olive Oil,4,93.73,5.03
2024-09-13,South,Furniture,Bookshelf,4,1877.89,304.33
2024-09-13,Central,Furniture,Desk,11,6683.67,1290.43
2024-09-13,South,Furniture,Office Chair,7,3478.96,526.52
2024-09-13,North,Groceries,Cereal,1,7.85,2.35
2024-09-13,North,Furniture,Desk,4,2853.67,948.3
2024-09-13,West,Clothing,Jacket,10,982.22,227.41
2024-09-13,Central,Electronics,Headphones,8,7829.84,1930.13
2024-09-13,North,Stationery,Pen Set,5,186.0,21.33
2024-09-13,East,Electronics,Laptop,7,1096.25,136.11
2024-09-14,West,Stationery,Desk Lamp,3,180.73,21.0
2024-09-14,West,Furniture,Bookshelf,9,846.19,197.29
2024-09-14,East,Clothing,Cap,8,1046.72,182.38
2024-09-14,Central,Furniture,Dining Table,10,3731.51,1266.18
2024-09-14,West,Groceries,Coffee,1,12.83,2.47
2024-09-14,North,Clothing,T-Shirt,2,153.85,50.51
2024-09-14,South,Stationery,Backpack,9,528.52,128.26
2024-09-15,Central,Stationery,Pen Set,9,491.6,77.44
2024-09-15,Central,Stationery,Sticky Notes,3,163.69,37.99
2024-09-15,North,Clothing,Jeans,8,1138.56,396.57
2024-09-15,South,Stationery,Sticky Notes,9,568.34,136.7
2024-09-15,South,Groceries,Coffee,7,146.64,13.11
2024-09-15,Central,Furniture,Bookshelf,10,8896.2,2522.08
2024-09-15,North,Clothing,Sneakers,10,682.6,72.65
2024-09-16,Central,Groceries,Organic Juice,2,54.55,13.79
2024-09-16,East,Electronics,Smartphone,7,1906.37,635.7
2024-09-16,East,Stationery,Notebook,3,234.25,32.82
2024-09-16,East,Stationery,Notebook,4,306.0,21.7
2024-09-16,South,Electronics,Headphones,11,4106.73,1017.31
2024-09-17,East,Groceries,Olive Oil,6,216.48,64.97
2024-09-17,Central,Furniture,Dining Table,3,330.38,39.42
2024-09-17,East,Furniture,Office Chair,3,910.7,315.91
2024-09-17,West,Electronics,Headphones,5,1651.01,433.54
2024-09-17,East,Clothing,Sneakers,2,168.38,45.41
2024-09-17,South,Groceries,Organic Juice,2,55.45,16.55
2024-09-17,South,Furniture,Office Chair,11,8718.53,2704.03
2024-09-17,East,Groceries,Coffee,10,280.05,39.61
2024-09-18,East,Groceries,Snack Pack,3,10.06,1.5
2024-09-18,West,Groceries,Organic Juice,2,30.97,7.61
2024-09-18,East,Stationery,Pen Set,10,653.09,35.55
2024-09-18,South,Groceries,Cereal,5,23.32,1.83
2024-09-18,West,Electronics,Smartphone,11,8306.71,1867.14
2024-09-18,East,Groceries,Snack Pack,1,35.01,4.19
2024-09-18,South,Clothing,Cap,10,1160.12,401.96
2024-09-18,West,Clothing,Sneakers,5,548.27,159.22
2024-09-18,West,Electronics,Smartwatch,9,10145.12,1309.89
2024-09-19,East,Furniture,Desk,8,4832.45,1099.77
2024-09-19,West,Furniture,Office Chair,10,1167.13,300.44
2024-09-19,Central,Furniture,Office Chair,3,206.69,38.23
2024-09-19,Central,Clothing,Jacket,3,255.37,27.64
2024-09-19,South,Stationery,Notebook,7,168.97,31.59
2024-09-20,South,Electronics,Headphones,5,4532.07,1344.11
2024-09-20,North,Stationery,Sticky Notes,3,199.85,47.82
2024-09-20,South,Clothing,Jeans,5,664.83,168.69
2024-09-20,West,Electronics,Tablet,1,838.81,245.4
2024-09-20,North,Furniture,Desk,8,2107.21,317.64
2024-09-20,East,Stationery,Backpack,1,72.92,21.54
2024-09-20,South,Clothing,Jeans,7,381.52,44.27
2024-09-20,North,Stationery,Sticky Notes,6,370.34,19.11
2024-09-20,West,Clothing,Cap,11,968.04,196.2
2024-09-21,West,Stationery,Notebook,3,28.9,2.71
2024-09-21,South,Clothing,T-Shirt,1,129.84,38.32
2024-09-21,East,Groceries,Coffee,9,329.44,95.76
2024-09-21,East,Stationery,Backpack,2,51.31,14.98
2024-09-21,East,Stationery,Sticky Notes,10,678.25,128.34
2024-09-21,South,Electronics,Smartwatch,2,1073.51,87.48
2024-09-21,South,Stationery,Sticky Notes,11,781.75,246.9
2024-09-21,South,Stationery,Backpack,11,73.5,20.29
2024-09-21,Central,Electronics,Headphones,8,2103.37,301.65
2024-09-21,East,Groceries,Snack Pack,1,29.79,7.8
2024-09-21,South,Clothing,Sneakers,4,145.82,35.9
2024-09-21,East,Electronics,Smartphone,2,1651.36,92.78
2024-09-22,East,Furniture,Desk,11,5311.39,664.73
2024-09-22,East,Electronics,Smartwatch,3,1211.51,246.1
2024-09-22,South,Stationery,Sticky Notes,11,536.06,90.0
2024-09-22,East,Groceries,Olive Oil,5,114.24,15.03
2024-09-22,North,Stationery,Backpack,4,170.98,34.27
2024-09-22,East,Furniture,Dining Table,9,5114.3,1418.81
2024-09-22,South,Stationery,Sticky Notes,6,442.78,131.61
2024-09-22,Central,Clothing,T-Shirt,10,1218.97,286.86
2024-09-22,Central,Clothing,Sneakers,1,94.54,13.13
2024-09-23,West,Clothing,T-Shirt,8,851.52,288.75
2024-09-23,East,Electronics,Smartwatch,1,320.7,72.29
2024-09-23,North,Clothing,Cap,6,385.63,129.3
2024-09-23,South,Furniture,Desk,7,4711.45,771.23
2024-09-23,North,Electronics,Tablet,5,2910.43,264.56
2024-09-23,North,Stationery,Desk Lamp,1,68.42,22.18
2024-09-23,East,Stationery,Sticky Notes,9,660.41,183.6
2024-09-23,South,Furniture,Dining Table,10,1318.38,394.79
2024-09-23,North,Electronics,Laptop,2,644.17,49.48
2024-09-23,South,Clothing,Jacket,3,127.55,18.98
2024-09-24,East,Electronics,Headphones,2,1831.05,291.43
2024-09-24,North,Electronics,Smartwatch,2,909.99,102.09
2024-09-24,East,Electronics,Smartphone,5,5974.16,808.19
2024-09-24,West,Furniture,Office Chair,6,4960.47,1528.69
2024-09-24,North,Groceries,Cereal,10,347.9,104.34
2024-09-24,Central,Stationery,Desk Lamp,11,162.38,51.82
2024-09-25,West,Stationery,Desk Lamp,10,554.54,69.54
2024-09-25,Central,Electronics,Smartwatch,9,3726.5,1095.49
2024-09-25,Central,Stationery,Sticky Notes,6,288.63,63.1
2024-09-25,South,Groceries,Snack Pack,5,96.21,10.13
2024-09-25,West,Electronics,Headphones,2,374.84,105.81
2024-09-25,North,Electronics,Laptop,4,779.18,168.85
2024-09-25,South,Clothing,Sneakers,7,589.59,32.12
2024-09-26,Central,Clothing,Jacket,9,1029.75,94.62
2024-09-26,North,Clothing,Sneakers,8,305.19,29.8
2024-09-26,East,Furniture,Dining Table,3,1393.1,247.45
2024-09-26,West,Clothing,Cap,2,287.25,76.26
2024-09-26,East,Clothing,Jeans,2,87.56,12.17
2024-09-26,East,Electronics,Smartwatch,11,9727.01,567.59
2024-09-27,South,Furniture,Bookshelf,5,1380.39,197.52
2024-09-27,North,Electronics,Laptop,2,774.81,44.38
2024-09-27,Central,Groceries,Snack Pack,4,27.18,4.24
2024-09-27,Central,Groceries,Cereal,7,270.73,58.59
2024-09-27,East,Groceries,Snack Pack,11,66.46,12.98
2024-09-27,West,Furniture,Desk,11,3029.72,365.34
2024-09-27,East,Groceries,Olive Oil,1,20.27,6.17
2024-09-28,West,Electronics,Smartwatch,3,3161.94,581.13
2024-09-28,East,Stationery,Backpack,2,102.04,26.92
2024-09-28,West,Stationery,Desk Lamp,9,223.71,40.11
2024-09-28,South,Groceries,Organic Juice,9,61.35,20.09
2024-09-28,East,Furniture,Sofa,6,3748.7,702.24
2024-09-28,West,Clothing,Sneakers,4,248.05,39.0
2024-09-28,Central,Stationery,Backpack,2,77.31,18.23
2024-09-28,Central,Stationery,Sticky Notes,5,30.4,2.38
2024-09-28,East,Clothing,Jacket,6,722.38,181.78
2024-09-29,East,Clothing,Cap,4,272.11,33.8
2024-09-29,South,Furniture,Bookshelf,9,5283.44,1269.38
2024-09-29,South,Furniture,Bookshelf,7,2133.79,110.81
2024-09-29,West,Electronics,Tablet,4,3956.89,1137.15
2024-09-29,North,Clothing,T-Shirt,7,929.77,181.88
2024-09-29,North,Groceries,Olive Oil,1,16.25,2.29
2024-09-29,South,Electronics,Tablet,6,4828.37,581.29
2024-09-29,South,Electronics,Laptop,6,2034.34,262.25
2024-09-29,North,Clothing,Jacket,6,706.32,51.81
2024-09-29,Central,Clothing,Jacket,8,840.86,138.27
2024-09-29,South,Electronics,Laptop,4,2004.45,173.29
2024-09-29,North,Groceries,Coffee,7,186.54,22.26
2024-09-30,East,Clothing,Jeans,4,298.99,32.84
2024-09-30,East,Clothing,Cap,4,342.5,88.58
2024-09-30,Central,Stationery,Backpack,1,38.2,7.67
2024-09-30,North,Clothing,Sneakers,6,297.48,28.68
2024-09-30,Central,Stationery,Pen Set,3,93.9,14.17
2024-09-30,South,Clothing,Sneakers,2,221.95,50.39
2024-09-30,Central,Stationery,Sticky Notes,7,482.82,163.54
2024-09-30,Central,Stationery,Backpack,9,222.06,68.88
2024-09-30,Central,Stationery,Notebook,6,412.6,41.18
2024-10-01,East,Stationery,Notebook,7,532.54,179.52
2024-10-01,South,Stationery,Notebook,11,836.31,193.99
2024-10-01,South,Electronics,Laptop,3,2616.59,369.45
2024-10-01,West,Groceries,Snack Pack,1,35.54,3.5
2024-10-01,North,Electronics,Tablet,9,1959.1,368.32
2024-10-01,West,Stationery,Pen Set,2,74.89,8.26
2024-10-01,North,Furniture,Sofa,6,1548.24,406.9
2024-10-01,Central,Groceries,Olive Oil,2,52.3,15.99
2024-10-01,Central,Electronics,Laptop,4,868.26,134.54
2024-10-01,East,Electronics,Smartwatch,9,1217.44,377.58
2024-10-01,North,Groceries,Organic Juice,9,271.03,69.02
2024-10-01,North,Furniture,Sofa,11,901.82,208.81
2024-10-01,West,Furniture,Office Chair,4,2628.39,170.03
2024-10-02,Central,Groceries,Olive Oil,8,60.92,5.29
2024-10-02,South,Electronics,Smartphone,11,7385.54,793.08
2024-10-02,East,Clothing,Jeans,6,440.27,120.8
2024-10-02,West,Furniture,Desk,7,4978.12,1119.87
2024-10-02,South,Groceries,Coffee,1,23.24,7.05
2024-10-02,Central,Clothing,Sneakers,8,1102.4,371.23
2024-10-02,West,Stationery,Backpack,1,67.67,5.6
2024-10-02,South,Furniture,Office Chair,6,1899.42,638.92
2024-10-02,North,Electronics,Laptop,10,8261.46,2232.88
2024-10-03,South,Stationery,Desk Lamp,9,338.08,101.48
2024-10-03,North,Groceries,Cereal,10,178.89,45.36
2024-10-03,West,Furniture,Sofa,7,5419.6,879.21
2024-10-03,North,Electronics,Smartphone,2,420.44,111.6
2024-10-03,North,Clothing,Jeans,5,295.28,32.66
2024-10-03,South,Groceries,Snack Pack,5,46.55,11.88
2024-10-03,North,Electronics,Headphones,6,715.19,163.88
2024-10-04,West,Clothing,Sneakers,1,48.32,9.54
2024-10-04,Central,Stationery,Notebook,4,174.3,37.46
2024-10-04,Central,Groceries,Cereal,11,163.54,33.84
2024-10-04,North,Furniture,Sofa,8,4357.44,835.57
2024-10-04,East,Clothing,T-Shirt,1,139.64,28.86
2024-10-04,Central,Stationery,Desk Lamp,9,557.82,167.45
2024-10-05,West,Stationery,Desk Lamp,5,269.79,49.01
2024-10-05,Central,Furniture,Office Chair,9,2840.4,251.08
2024-10-05,West,Groceries,Organic Juice,3,63.74,14.79
2024-10-05,Central,Furniture,Office Chair,8,4381.94,608.37
2024-10-05,North,Electronics,Smartwatch,3,2675.27,831.56
2024-10-05,West,Clothing,T-Shirt,4,134.76,13.6
2024-10-06,North,Groceries,Organic Juice,10,60.88,7.18
2024-10-06,East,Clothing,Sneakers,8,618.08,130.52
2024-10-06,East,Clothing,Sneakers,5,464.92,92.85
2024-10-06,North,Groceries,Snack Pack,11,296.79,93.4
2024-10-06,South,Furniture,Dining Table,11,6589.08,1039.42
2024-10-06,South,Electronics,Laptop,7,1845.13,459.53
2024-10-07,North,Clothing,Sneakers,3,386.41,125.64
2024-10-07,North,Clothing,Sneakers,5,541.57,159.5
2024-10-07,North,Clothing,Jacket,11,587.9,189.79
2024-10-07,Central,Furniture,Desk,4,1494.14,401.28
2024-10-07,Central,Clothing,Jacket,6,283.61,40.65
2024-10-07,North,Stationery,Notebook,6,120.9,36.14
2024-10-07,Central,Clothing,Sneakers,7,650.91,146.29
2024-10-08,North,Stationery,Sticky Notes,1,63.24,19.43
2024-10-08,East,Groceries,Snack Pack,11,78.71,13.9
2024-10-08,East,Furniture,Sofa,1,840.13,84.41
2024-10-08,South,Electronics,Smartwatch,10,3299.51,299.45
2024-10-08,East,Furniture,Dining Table,8,6047.39,1572.2
2024-10-08,Central,Clothing,Jacket,8,843.08,157.28
2024-10-08,Central,Electronics,Smartwatch,6,4574.22,1207.53
2024-10-09,West,Groceries,Olive Oil,5,56.82,4.37
2024-10-09,North,Groceries,Olive Oil,3,55.33,7.24
2024-10-09,Central,Groceries,Coffee,1,33.09,10.61
2024-10-09,Central,Groceries,Organic Juice,11,205.4,19.72
2024-10-09,West,Electronics,Headphones,4,1818.32,601.0
2024-10-09,South,Groceries,Organic Juice,4,91.66,7.25
2024-10-09,Central,Clothing,Jeans,6,217.12,18.15
2024-10-09,West,Electronics,Laptop,2,1124.41,202.2
2024-10-09,North,Stationery,Pen Set,7,347.99,68.96
2024-10-09,North,Groceries,Olive Oil,9,268.58,58.31
2024-10-09,South,Groceries,Cereal,6,170.54,36.4
2024-10-09,Central,Furniture,Dining Table,1,367.49,27.68
2024-10-10,East,Groceries,Organic Juice,6,137.07,35.7
2024-10-10,South,Groceries,Olive Oil,3,13.62,2.36
2024-10-10,East,Electronics,Smartphone,2,1307.69,236.29
2024-10-10,East,Furniture,Dining Table,4,3414.87,747.1
2024-10-10,South,Stationery,Notebook,6,252.86,16.63
2024-10-10,North,Furniture,Bookshelf,9,2846.43,213.98
2024-10-11,North,Groceries,Organic Juice,8,276.58,73.78
2024-10-11,East,Electronics,Headphones,7,7672.23,1183.88
2024-10-11,Central,Stationery,Backpack,9,205.61,37.98
2024-10-11,Central,Clothing,Sneakers,5,624.83,94.8
2024-10-11,Central,Stationery,Backpack,10,676.63,140.35
2024-10-11,West,Groceries,Snack Pack,8,270.86,66.8
2024-10-11,West,Electronics,Headphones,2,1171.11,330.07
2024-10-11,North,Furniture,Desk,2,1100.45,199.09
2024-10-11,North,Stationery,Sticky Notes,10,698.08,227.52
2024-10-11,South,Stationery,Sticky Notes,7,342.28,78.39
2024-10-11,South,Clothing,Cap,9,638.51,140.75
2024-10-12,North,Electronics,Smartphone,4,865.37,194.49
2024-10-12,West,Stationery,Pen Set,4,253.42,23.9
2024-10-12,East,Electronics,Laptop,5,1079.8,146.34
2024-10-12,Central,Groceries,Coffee,3,85.21,19.56
2024-10-12,South,Clothing,Sneakers,6,427.81,116.3
2024-10-12,North,Furniture,Dining Table,4,619.38,193.19
2024-10-12,West,Electronics,Smartphone,9,10756.62,3438.15
2024-10-12,East,Electronics,Smartwatch,9,10501.88,778.61
2024-10-12,East,Furniture,Office Chair,6,2644.58,739.44
2024-10-13,West,Furniture,Bookshelf,3,935.86,323.44
2024-10-13,West,Electronics,Headphones,10,11649.31,3605.43
2024-10-13,West,Groceries,Snack Pack,3,62.47,11.13
2024-10-13,North,Furniture,Office Chair,7,427.27,72.55
2024-10-14,Central,Stationery,Pen Set,3,171.67,28.9
2024-10-14,West,Stationery,Pen Set,4,105.37,27.23
2024-10-14,East,Groceries,Coffee,11,291.84,81.19
2024-10-14,Central,Stationery,Desk Lamp,3,22.53,4.5
2024-10-14,East,Electronics,Smartwatch,2,800.43,192.76
2024-10-14,West,Clothing,Jeans,1,105.52,11.86
2024-10-15,West,Electronics,Tablet,3,1066.23,251.09
2024-10-15,North,Groceries,Coffee,9,309.38,37.45
2024-10-15,North,Groceries,Organic Juice,3,41.89,11.46
2024-10-15,North,Electronics,Tablet,6,5791.02,1641.12
2024-10-15,South,Groceries,Olive Oil,4,31.81,4.12
2024-10-15,West,Clothing,Jacket,5,572.22,123.46
2024-10-16,East,Furniture,Sofa,11,2923.73,903.63
2024-10-16,South,Electronics,Tablet,6,3885.18,632.95
2024-10-16,East,Clothing,Jeans,9,1068.77,80.62
2024-10-16,West,Furniture,Office Chair,1,862.55,207.16
2024-10-16,North,Clothing,Cap,7,454.65,28.89
2024-10-17,East,Stationery,Desk Lamp,8,451.24,52.91
2024-10-17,South,Electronics,Smartwatch,7,6758.44,1663.38
2024-10-17,East,Electronics,Laptop,8,6178.69,1632.02
2024-10-18,Central,Stationery,Backpack,4,292.16,30.69
2024-10-18,Central,Clothing,Sneakers,6,603.36,148.81
2024-10-18,South,Clothing,Cap,8,583.41,51.48
2024-10-18,West,Groceries,Snack Pack,8,34.5,11.34
2024-10-18,North,Electronics,Laptop,10,6096.61,1092.78
2024-10-18,South,Electronics,Laptop,1,674.37,187.17
2024-10-18,East,Furniture,Desk,2,901.84,92.93
2024-10-18,Central,Groceries,Organic Juice,6,217.25,56.32
2024-10-18,South,Groceries,Coffee,3,18.13,6.18
2024-10-18,Central,Stationery,Notebook,6,383.87,49.42
2024-10-19,North,Stationery,Backpack,11,591.18,119.79
2024-10-19,West,Electronics,Smartphone,3,2862.38,836.64
2024-10-19,Central,Stationery,Notebook,8,122.5,39.09
2024-10-19,Central,Clothing,Jacket,1,147.1,51.31
2024-10-19,West,Clothing,Cap,7,654.32,224.93
2024-10-20,West,Furniture,Dining Table,7,4111.75,1256.56
2024-10-20,Central,Clothing,Sneakers,1,44.05,2.38
2024-10-20,North,Furniture,Dining Table,4,1263.96,309.42
2024-10-20,Central,Stationery,Notebook,2,92.79,31.63
2024-10-20,East,Stationery,Backpack,11,788.86,213.52
2024-10-20,East,Groceries,Snack Pack,3,16.72,3.84
2024-10-20,South,Stationery,Notebook,11,316.63,64.12
2024-10-21,East,Furniture,Dining Table,6,1196.64,177.97
2024-10-21,East,Furniture,Bookshelf,10,6944.08,1276.44
2024-10-21,South,Clothing,Sneakers,1,137.25,15.71
2024-10-21,East,Electronics,Headphones,3,1039.23,221.27
2024-10-21,East,Clothing,Jacket,2,84.02,29.37
2024-10-21,North,Groceries,Cereal,7,150.57,28.26
2024-10-21,Central,Clothing,Jacket,6,465.8,29.6
2024-10-21,West,Groceries,Cereal,11,33.08,5.57
2024-10-22,East,Electronics,Headphones,2,2165.65,755.93
2024-10-22,East,Electronics,Smartphone,6,4628.43,696.15
2024-10-22,Central,Electronics,Laptop,7,7453.5,2303.94
2024-10-22,South,Stationery,Notebook,2,36.72,10.55
2024-10-22,West,Clothing,Jeans,4,416.69,95.39
2024-10-22,South,Furniture,Sofa,2,532.7,32.27
2024-10-22,Central,Electronics,Smartwatch,4,2909.5,667.59
2024-10-23,North,Furniture,Sofa,2,850.14,178.03
2024-10-23,Central,Electronics,Tablet,2,1001.98,123.79
2024-10-23,South,Furniture,Sofa,11,750.36,248.37
2024-10-23,South,Electronics,Headphones,10,9867.29,1091.04
2024-10-23,East,Clothing,Cap,5,405.24,112.92
2024-10-23,North,Stationery,Backpack,3,152.48,28.2
2024-10-24,Central,Furniture,Bookshelf,6,1685.54,496.97
2024-10-24,West,Furniture,Dining Table,5,1350.33,74.95
2024-10-24,North,Clothing,Cap,2,73.3,20.82
2024-10-24,North,Stationery,Sticky Notes,2,93.31,8.31
2024-10-24,Central,Furniture,Dining Table,5,3141.65,1062.33
2024-10-24,West,Electronics,Headphones,5,4372.19,1000.98
2024-10-25,Central,Clothing,Cap,11,602.8,112.93
2024-10-26,Central,Stationery,Pen Set,4,189.05,14.27
2024-10-26,East,Furniture,Dining Table,1,160.19,30.34
2024-10-26,West,Furniture,Desk,4,3496.72,659.18
2024-10-26,Central,Electronics,Headphones,5,3196.99,452.02
2024-10-26,East,Stationery,Pen Set,7,396.85,94.2
2024-10-26,West,Furniture,Dining Table,8,731.31,63.06
2024-10-26,South,Stationery,Sticky Notes,6,147.48,35.09
2024-10-26,Central,Stationery,Desk Lamp,6,351.91,116.49
2024-10-26,Central,Furniture,Bookshelf,3,567.45,108.48
2024-10-27,South,Electronics,Laptop,7,6984.03,1526.69
2024-10-27,East,Stationery,Pen Set,6,213.68,18.69
2024-10-27,South,Groceries,Olive Oil,10,206.79,66.68
2024-10-27,West,Electronics,Tablet,6,2174.75,487.36
2024-10-27,West,Stationery,Notebook,9,587.92,102.74
2024-10-27,West,Furniture,Bookshelf,3,348.75,118.24
2024-10-28,West,Stationery,Notebook,2,72.11,5.2
2024-10-28,South,Clothing,T-Shirt,7,406.3,38.43
2024-10-28,East,Clothing,Jacket,1,74.82,23.69
2024-10-28,Central,Clothing,Sneakers,2,133.98,29.08
2024-10-28,Central,Electronics,Headphones,10,10404.52,1568.89
2024-10-28,South,Clothing,Cap,10,1473.62,130.51
2024-10-28,Central,Clothing,Jeans,9,1282.02,430.71
2024-10-28,East,Clothing,Jeans,4,282.88,20.6
2024-10-28,Central,Furniture,Dining Table,7,3964.03,1074.94
2024-10-28,East,Groceries,Olive Oil,4,28.27,4.16
2024-10-28,Central,Furniture,Office Chair,11,8296.85,2755.77
2024-10-29,East,Stationery,Pen Set,10,289.57,52.74
2024-10-29,East,Furniture,Desk,10,1284.03,91.45
2024-10-29,West,Electronics,Smartwatch,6,3480.86,316.84
2024-10-29,East,Stationery,Pen Set,2,142.33,21.45
2024-10-29,East,Furniture,Bookshelf,5,1689.74,210.57
2024-10-29,East,Stationery,Sticky Notes,3,207.6,29.7
2024-10-30,South,Electronics,Smartwatch,6,1791.7,525.22
2024-10-30,West,Clothing,Cap,10,1458.33,219.45
2024-10-30,East,Stationery,Sticky Notes,8,516.06,116.49
2024-10-30,West,Furniture,Office Chair,7,4894.48,1147.14
2024-10-30,South,Electronics,Tablet,8,2462.66,701.04
2024-10-30,East,Clothing,Jacket,10,1493.11,449.64
2024-10-30,West,Furniture,Desk,5,1616.6,557.04
2024-10-30,East,Furniture,Dining Table,1,194.48,51.43
2024-10-30,North,Clothing,Sneakers,10,654.31,166.24
2024-10-30,Central,Clothing,Sneakers,11,1312.59,135.39
2024-10-30,West,Furniture,Sofa,6,4935.44,1316.26
2024-10-30,East,Clothing,T-Shirt,6,474.28,116.48
2024-10-30,South,Furniture,Sofa,6,601.93,71.8
2024-10-31,South,Furniture,Sofa,3,717.49,238.72
2024-10-31,Central,Stationery,Sticky Notes,10,396.79,83.09
2024-10-31,South,Groceries,Snack Pack,5,36.64,2.99
2024-10-31,South,Groceries,Organic Juice,5,62.51,7.37
2024-10-31,Central,Groceries,Organic Juice,8,94.73,25.15
2024-11-01,North,Clothing,T-Shirt,11,528.85,57.2
2024-11-01,West,Groceries,Snack Pack,3,116.68,37.16
2024-11-01,West,Clothing,Cap,11,633.93,125.87
2024-11-01,North,Electronics,Headphones,9,2287.84,116.14
2024-11-01,South,Groceries,Snack Pack,4,110.95,21.25
2024-11-01,South,Electronics,Laptop,9,3520.81,878.38
2024-11-01,West,Stationery,Desk Lamp,1,19.49,3.93
2024-11-01,North,Clothing,Jeans,7,357.4,83.29
2024-11-01,North,Furniture,Dining Table,3,2445.01,221.07
2024-11-01,North,Furniture,Bookshelf,9,7271.97,1933.81
2024-11-02,West,Electronics,Smartphone,10,11905.9,958.1
2024-11-02,South,Electronics,Tablet,4,3046.4,715.04
2024-11-02,West,Electronics,Smartwatch,2,1785.59,276.08
2024-11-02,East,Groceries,Snack Pack,9,119.06,20.1
2024-11-02,Central,Clothing,T-Shirt,8,796.12,88.82
2024-11-02,West,Electronics,Headphones,1,205.58,35.13
2024-11-03,South,Clothing,Jacket,11,1137.71,315.75
2024-11-03,Central,Furniture,Dining Table,6,1101.81,249.81
2024-11-03,South,Furniture,Sofa,11,4022.25,268.25
2024-11-03,Central,Groceries,Olive Oil,10,68.51,20.35
2024-11-03,East,Clothing,Cap,10,595.13,62.69
2024-11-03,East,Furniture,Dining Table,11,7339.74,1569.29
2024-11-03,North,Electronics,Tablet,9,971.71,225.92
2024-11-03,Central,Electronics,Laptop,8,9003.38,2361.82
2024-11-03,North,Electronics,Tablet,2,676.92,109.46
2024-11-03,East,Electronics,Headphones,5,1636.81,394.22
2024-11-03,South,Stationery,Pen Set,4,203.99,43.59
2024-11-04,South,Furniture,Office Chair,6,4684.63,1430.81
2024-11-04,South,Furniture,Dining Table,2,140.81,25.28
2024-11-04,South,Groceries,Cereal,5,31.13,7.33
2024-11-04,South,Furniture,Desk,4,937.06,320.97
2024-11-04,Central,Furniture,Office Chair,5,4330.85,1303.2
2024-11-04,South,Electronics,Headphones,11,11445.73,1756.91
2024-11-04,Central,Furniture,Dining Table,9,7053.2,383.62
2024-11-04,North,Furniture,Sofa,6,3402.76,523.7
2024-11-05,West,Clothing,Jacket,5,75.58,4.97
2024-11-05,Central,Electronics,Smartphone,11,933.89,305.03
2024-11-05,North,Electronics,Smartphone,8,2289.71,544.53
2024-11-05,North,Groceries,Olive Oil,4,126.44,43.47
2024-11-05,West,Groceries,Cereal,9,178.65,9.19
2024-11-06,North,Electronics,Smartphone,8,3210.03,359.21
2024-11-06,North,Stationery,Desk Lamp,6,194.43,39.01
2024-11-06,Central,Furniture,Dining Table,5,2646.3,682.08
2024-11-06,South,Furniture,Office Chair,6,2972.16,317.85
2024-11-06,South,Stationery,Pen Set,4,204.74,43.47
2024-11-06,South,Groceries,Cereal,1,33.62,3.55
2024-11-06,East,Clothing,Cap,5,309.42,81.07
2024-11-07,Central,Clothing,Sneakers,10,845.92,183.84
2024-11-07,Central,Stationery,Backpack,5,74.74,13.17
2024-11-07,East,Clothing,Jacket,11,710.26,52.26
2024-11-07,Central,Electronics,Headphones,9,1313.67,276.68
2024-11-07,South,Electronics,Smartwatch,11,4814.67,359.73
2024-11-08,East,Furniture,Sofa,3,2177.2,161.12
2024-11-08,South,Clothing,Jeans,6,652.89,151.57
2024-11-08,Central,Furniture,Dining Table,9,4744.07,1290.67
2024-11-08,North,Stationery,Notebook,10,750.17,80.23
2024-11-08,East,Groceries,Cereal,3,68.44,4.48
2024-11-08,South,Stationery,Sticky Notes,10,782.46,244.82
2024-11-08,Central,Groceries,Organic Juice,11,67.73,15.22
2024-11-08,West,Electronics,Smartwatch,1,499.21,48.18
2024-11-08,East,Electronics,Headphones,1,811.56,102.31
2024-11-09,Central,Groceries,Cereal,11,48.95,14.88
2024-11-09,South,Furniture,Desk,3,1734.62,484.54
2024-11-09,Central,Clothing,Sneakers,8,1006.87,298.61
2024-11-10,Central,Clothing,Cap,10,819.97,58.61
2024-11-10,North,Stationery,Desk Lamp,9,243.46,78.33
2024-11-10,Central,Clothing,Sneakers,9,970.21,304.76
2024-11-10,North,Electronics,Tablet,1,417.96,41.18
2024-11-10,East,Electronics,Laptop,4,1344.55,301.83
2024-11-10,West,Furniture,Office Chair,7,5686.29,965.14
2024-11-10,North,Groceries,Cereal,10,105.3,6.1
2024-11-10,Central,Clothing,Cap,10,850.45,211.12
2024-11-10,East,Clothing,T-Shirt,11,999.5,267.06
2024-11-11,East,Stationery,Pen Set,1,26.88,2.81
2024-11-11,East,Stationery,Desk Lamp,9,491.05,29.73
2024-11-11,South,Groceries,Snack Pack,3,112.28,37.81
2024-11-11,Central,Electronics,Laptop,5,1278.32,267.88
2024-11-11,Central,Groceries,Cereal,3,117.78,34.24
2024-11-11,North,Clothing,Jacket,11,1643.73,410.65
2024-11-11,North,Stationery,Desk Lamp,6,190.53,38.2
2024-11-12,West,Groceries,Olive Oil,6,184.78,39.36
2024-11-12,South,Furniture,Desk,6,4078.44,1001.71
2024-11-12,East,Clothing,Cap,7,887.93,132.53
2024-11-12,North,Electronics,Headphones,11,1813.91,515.27
2024-11-12,Central,Stationery,Notebook,11,764.93,56.33
2024-11-12,West,Stationery,Backpack,11,522.53,175.84
2024-11-12,North,Stationery,Notebook,4,244.73,79.54
2024-11-13,West,Groceries,Organic Juice,2,62.18,11.89
2024-11-13,Central,Electronics,Laptop,11,8904.51,720.07
2024-11-13,East,Clothing,T-Shirt,6,302.83,41.44
2024-11-13,South,Clothing,Sneakers,3,292.9,55.35
2024-11-13,North,Furniture,Office Chair,2,1146.39,254.61
2024-11-13,East,Stationery,Sticky Notes,4,57.18,6.63
2024-11-13,South,Groceries,Cereal,4,20.55,1.15
2024-11-13,Central,Stationery,Sticky Notes,4,186.48,46.6
2024-11-13,West,Clothing,Sneakers,4,392.88,64.61
2024-11-13,North,Stationery,Desk Lamp,1,21.68,5.88
2024-11-13,North,Electronics,Laptop,2,203.91,49.31
2024-11-13,South,Stationery,Notebook,1,64.23,5.51
2024-11-14,Central,Electronics,Laptop,7,2553.98,738.89
2024-11-14,South,Electronics,Smartwatch,6,2076.19,542.47
2024-11-14,North,Stationery,Notebook,6,49.74,14.6
2024-11-14,North,Furniture,Bookshelf,4,367.67,111.77
2024-11-14,South,Groceries,Coffee,1,32.1,6.47
2024-11-15,South,Electronics,Tablet,10,10212.64,1957.46
2024-11-15,South,Groceries,Coffee,9,310.01,16.23
2024-11-15,South,Furniture,Office Chair,9,3900.3,306.67
2024-11-15,West,Groceries,Coffee,6,63.99,7.08
2024-11-15,Central,Groceries,Snack Pack,4,54.5,3.79
2024-11-15,West,Stationery,Backpack,11,727.02,174.58
2024-11-15,East,Stationery,Notebook,5,170.91,13.53
2024-11-15,East,Electronics,Smartwatch,6,7197.64,1722.19
2024-11-15,Central,Furniture,Sofa,11,7159.53,2190.58
2024-11-16,West,Electronics,Laptop,2,1439.25,351.8
2024-11-16,South,Groceries,Cereal,6,107.36,13.83
2024-11-16,Central,Groceries,Coffee,11,295.01,81.99
2024-11-16,North,Electronics,Tablet,6,6287.87,336.57
2024-11-16,East,Furniture,Desk,6,3179.45,1012.78
2024-11-16,West,Groceries,Coffee,7,127.74,32.64
2024-11-16,West,Furniture,Office Chair,1,724.78,223.22
2024-11-16,West,Furniture,Office Chair,1,689.86,190.85
2024-11-16,West,Clothing,Sneakers,3,415.42,27.57
2024-11-17,West,Clothing,Jeans,1,26.27,2.78
2024-11-17,South,Groceries,Cereal,2,61.32,3.73
2024-11-17,West,Clothing,Jeans,4,328.52,96.82
2024-11-17,East,Furniture,Desk,11,8488.89,1143.77
2024-11-17,Central,Furniture,Bookshelf,8,2917.42,156.18
2024-11-17,Central,Clothing,Jeans,11,945.43,246.65
2024-11-17,Central,Stationery,Notebook,8,137.74,13.7
2024-11-17,Central,Clothing,Sneakers,6,775.31,257.83
2024-11-17,North,Furniture,Bookshelf,8,5548.78,302.76
2024-11-17,Central,Electronics,Smartphone,3,1876.46,563.17
2024-11-17,South,Electronics,Tablet,8,6482.51,2227.25
2024-11-17,North,Furniture,Desk,7,6069.15,1398.58
2024-11-17,East,Groceries,Olive Oil,1,32.59,2.52
2024-11-18,North,Stationery,Pen Set,6,288.11,72.36
2024-11-18,East,Stationery,Sticky Notes,6,448.17,119.58
2024-11-18,South,Stationery,Desk Lamp,7,443.13,71.9
2024-11-18,East,Clothing,Jacket,11,713.68,116.88
2024-11-18,West,Stationery,Backpack,4,118.99,29.44
2024-11-18,South,Stationery,Notebook,8,129.56,18.97
2024-11-18,South,Clothing,Sneakers,1,56.88,18.59
2024-11-19,West,Furniture,Bookshelf,2,259.34,60.94
2024-11-19,South,Stationery,Pen Set,3,126.36,13.68
2024-11-19,Central,Groceries,Olive Oil,8,231.25,38.87
2024-11-19,North,Clothing,Jeans,10,874.96,225.6
2024-11-19,North,Groceries,Snack Pack,3,108.94,17.04
2024-11-19,North,Clothing,Jacket,11,1445.72,204.9
2024-11-19,East,Clothing,T-Shirt,4,281.69,88.45
2024-11-20,East,Clothing,Sneakers,9,1086.82,159.89
2024-11-20,West,Stationery,Sticky Notes,3,212.03,17.35
2024-11-20,East,Groceries,Organic Juice,4,75.36,17.36
2024-11-20,North,Furniture,Bookshelf,1,340.16,36.33
2024-11-20,East,Clothing,Cap,2,75.05,6.56
2024-11-20,North,Clothing,Jacket,1,138.56,38.93
2024-11-20,South,Clothing,Jacket,2,297.85,100.46
2024-11-20,North,Clothing,Jeans,5,381.73,117.67
2024-11-21,North,Stationery,Desk Lamp,9,150.66,30.88
2024-11-21,West,Clothing,Jacket,5,302.07,65.87
2024-11-21,North,Electronics,Smartwatch,6,700.57,37.6
2024-11-21,West,Groceries,Olive Oil,9,55.42,16.46
2024-11-21,Central,Clothing,T-Shirt,7,771.52,238.92
2024-11-21,South,Groceries,Organic Juice,9,325.61,80.23
2024-11-21,West,Furniture,Office Chair,10,7959.03,567.06
2024-11-21,South,Groceries,Snack Pack,11,313.11,105.9
2024-11-21,East,Clothing,Jeans,6,251.2,24.3
2024-11-22,Central,Furniture,Bookshelf,9,6980.23,1753.52
2024-11-22,Central,Groceries,Cereal,3,39.19,1.99
2024-11-22,North,Furniture,Office Chair,5,4354.68,600.3
2024-11-22,Central,Stationery,Sticky Notes,1,25.26,8.11
2024-11-22,East,Groceries,Organic Juice,10,288.57,14.74
2024-11-22,East,Furniture,Office Chair,7,2250.07,481.24
2024-11-22,South,Clothing,Jeans,8,231.91,36.3
2024-11-22,Central,Groceries,Olive Oil,11,64.43,8.02
2024-11-22,Central,Furniture,Sofa,11,8307.63,1740.62
2024-11-23,West,Furniture,Desk,8,2337.0,222.7
2024-11-23,South,Clothing,Jeans,7,878.31,46.09
2024-11-23,Central,Stationery,Pen Set,1,23.93,7.81
2024-11-23,South,Stationery,Notebook,7,367.25,117.15
2024-11-23,South,Electronics,Tablet,5,2964.11,378.22
2024-11-23,South,Electronics,Smartphone,11,12375.74,2178.31
2024-11-23,Central,Groceries,Coffee,6,160.91,55.35
2024-11-23,Central,Stationery,Sticky Notes,2,43.41,3.99
2024-11-23,West,Groceries,Cereal,1,13.86,4.8
2024-11-23,West,Clothing,Cap,2,150.73,18.95
2024-11-23,Central,Furniture,Bookshelf,11,9045.43,798.94
2024-11-23,South,Groceries,Coffee,1,29.83,1.62
2024-11-23,East,Stationery,Desk Lamp,9,513.01,60.05
2024-11-24,East,Electronics,Tablet,11,8609.22,494.21
2024-11-24,North,Furniture,Office Chair,1,585.39,120.16
2024-11-24,North,Furniture,Dining Table,7,1030.92,188.04
2024-11-24,West,Clothing,Sneakers,7,341.52,103.21
2024-11-24,East,Groceries,Cereal,7,216.2,49.72
2024-11-24,East,Clothing,Jeans,6,707.65,211.87
2024-11-24,East,Electronics,Tablet,2,1678.3,455.04
2024-11-25,West,Groceries,Coffee,4,59.1,13.46
2024-11-25,North,Furniture,Bookshelf,11,4352.33,1100.64
2024-11-25,West,Groceries,Cereal,2,37.77,9.36
2024-11-25,North,Clothing,Jeans,6,580.11,160.84
2024-11-25,East,Furniture,Office Chair,6,1685.84,474.46
2024-11-25,West,Stationery,Sticky Notes,9,305.96,67.21
2024-11-25,Central,Stationery,Notebook,6,78.92,6.48
2024-11-25,South,Furniture,Dining Table,3,586.91,204.18
2024-11-26,North,Stationery,Pen Set,11,299.13,29.4
2024-11-26,East,Groceries,Cereal,3,22.73,5.56
2024-11-26,Central,Clothing,Sneakers,6,854.58,152.73
2024-11-26,East,Groceries,Coffee,3,103.68,28.33
2024-11-26,West,Clothing,Jacket,1,66.45,5.89
2024-11-27,South,Electronics,Headphones,8,6041.68,983.29
2024-11-27,East,Clothing,T-Shirt,5,534.68,138.02
2024-11-27,North,Clothing,Cap,11,971.77,227.25
2024-11-27,West,Electronics,Headphones,11,3367.88,546.61
2024-11-27,Central,Clothing,T-Shirt,4,436.38,136.98
2024-11-27,West,Groceries,Organic Juice,10,279.94,41.44
2024-11-27,Central,Stationery,Backpack,7,453.19,137.33
2024-11-28,South,Furniture,Office Chair,7,4732.45,1041.8
2024-11-28,South,Electronics,Smartphone,4,2490.89,396.28
2024-11-28,North,Electronics,Smartwatch,8,7820.82,836.78
2024-11-28,South,Stationery,Backpack,9,574.72,46.07
2024-11-28,North,Electronics,Headphones,2,1067.61,74.28
2024-11-28,West,Clothing,Jeans,10,263.24,78.94
2024-11-28,South,Stationery,Notebook,5,142.32,34.91
2024-11-28,Central,Electronics,Tablet,1,897.44,266.66
2024-11-28,North,Groceries,Coffee,10,393.88,88.36
2024-11-28,East,Furniture,Dining Table,5,4368.01,993.3
2024-11-29,North,Electronics,Headphones,8,2284.87,732.9
2024-11-29,South,Electronics,Smartphone,6,3092.82,392.29
2024-11-29,South,Stationery,Pen Set,5,114.28,18.7
2024-11-29,South,Clothing,Sneakers,1,149.27,18.97
2024-11-30,North,Groceries,Organic Juice,2,49.96,9.48
2024-11-30,North,Stationery,Pen Set,11,81.65,9.48
2024-11-30,West,Furniture,Office Chair,3,245.5,39.7
2024-11-30,West,Groceries,Coffee,11,435.61,27.38
2024-11-30,North,Groceries,Organic Juice,5,77.2,15.65
2024-11-30,East,Furniture,Sofa,10,5804.49,1113.87
2024-11-30,North,Clothing,Jeans,2,233.34,13.0
2024-11-30,Central,Furniture,Bookshelf,3,750.51,151.74
2024-12-01,South,Electronics,Tablet,1,736.07,215.93
2024-12-01,East,Groceries,Olive Oil,4,99.92,12.82
2024-12-01,North,Clothing,Jeans,4,464.25,97.22
2024-12-01,North,Furniture,Sofa,2,489.07,44.8
2024-12-01,North,Stationery,Notebook,9,704.08,103.63
2024-12-01,West,Clothing,Jeans,11,1267.3,65.01
2024-12-01,North,Clothing,Jacket,3,50.0,2.51
2024-12-01,West,Clothing,Sneakers,3,235.04,15.99
2024-12-01,Central,Stationery,Pen Set,10,172.95,50.46
2024-12-01,South,Clothing,Sneakers,10,1006.57,227.95
2024-12-01,West,Stationery,Notebook,6,266.64,32.17
2024-12-01,Central,Furniture,Bookshelf,10,5943.39,604.04
2024-12-02,West,Furniture,Office Chair,11,2345.36,810.86
2024-12-02,North,Groceries,Cereal,2,41.96,10.23
2024-12-02,East,Groceries,Snack Pack,5,162.24,52.89
2024-12-02,North,Stationery,Backpack,8,343.36,23.32
2024-12-02,South,Stationery,Notebook,4,49.45,7.64
2024-12-02,North,Groceries,Olive Oil,4,36.13,5.97
2024-12-02,East,Stationery,Notebook,10,190.32,26.25
2024-12-02,Central,Stationery,Desk Lamp,7,504.49,135.55
2024-12-03,South,Furniture,Bookshelf,7,2085.83,566.04
2024-12-03,Central,Clothing,Jeans,5,576.81,85.93
2024-12-03,East,Furniture,Sofa,7,3999.65,1311.67
2024-12-03,South,Groceries,Olive Oil,4,69.29,23.06
2024-12-03,South,Stationery,Notebook,9,639.59,72.51
2024-12-04,East,Groceries,Cereal,11,394.83,54.93
2024-12-04,West,Groceries,Coffee,9,343.09,48.92
2024-12-04,Central,Electronics,Laptop,6,6421.63,1508.1
2024-12-04,West,Furniture,Office Chair,9,5923.13,1299.79
2024-12-04,South,Clothing,T-Shirt,8,362.48,30.45
2024-12-04,North,Groceries,Organic Juice,8,84.39,15.07
2024-12-04,West,Groceries,Cereal,9,217.85,56.7
2024-12-04,East,Stationery,Backpack,11,733.07,55.87
2024-12-04,North,Furniture,Office Chair,8,3122.72,812.34
2024-12-04,East,Groceries,Olive Oil,7,49.04,11.7
2024-12-04,South,Furniture,Bookshelf,1,458.77,118.21
2024-12-04,South,Stationery,Sticky Notes,1,71.2,10.23
2024-12-05,East,Clothing,Jeans,4,542.16,182.59
2024-12-05,North,Clothing,Jeans,2,154.9,42.31
2024-12-05,West,Electronics,Laptop,11,2225.96,387.19
2024-12-05,South,Stationery,Backpack,3,226.66,78.36
2024-12-05,West,Stationery,Backpack,8,515.96,104.05
2024-12-05,West,Electronics,Smartphone,8,2689.16,208.61
2024-12-05,South,Groceries,Coffee,2,52.56,10.62
2024-12-05,East,Groceries,Cereal,4,15.28,4.62
2024-12-05,South,Electronics,Tablet,7,2407.99,643.79
2024-12-05,East,Groceries,Olive Oil,6,46.61,10.95
2024-12-05,West,Electronics,Laptop,2,1519.43,382.65
2024-12-05,South,Electronics,Tablet,6,1141.15,282.77
2024-12-05,East,Clothing,Jacket,11,1187.67,144.92
2024-12-05,Central,Furniture,Bookshelf,11,2274.58,417.35
2024-12-05,East,Furniture,Office Chair,6,542.48,120.4
2024-12-05,South,Groceries,Organic Juice,3,45.7,11.79
2024-12-06,Central,Groceries,Snack Pack,7,108.33,20.66
2024-12-06,South,Furniture,Office Chair,6,3912.19,1120.32
2024-12-06,Central,Clothing,T-Shirt,3,412.1,102.92
2024-12-06,West,Clothing,Jeans,6,508.41,105.58
2024-12-06,West,Electronics,Headphones,6,4992.53,1702.4
2024-12-06,Central,Furniture,Bookshelf,10,5554.16,411.09
2024-12-06,Central,Stationery,Notebook,3,23.09,6.33
2024-12-06,West,Electronics,Laptop,7,6447.28,1769.24
2024-12-07,North,Furniture,Dining Table,5,2990.93,629.74
2024-12-07,North,Electronics,Smartphone,10,5906.26,522.6
2024-12-07,South,Clothing,Jeans,1,63.79,22.27
2024-12-07,West,Groceries,Olive Oil,3,44.28,13.2
2024-12-07,East,Furniture,Office Chair,1,712.19,155.86
2024-12-07,North,Groceries,Organic Juice,8,282.08,83.64
2024-12-07,East,Stationery,Pen Set,2,101.73,18.08
2024-12-08,Central,Stationery,Sticky Notes,9,394.52,41.36
2024-12-08,Central,Stationery,Sticky Notes,6,135.59,46.46
2024-12-08,Central,Furniture,Office Chair,5,724.72,214.39
2024-12-09,North,Clothing,T-Shirt,7,392.35,20.85
2024-12-09,South,Stationery,Sticky Notes,10,87.13,6.28
2024-12-09,North,Stationery,Backpack,10,155.75,27.96
2024-12-09,Central,Clothing,Cap,2,75.78,23.47
2024-12-09,South,Clothing,T-Shirt,9,757.89,201.37
2024-12-09,Central,Electronics,Laptop,11,10960.31,695.5
2024-12-09,Central,Stationery,Sticky Notes,7,59.17,4.09
2024-12-10,West,Clothing,Cap,1,110.43,11.82
2024-12-10,Central,Stationery,Pen Set,8,51.72,4.09
2024-12-10,West,Electronics,Tablet,7,4530.67,550.74
2024-12-10,South,Stationery,Desk Lamp,11,88.29,10.62
2024-12-10,West,Electronics,Laptop,2,643.11,224.98
2024-12-10,West,Stationery,Sticky Notes,2,19.49,1.97
2024-12-11,South,Groceries,Organic Juice,8,111.03,35.53
2024-12-11,North,Electronics,Laptop,5,5469.74,326.23
2024-12-11,West,Groceries,Snack Pack,10,183.63,14.91
2024-12-11,West,Electronics,Tablet,7,7758.78,1016.06
2024-12-11,North,Stationery,Desk Lamp,6,86.6,22.88
2024-12-11,South,Electronics,Headphones,9,4481.59,507.5
2024-12-11,Central,Furniture,Sofa,2,1428.02,93.31
2024-12-11,North,Clothing,Cap,5,280.42,59.37
2024-12-11,West,Furniture,Dining Table,8,4885.03,1684.94
2024-12-12,North,Groceries,Cereal,1,16.48,1.28
2024-12-12,East,Electronics,Tablet,5,4079.27,1072.61
2024-12-12,Central,Groceries,Organic Juice,9,193.46,59.86
2024-12-12,Central,Stationery,Desk Lamp,3,20.03,2.0
2024-12-12,West,Stationery,Backpack,2,43.86,3.88
2024-12-12,East,Clothing,Cap,10,235.38,62.88
2024-12-12,South,Electronics,Smartphone,4,4526.38,848.02
2024-12-12,East,Furniture,Office Chair,4,823.63,257.01
2024-12-12,North,Electronics,Laptop,10,832.72,284.34
2024-12-12,Central,Furniture,Desk,5,2097.99,404.05
2024-12-12,North,Clothing,Cap,4,596.68,33.98
2024-12-12,North,Clothing,Jeans,3,222.47,25.5
2024-12-13,West,Electronics,Laptop,11,2801.51,441.63
2024-12-13,North,Groceries,Olive Oil,8,54.44,4.25
2024-12-13,North,Groceries,Coffee,5,163.39,10.3
2024-12-13,North,Clothing,Jacket,1,19.51,3.73
2024-12-13,West,Groceries,Olive Oil,3,53.46,11.75
2024-12-14,West,Stationery,Desk Lamp,1,23.66,1.56
2024-12-14,East,Stationery,Desk Lamp,1,34.33,4.9
2024-12-14,North,Furniture,Desk,4,2860.72,836.2
2024-12-14,North,Clothing,Jacket,9,205.59,29.19
2024-12-14,North,Electronics,Laptop,6,3110.67,697.63
2024-12-14,West,Electronics,Smartphone,4,3321.0,1060.56
2024-12-14,Central,Furniture,Sofa,2,1037.62,189.2
2024-12-14,West,Electronics,Tablet,2,2337.17,722.3
2024-12-14,West,Clothing,Jacket,1,65.86,9.98
2024-12-14,East,Groceries,Olive Oil,1,39.63,2.52
2024-12-14,West,Clothing,Cap,4,60.46,18.89
2024-12-15,West,Electronics,Headphones,9,5680.71,1167.14
2024-12-15,Central,Electronics,Smartphone,2,1757.55,396.78
2024-12-15,South,Furniture,Dining Table,2,1361.72,399.69
2024-12-15,East,Stationery,Pen Set,3,20.99,3.32
2024-12-15,East,Groceries,Snack Pack,2,18.75,5.89
2024-12-15,Central,Groceries,Olive Oil,7,48.28,13.37
2024-12-16,East,Clothing,T-Shirt,4,430.59,108.22
2024-12-16,East,Groceries,Organic Juice,6,122.79,35.0
2024-12-16,South,Stationery,Notebook,2,98.54,15.08
2024-12-16,West,Groceries,Coffee,9,218.4,58.3
2024-12-16,West,Groceries,Organic Juice,3,57.72,16.13
2024-12-16,Central,Clothing,Cap,10,860.81,276.15
2024-12-16,South,Furniture,Office Chair,9,7999.61,2463.75
2024-12-16,East,Clothing,Cap,1,126.87,17.58
2024-12-17,West,Furniture,Bookshelf,7,5288.5,322.27
2024-12-17,South,Electronics,Smartphone,5,2058.93,175.27
2024-12-17,East,Groceries,Snack Pack,9,88.04,25.52
2024-12-17,Central,Stationery,Pen Set,11,338.86,56.57
2024-12-17,North,Groceries,Coffee,1,3.89,0.85
2024-12-17,North,Clothing,Jeans,6,187.18,42.63
2024-12-17,Central,Furniture,Bookshelf,3,1159.16,160.94
2024-12-17,East,Groceries,Snack Pack,6,105.59,7.72
2024-12-18,East,Groceries,Coffee,5,42.78,12.99
2024-12-18,East,Clothing,Cap,1,147.31,45.54
2024-12-18,South,Groceries,Coffee,5,25.76,8.06
2024-12-18,North,Stationery,Sticky Notes,5,174.64,50.77
2024-12-18,East,Groceries,Olive Oil,2,48.0,9.31
2024-12-18,West,Furniture,Sofa,9,4712.33,542.61
2024-12-19,West,Clothing,Jeans,4,466.89,93.39
2024-12-19,West,Clothing,Sneakers,11,1086.76,263.69
2024-12-19,South,Clothing,T-Shirt,3,333.6,111.24
2024-12-19,South,Furniture,Sofa,8,3936.57,1160.18
2024-12-19,East,Groceries,Snack Pack,4,83.67,7.74
2024-12-19,East,Stationery,Notebook,7,96.53,8.96
2024-12-19,East,Groceries,Cereal,5,23.95,7.87
2024-12-20,Central,Furniture,Dining Table,3,962.53,103.08
2024-12-20,North,Stationery,Sticky Notes,11,709.09,244.83
2024-12-20,East,Clothing,Jacket,11,864.2,189.14
2024-12-20,East,Clothing,Jacket,1,32.21,4.43
2024-12-20,Central,Groceries,Cereal,3,105.81,23.32
2024-12-20,West,Clothing,Cap,5,586.58,189.34
2024-12-20,West,Groceries,Snack Pack,8,136.99,9.62
2024-12-20,South,Furniture,Desk,2,1454.19,308.07
2024-12-20,East,Groceries,Coffee,2,78.88,25.92
2024-12-20,West,Clothing,Jacket,11,205.57,57.25
2024-12-20,East,Electronics,Laptop,10,2665.54,437.68
2024-12-20,South,Electronics,Headphones,11,5936.11,1058.17
2024-12-21,East,Electronics,Headphones,10,7221.25,1427.82
2024-12-21,West,Groceries,Snack Pack,5,94.2,21.58
2024-12-21,East,Groceries,Organic Juice,6,234.73,66.51
2024-12-21,South,Stationery,Backpack,5,42.96,9.81
2024-12-21,West,Groceries,Olive Oil,2,21.12,4.18
2024-12-22,East,Clothing,Jeans,11,1242.18,361.26
2024-12-22,East,Stationery,Pen Set,3,53.4,14.64
2024-12-22,Central,Stationery,Sticky Notes,6,101.87,19.81
2024-12-22,North,Electronics,Laptop,6,6713.97,549.46
2024-12-22,East,Furniture,Desk,10,7235.77,1082.7
2024-12-22,North,Furniture,Dining Table,2,765.51,191.11
2024-12-22,North,Groceries,Snack Pack,3,66.79,4.01
2024-12-22,North,Furniture,Bookshelf,11,2636.96,412.72
2024-12-22,North,Stationery,Sticky Notes,5,51.14,13.11
2024-12-22,West,Furniture,Bookshelf,6,2907.43,336.27
2024-12-23,South,Groceries,Coffee,8,75.27,24.72
2024-12-23,Central,Furniture,Bookshelf,9,6031.96,1666.82
2024-12-23,South,Stationery,Pen Set,11,707.29,66.92
2024-12-24,West,Clothing,T-Shirt,3,224.84,64.02
2024-12-24,Central,Furniture,Sofa,6,2671.64,708.58
2024-12-24,South,Stationery,Sticky Notes,4,51.3,7.45
2024-12-24,South,Stationery,Backpack,10,368.8,107.33
2024-12-24,West,Furniture,Dining Table,2,1763.54,497.6
2024-12-24,West,Furniture,Desk,4,1560.29,177.01
2024-12-24,South,Clothing,Sneakers,9,1310.3,339.25
2024-12-24,North,Electronics,Headphones,6,3281.61,602.83
2024-12-25,South,Electronics,Tablet,10,1256.33,271.78
2024-12-25,East,Stationery,Backpack,11,423.83,131.54
2024-12-25,North,Furniture,Desk,4,818.5,99.63
2024-12-25,South,Furniture,Dining Table,8,5672.46,1729.53
2024-12-25,South,Groceries,Snack Pack,5,126.9,23.36
2024-12-25,East,Clothing,Sneakers,5,76.05,18.38
2024-12-25,South,Groceries,Olive Oil,4,29.73,2.9
2024-12-25,West,Clothing,T-Shirt,6,617.22,104.27
2024-12-26,East,Groceries,Organic Juice,5,97.02,21.94
2024-12-26,West,Clothing,Sneakers,1,130.51,11.68
2024-12-26,Central,Furniture,Office Chair,10,2972.05,636.09
2024-12-26,Central,Groceries,Cereal,11,316.59,49.51
2024-12-26,West,Groceries,Coffee,4,133.27,42.39
2024-12-26,East,Electronics,Headphones,5,4318.29,408.47
2024-12-26,West,Stationery,Pen Set,8,76.46,25.86
2024-12-27,West,Electronics,Smartwatch,4,518.43,81.1
2024-12-27,North,Electronics,Smartphone,7,7735.55,458.73
2024-12-27,West,Groceries,Olive Oil,5,165.2,24.9
2024-12-27,Central,Groceries,Olive Oil,1,33.4,2.66
2024-12-27,West,Electronics,Tablet,11,10433.11,1097.4
2024-12-27,West,Furniture,Desk,1,355.74,118.29
2024-12-28,South,Furniture,Office Chair,1,276.82,41.15
2024-12-28,Central,Electronics,Smartwatch,10,8417.58,1596.32
2024-12-28,East,Electronics,Headphones,10,9061.93,468.97
2024-12-28,North,Stationery,Sticky Notes,8,154.63,12.98
2024-12-28,South,Groceries,Olive Oil,3,40.43,6.63
2024-12-28,North,Electronics,Laptop,6,3745.84,608.63
2024-12-28,Central,Electronics,Tablet,11,9503.3,2102.73
2024-12-28,East,Clothing,Cap,7,513.48,56.95
2024-12-29,Central,Groceries,Snack Pack,5,16.08,2.24
2024-12-29,South,Groceries,Olive Oil,7,105.26,13.25
2024-12-29,East,Electronics,Laptop,11,3885.56,300.18
2024-12-29,North,Furniture,Bookshelf,8,5855.03,1520.28
2024-12-29,East,Electronics,Headphones,4,1470.83,119.11
2024-12-30,Central,Stationery,Notebook,9,702.45,35.27
2024-12-30,East,Clothing,Jacket,2,122.9,34.16
2024-12-30,East,Furniture,Bookshelf,2,706.09,48.31
2024-12-30,South,Electronics,Tablet,8,7371.42,1469.25
2024-12-30,North,Clothing,Cap,4,209.88,33.43
2024-12-30,North,Groceries,Cereal,5,99.39,24.89
2024-12-30,North,Electronics,Tablet,6,3108.89,183.09
2024-12-30,East,Stationery,Sticky Notes,10,774.18,144.03
2024-12-30,Central,Groceries,Organic Juice,11,292.36,33.03
2024-12-30,South,Groceries,Cereal,5,64.54,18.77
2024-12-30,North,Furniture,Office Chair,8,1679.09,289.49
2024-12-30,East,Furniture,Desk,6,2858.93,716.83
2024-12-31,Central,Clothing,Jeans,1,113.39,23.27
2024-12-31,West,Clothing,T-Shirt,11,1191.38,217.15
2024-12-31,East,Groceries,Coffee,8,206.89,54.81
2024-12-31,Central,Groceries,Coffee,3,82.78,19.28
2024-12-31,South,Furniture,Office Chair,6,2778.98,183.1
2025-01-01,North,Groceries,Snack Pack,2,36.79,4.23
2025-01-01,South,Stationery,Backpack,4,99.82,15.42
2025-01-01,Central,Stationery,Backpack,7,445.18,34.44
2025-01-01,West,Clothing,T-Shirt,4,67.07,14.93
2025-01-01,Central,Furniture,Office Chair,8,5748.74,1300.52
2025-01-01,West,Electronics,Headphones,4,2162.64,176.64
2025-01-01,South,Stationery,Backpack,1,9.98,1.37
2025-01-01,South,Furniture,Desk,9,4131.68,1009.11
2025-01-01,North,Furniture,Office Chair,1,345.02,28.26
2025-01-01,South,Furniture,Sofa,7,2502.43,196.33
2025-01-01,North,Groceries,Cereal,9,112.6,10.86
2025-01-01,South,Groceries,Olive Oil,7,225.88,35.51
2025-01-01,Central,Furniture,Bookshelf,1,549.51,156.8
2025-01-02,South,Clothing,Cap,4,359.16,116.71
2025-01-02,Central,Furniture,Sofa,9,5613.95,865.05
2025-01-02,West,Groceries,Cereal,11,370.9,105.7
2025-01-02,Central,Electronics,Smartphone,7,4416.73,1007.96
2025-01-02,East,Groceries,Olive Oil,1,19.74,1.87
2025-01-02,West,Electronics,Laptop,9,10557.99,2567.4
2025-01-02,West,Electronics,Laptop,1,1068.1,205.22
2025-01-03,North,Furniture,Dining Table,8,5997.46,669.43
2025-01-03,North,Furniture,Desk,9,6002.41,1329.8
2025-01-03,South,Furniture,Office Chair,7,5982.52,1789.2
2025-01-03,Central,Electronics,Laptop,11,9612.52,1850.63
2025-01-03,East,Furniture,Dining Table,3,674.34,200.91
2025-01-03,West,Electronics,Laptop,8,4458.29,980.97
2025-01-03,South,Electronics,Smartphone,10,6182.27,1841.94
2025-01-03,West,Clothing,Jeans,10,1267.43,148.36
2025-01-03,North,Groceries,Snack Pack,10,119.33,19.06
2025-01-03,North,Furniture,Sofa,5,3033.96,616.45
2025-01-04,South,Stationery,Notebook,7,210.77,71.15
2025-01-04,West,Groceries,Organic Juice,2,16.01,5.51
2025-01-04,East,Groceries,Organic Juice,10,394.38,32.65
2025-01-04,Central,Clothing,Jacket,2,216.55,28.42
2025-01-04,South,Electronics,Headphones,3,1005.35,69.32
2025-01-04,North,Electronics,Headphones,11,6819.39,1930.9
2025-01-04,East,Groceries,Organic Juice,4,68.02,13.24
2025-01-04,East,Furniture,Bookshelf,11,1438.94,384.25
2025-01-04,North,Electronics,Tablet,6,2320.63,238.85
2025-01-04,East,Electronics,Smartphone,9,7576.0,804.16
2025-01-05,Central,Clothing,Jacket,10,948.18,229.88
2025-01-05,North,Furniture,Bookshelf,4,1725.47,161.63
2025-01-05,North,Electronics,Smartphone,8,6719.71,560.83
2025-01-05,Central,Electronics,Headphones,7,4608.1,1105.9
2025-01-05,East,Clothing,Sneakers,8,1073.77,274.11
2025-01-05,East,Stationery,Notebook,3,154.32,15.4
2025-01-05,North,Furniture,Dining Table,6,1271.61,283.38
2025-01-05,Central,Clothing,Jacket,3,61.55,12.0
2025-01-05,North,Clothing,T-Shirt,4,75.22,24.83
2025-01-06,North,Stationery,Desk Lamp,3,67.67,13.42
2025-01-06,East,Electronics,Headphones,8,1934.02,97.49
2025-01-06,East,Furniture,Dining Table,4,2668.95,914.9
2025-01-06,Central,Stationery,Backpack,3,39.25,10.6
2025-01-07,West,Clothing,Cap,3,412.13,59.77
2025-01-07,Central,Groceries,Snack Pack,1,22.32,5.52
2025-01-07,West,Furniture,Bookshelf,4,3264.08,893.67
2025-01-07,Central,Stationery,Backpack,8,282.67,56.69
2025-01-07,East,Clothing,Sneakers,3,359.6,35.83
2025-01-07,South,Groceries,Olive Oil,2,24.83,8.37
2025-01-08,South,Furniture,Office Chair,5,3054.85,979.39
2025-01-08,East,Furniture,Desk,6,3255.54,227.66
2025-01-08,East,Groceries,Snack Pack,4,106.65,16.05
2025-01-08,East,Furniture,Office Chair,1,68.0,9.91
2025-01-08,West,Groceries,Olive Oil,5,94.14,31.63
2025-01-08,East,Groceries,Coffee,7,178.35,43.37
2025-01-08,Central,Clothing,Jacket,6,444.0,145.06
2025-01-08,North,Furniture,Bookshelf,6,5220.42,1318.58
2025-01-08,East,Electronics,Laptop,5,4698.47,462.69
2025-01-08,Central,Furniture,Bookshelf,3,2474.32,625.66
2025-01-08,West,Electronics,Tablet,9,4609.72,1264.56
2025-01-09,West,Stationery,Sticky Notes,7,150.43,13.64
2025-01-09,North,Groceries,Organic Juice,9,207.05,11.12
2025-01-09,South,Stationery,Desk Lamp,9,234.48,22.08
2025-01-09,Central,Furniture,Sofa,7,3060.93,448.05
2025-01-09,East,Clothing,Sneakers,2,275.76,61.16
2025-01-09,East,Furniture,Bookshelf,5,1339.54,190.26
2025-01-10,South,Furniture,Office Chair,10,6031.37,1353.71
2025-01-10,South,Electronics,Laptop,10,2970.49,888.68
2025-01-10,West,Electronics,Headphones,8,1305.2,408.76
2025-01-10,East,Stationery,Desk Lamp,5,270.14,80.6
2025-01-10,South,Clothing,Sneakers,1,142.25,34.52
2025-01-11,North,Groceries,Olive Oil,9,328.29,66.55
2025-01-11,North,Clothing,Sneakers,7,447.57,144.02
2025-01-11,West,Electronics,Laptop,9,8602.19,1226.83
2025-01-11,Central,Electronics,Smartphone,1,199.84,37.66
2025-01-11,West,Electronics,Tablet,9,2586.93,833.19
2025-01-11,East,Groceries,Cereal,8,283.55,54.7
2025-01-11,South,Clothing,Sneakers,5,686.66,40.72
2025-01-11,North,Furniture,Office Chair,11,3193.68,1052.62
2025-01-11,North,Electronics,Laptop,9,10721.35,1814.38
2025-01-11,North,Furniture,Desk,10,7249.23,2205.82
2025-01-11,South,Clothing,Cap,10,849.01,247.08
2025-01-11,Central,Groceries,Olive Oil,11,332.99,62.54
2025-01-12,Central,Furniture,Sofa,10,1441.4,334.44
2025-01-12,North,Clothing,Jacket,11,482.58,162.63
2025-01-12,North,Groceries,Coffee,7,150.7,50.32
2025-01-12,North,Groceries,Cereal,5,61.67,6.55
2025-01-12,North,Stationery,Notebook,6,238.86,39.95
2025-01-12,South,Furniture,Dining Table,2,916.88,81.08
2025-01-12,East,Furniture,Desk,7,4807.62,708.57
2025-01-13,West,Groceries,Coffee,8,197.73,46.25
2025-01-13,Central,Electronics,Smartwatch,3,1189.22,72.79
2025-01-13,North,Clothing,T-Shirt,10,819.87,57.09
2025-01-13,North,Stationery,Desk Lamp,5,147.44,16.07
2025-01-13,East,Clothing,Jeans,5,194.59,66.15
2025-01-14,South,Stationery,Desk Lamp,11,390.75,61.93
2025-01-14,West,Furniture,Sofa,6,4531.24,628.41
2025-01-14,South,Clothing,Sneakers,1,17.86,6.21
2025-01-15,West,Electronics,Tablet,11,4154.91,1252.23
2025-01-15,North,Groceries,Coffee,7,261.34,72.38
2025-01-15,West,Stationery,Backpack,2,10.15,1.34
2025-01-15,Central,Furniture,Bookshelf,11,9170.11,2370.22
2025-01-15,West,Furniture,Office Chair,8,1772.57,455.44
2025-01-15,Central,Furniture,Desk,9,4887.82,1372.5
2025-01-15,East,Clothing,Sneakers,4,247.86,37.58
2025-01-15,East,Electronics,Headphones,10,8073.36,1451.33
2025-01-15,West,Electronics,Tablet,9,6804.1,817.0
2025-01-15,West,Electronics,Laptop,3,3462.89,612.64
2025-01-15,North,Clothing,Jeans,4,283.11,61.41
2025-01-16,West,Clothing,Cap,8,727.97,175.49
2025-01-16,West,Groceries,Organic Juice,9,292.06,56.07
2025-01-16,East,Stationery,Backpack,6,215.79,49.61
2025-01-16,South,Electronics,Headphones,5,5490.24,1749.0
2025-01-16,South,Clothing,Cap,10,525.74,53.85
2025-01-16,Central,Electronics,Laptop,7,2058.93,595.56
2025-01-17,Central,Clothing,Jeans,4,477.55,128.55
2025-01-17,East,Electronics,Smartphone,1,1102.97,299.23
2025-01-17,South,Clothing,Sneakers,8,636.78,151.04
2025-01-17,West,Groceries,Cereal,10,363.79,77.88
2025-01-17,South,Groceries,Snack Pack,4,74.14,18.58
2025-01-17,South,Furniture,Bookshelf,6,3715.63,870.71
2025-01-17,East,Furniture,Dining Table,8,6257.61,1936.73
2025-01-17,Central,Electronics,Smartphone,3,2796.6,729.0
2025-01-18,North,Furniture,Bookshelf,10,4210.76,959.39
2025-01-18,West,Groceries,Organic Juice,2,49.63,16.13
2025-01-18,Central,Groceries,Snack Pack,6,38.85,12.06
2025-01-18,Central,Clothing,Sneakers,8,169.4,20.53
2025-01-18,North,Furniture,Office Chair,9,7520.14,1885.62
2025-01-19,North,Electronics,Smartwatch,8,8943.51,1790.21
2025-01-19,West,Clothing,Jeans,9,237.62,53.92
2025-01-19,North,Electronics,Headphones,6,6739.79,1954.16
2025-01-19,East,Furniture,Office Chair,5,3375.95,836.34
2025-01-19,Central,Electronics,Laptop,1,870.1,70.11
2025-01-19,East,Stationery,Desk Lamp,6,456.89,64.75
2025-01-19,Central,Clothing,Jacket,11,1260.2,430.01
2025-01-20,Central,Groceries,Cereal,4,76.69,26.39
2025-01-20,North,Electronics,Smartphone,5,4258.5,256.62
2025-01-20,West,Stationery,Desk Lamp,6,341.64,105.58
2025-01-20,East,Furniture,Sofa,2,169.34,52.12
2025-01-20,Central,Furniture,Office Chair,3,2327.11,666.67
2025-01-20,North,Electronics,Laptop,9,2529.95,202.73
2025-01-20,East,Groceries,Cereal,4,76.55,26.21
2025-01-21,Central,Furniture,Dining Table,6,2964.52,640.25
2025-01-21,West,Groceries,Snack Pack,9,95.03,19.09
2025-01-21,West,Stationery,Desk Lamp,2,92.04,11.8
2025-01-21,West,Stationery,Backpack,7,421.41,74.33
2025-01-21,Central,Clothing,Cap,11,1414.74,308.47
2025-01-21,East,Stationery,Sticky Notes,9,684.07,177.49
2025-01-21,Central,Groceries,Olive Oil,7,140.68,12.32
2025-01-22,North,Stationery,Backpack,2,40.55,9.49
2025-01-22,Central,Furniture,Bookshelf,6,4793.0,1519.09
2025-01-22,South,Electronics,Smartwatch,7,4847.81,658.69
2025-01-22,South,Stationery,Notebook,10,739.27,214.64
2025-01-22,South,Furniture,Sofa,8,6995.61,1546.96
2025-01-22,East,Clothing,Sneakers,5,675.82,96.24
2025-01-22,North,Stationery,Desk Lamp,10,271.57,94.26
2025-01-22,North,Stationery,Sticky Notes,10,609.44,106.49
2025-01-22,North,Groceries,Snack Pack,5,98.12,32.42
2025-01-22,Central,Stationery,Backpack,1,58.22,10.15
2025-01-22,North,Stationery,Desk Lamp,7,304.95,76.29
2025-01-22,West,Stationery,Backpack,3,29.85,3.57
2025-01-23,West,Groceries,Olive Oil,5,56.24,3.68
2025-01-23,West,Electronics,Smartwatch,5,5777.54,569.01
2025-01-23,North,Groceries,Olive Oil,9,65.51,9.65
2025-01-23,North,Clothing,T-Shirt,2,129.3,20.99
2025-01-23,West,Furniture,Sofa,10,7225.42,1675.48
2025-01-23,East,Groceries,Organic Juice,8,131.44,12.06
2025-01-24,South,Groceries,Organic Juice,4,68.2,13.74
2025-01-24,Central,Groceries,Coffee,2,15.61,2.25
2025-01-24,West,Furniture,Dining Table,2,728.54,189.32
2025-01-24,North,Electronics,Smartwatch,10,3707.56,429.67
2025-01-24,West,Clothing,Cap,7,374.95,109.62
2025-01-24,South,Stationery,Backpack,11,212.73,15.44
2025-01-24,Central,Furniture,Sofa,3,1680.21,305.32
2025-01-24,South,Electronics,Laptop,6,2974.94,844.42
2025-01-25,North,Electronics,Laptop,10,1870.83,173.71
2025-01-25,Central,Groceries,Coffee,3,108.68,23.44
2025-01-25,West,Clothing,Jeans,4,111.21,6.71
2025-01-25,West,Stationery,Backpack,7,538.15,101.26
2025-01-25,North,Electronics,Tablet,3,2525.83,329.22
2025-01-25,East,Stationery,Pen Set,8,319.33,48.9
2025-01-25,North,Groceries,Olive Oil,9,358.82,100.58
2025-01-25,North,Clothing,Cap,4,461.46,42.97
2025-01-26,North,Furniture,Sofa,11,9357.42,2337.08
2025-01-26,Central,Clothing,Jacket,5,405.61,108.87
2025-01-26,East,Electronics,Smartwatch,6,5924.87,1660.73
2025-01-26,North,Stationery,Pen Set,5,87.23,29.34
2025-01-26,West,Electronics,Tablet,8,2225.13,226.91
2025-01-26,South,Groceries,Coffee,4,103.76,13.81
2025-01-27,South,Furniture,Sofa,8,2353.76,183.26
2025-01-27,Central,Furniture,Dining Table,2,258.48,35.52
2025-01-27,North,Electronics,Tablet,1,219.63,59.15
2025-01-27,East,Stationery,Pen Set,3,171.03,53.31
2025-01-27,East,Stationery,Pen Set,9,390.16,93.0
2025-01-28,North,Electronics,Laptop,8,5306.95,542.13
2025-01-28,East,Electronics,Tablet,6,2066.34,199.05
2025-01-28,North,Groceries,Snack Pack,9,212.97,26.86
2025-01-28,West,Furniture,Desk,1,457.98,124.12
2025-01-28,East,Electronics,Smartphone,7,7843.03,2198.74
2025-01-28,Central,Stationery,Desk Lamp,1,22.3,7.48
2025-01-28,North,Electronics,Tablet,6,1141.65,256.96
2025-01-28,West,Electronics,Headphones,3,1088.9,261.08
2025-01-28,West,Groceries,Organic Juice,2,9.95,3.14
2025-01-28,North,Groceries,Coffee,3,17.87,6.01
2025-01-28,North,Stationery,Desk Lamp,2,125.94,35.78
2025-01-28,South,Stationery,Backpack,6,148.1,25.54
2025-01-29,North,Electronics,Smartwatch,3,2307.47,154.38
2025-01-29,Central,Furniture,Bookshelf,11,7708.0,2646.38
2025-01-29,West,Electronics,Smartphone,6,3040.5,833.1
2025-01-29,South,Clothing,Jeans,9,432.47,29.08
2025-01-29,North,Stationery,Backpack,5,205.01,16.93
2025-01-30,Central,Electronics,Headphones,2,1302.37,253.99
2025-01-30,North,Clothing,T-Shirt,2,118.02,5.91
2025-01-30,Central,Stationery,Pen Set,6,67.6,11.42
2025-01-30,Central,Groceries,Olive Oil,7,43.12,15.07
2025-01-30,North,Stationery,Desk Lamp,8,494.11,107.88
2025-01-30,Central,Stationery,Sticky Notes,7,441.93,125.84
2025-01-30,South,Electronics,Smartwatch,4,4692.8,1630.79
2025-01-30,North,Furniture,Desk,5,876.67,293.04
2025-01-30,South,Clothing,Jacket,7,992.76,135.51
2025-01-30,Central,Groceries,Snack Pack,6,113.25,36.2
2025-01-31,North,Stationery,Notebook,2,159.01,43.4
2025-01-31,South,Furniture,Bookshelf,10,6379.06,475.97
2025-01-31,South,Furniture,Sofa,8,4454.62,365.89
2025-01-31,South,Groceries,Coffee,6,99.83,16.44
2025-01-31,East,Furniture,Office Chair,1,422.94,111.86
2025-01-31,North,Stationery,Backpack,7,46.76,8.07
2025-02-01,West,Groceries,Cereal,8,301.44,22.5
2025-02-01,North,Clothing,Sneakers,2,145.54,29.09
2025-02-01,Central,Groceries,Organic Juice,6,99.63,34.24
2025-02-01,South,Stationery,Desk Lamp,7,130.53,37.24
2025-02-01,East,Stationery,Backpack,3,39.04,13.58
2025-02-01,North,Furniture,Bookshelf,8,1220.02,381.23
2025-02-01,South,Stationery,Pen Set,3,157.82,21.35
2025-02-01,North,Groceries,Coffee,1,33.86,4.99
2025-02-01,North,Electronics,Headphones,5,1449.42,203.33
2025-02-02,North,Electronics,Laptop,9,10507.13,2042.55
2025-02-02,East,Clothing,Sneakers,8,370.0,53.98
2025-02-02,South,Stationery,Desk Lamp,2,12.38,2.14
2025-02-02,East,Stationery,Backpack,4,76.18,22.58
2025-02-02,Central,Stationery,Pen Set,7,300.71,92.64
2025-02-02,South,Furniture,Dining Table,5,4374.59,1205.65
2025-02-02,North,Electronics,Tablet,11,9685.38,2942.13
2025-02-02,North,Clothing,Cap,11,990.77,256.45
2025-02-03,North,Groceries,Olive Oil,3,65.01,10.98
2025-02-03,Central,Stationery,Desk Lamp,5,358.33,107.74
2025-02-03,South,Furniture,Office Chair,10,1652.2,525.18
2025-02-03,North,Stationery,Desk Lamp,7,473.39,134.87
2025-02-03,South,Furniture,Bookshelf,10,788.94,134.28
2025-02-04,North,Clothing,Sneakers,2,61.72,8.25
2025-02-04,North,Groceries,Coffee,10,92.95,20.38
2025-02-04,West,Stationery,Backpack,3,218.22,36.53
2025-02-04,West,Groceries,Coffee,4,131.2,21.61
2025-02-04,South,Furniture,Dining Table,6,3301.44,836.5
2025-02-04,West,Electronics,Smartwatch,4,711.78,176.19
2025-02-04,West,Clothing,T-Shirt,5,291.02,40.18
2025-02-04,North,Groceries,Snack Pack,2,55.01,8.76
2025-02-04,East,Stationery,Desk Lamp,5,270.99,44.37
2025-02-05,West,Clothing,T-Shirt,4,582.04,175.33
2025-02-05,East,Furniture,Office Chair,11,4029.8,612.38
2025-02-05,West,Stationery,Notebook,6,416.74,136.67
2025-02-05,West,Furniture,Office Chair,5,2606.62,771.68
2025-02-05,South,Furniture,Dining Table,6,830.37,147.75
2025-02-05,North,Furniture,Bookshelf,4,1211.99,341.76
2025-02-05,West,Stationery,Desk Lamp,7,361.24,41.73
2025-02-05,North,Electronics,Smartwatch,9,5419.25,285.26
2025-02-06,West,Furniture,Sofa,8,4383.25,659.67
2025-02-06,West,Furniture,Desk,5,3900.41,1316.35
2025-02-06,South,Groceries,Cereal,11,152.82,9.82
2025-02-06,South,Electronics,Headphones,3,2278.57,723.59
2025-02-06,East,Stationery,Backpack,9,490.06,66.87
2025-02-06,Central,Electronics,Laptop,6,1351.13,299.93
2025-02-06,Central,Groceries,Organic Juice,7,192.27,51.08
2025-02-06,West,Groceries,Coffee,7,259.05,58.69
2025-02-06,East,Clothing,T-Shirt,4,263.79,83.7
2025-02-06,Central,Groceries,Olive Oil,10,34.25,3.56
2025-02-06,East,Groceries,Olive Oil,4,19.82,6.64
2025-02-07,South,Furniture,Dining Table,3,1497.44,238.51
2025-02-07,North,Furniture,Bookshelf,8,2304.67,358.3
2025-02-07,South,Electronics,Laptop,8,3446.42,618.11
2025-02-07,South,Electronics,Tablet,5,5830.87,1471.49
2025-02-07,South,Stationery,Pen Set,5,122.89,34.6
2025-02-07,Central,Furniture,Office Chair,7,3881.11,579.51
2025-02-07,North,Furniture,Office Chair,1,77.77,25.94
2025-02-07,Central,Electronics,Smartwatch,2,1108.35,70.03
2025-02-08,South,Groceries,Cereal,8,166.37,13.52
2025-02-08,North,Groceries,Coffee,7,240.87,59.82
2025-02-08,South,Groceries,Organic Juice,2,51.36,3.98
2025-02-08,South,Furniture,Desk,7,5899.98,1266.47
2025-02-08,North,Clothing,T-Shirt,9,1299.94,393.73
2025-02-08,West,Furniture,Sofa,7,1623.52,97.16
2025-02-09,East,Clothing,Jeans,8,848.65,101.54
2025-02-09,South,Furniture,Desk,5,3242.61,713.45
2025-02-09,East,Groceries,Snack Pack,4,82.82,12.35
2025-02-09,Central,Furniture,Office Chair,11,8386.92,732.97
2025-02-09,East,Stationery,Sticky Notes,11,226.21,65.59
2025-02-09,South,Electronics,Smartphone,2,568.67,36.65
2025-02-09,Central,Electronics,Tablet,6,4471.79,1433.57
2025-02-10,East,Groceries,Organic Juice,8,247.52,58.95
2025-02-10,West,Groceries,Olive Oil,8,247.54,16.25
2025-02-10,Central,Stationery,Desk Lamp,2,53.02,5.51
2025-02-10,North,Furniture,Bookshelf,8,1613.91,194.76
2025-02-10,Central,Electronics,Smartwatch,4,2246.78,608.12
2025-02-10,South,Clothing,Jeans,9,1200.93,114.77
2025-02-10,West,Electronics,Laptop,11,2937.85,422.58
2025-02-10,West,Stationery,Desk Lamp,9,330.75,99.36
2025-02-10,North,Electronics,Laptop,10,6388.41,1077.32
2025-02-10,South,Stationery,Notebook,6,419.11,82.38
2025-02-10,Central,Furniture,Sofa,7,4554.98,1193.93
2025-02-11,West,Electronics,Tablet,5,3934.61,745.7
2025-02-11,South,Clothing,Cap,7,904.58,241.86
2025-02-11,Central,Furniture,Sofa,11,3389.28,198.54
2025-02-11,Central,Clothing,Cap,11,303.75,37.02
2025-02-11,Central,Stationery,Sticky Notes,11,222.92,62.84
2025-02-12,South,Furniture,Desk,10,1952.55,120.0
2025-02-12,East,Clothing,Cap,3,164.19,37.53
2025-02-12,West,Groceries,Snack Pack,4,121.0,35.88
2025-02-12,North,Furniture,Bookshelf,2,1706.94,232.3
2025-02-12,West,Groceries,Snack Pack,1,17.5,3.64
2025-02-12,South,Furniture,Bookshelf,11,2645.78,518.9
2025-02-12,West,Groceries,Cereal,5,127.25,23.76
2025-02-13,South,Furniture,Sofa,1,695.38,193.84
2025-02-13,Central,Stationery,Sticky Notes,3,62.19,21.69
2025-02-13,North,Groceries,Cereal,10,115.5,15.06
2025-02-13,North,Groceries,Cereal,8,287.24,28.76
2025-02-13,East,Clothing,Cap,11,626.82,153.72
2025-02-13,West,Clothing,Jacket,1,56.48,17.98
2025-02-13,Central,Stationery,Desk Lamp,11,474.24,111.49
2025-02-13,South,Furniture,Office Chair,9,5536.04,294.47
2025-02-13,North,Electronics,Headphones,1,1197.24,356.88
2025-02-14,Central,Electronics,Tablet,11,4253.33,1242.69
2025-02-14,North,Groceries,Snack Pack,4,133.55,24.99
2025-02-14,South,Clothing,Jeans,1,91.44,12.94
2025-02-14,Central,Stationery,Desk Lamp,2,104.07,27.12
2025-02-14,South,Stationery,Notebook,8,100.01,27.16
2025-02-14,Central,Furniture,Desk,9,5494.88,1151.57
2025-02-14,East,Electronics,Laptop,1,495.72,106.06
2025-02-14,South,Furniture,Bookshelf,1,240.56,29.57
2025-02-14,Central,Clothing,Jeans,7,711.11,61.47
2025-02-15,South,Furniture,Office Chair,8,3616.97,1188.05
2025-02-15,East,Stationery,Pen Set,6,197.03,31.99
2025-02-15,Central,Electronics,Smartwatch,7,2070.94,188.4
2025-02-15,South,Electronics,Tablet,9,7697.24,1918.19
2025-02-15,North,Clothing,Sneakers,1,87.34,12.35
2025-02-15,East,Stationery,Sticky Notes,8,524.49,161.35
2025-02-15,South,Electronics,Smartphone,11,6617.03,733.35
2025-02-15,West,Electronics,Smartwatch,9,1472.77,128.29
2025-02-15,East,Furniture,Dining Table,2,633.64,128.31
2025-02-15,West,Clothing,T-Shirt,11,1501.02,292.65
2025-02-16,East,Clothing,Jeans,8,703.14,244.58
2025-02-16,Central,Clothing,Sneakers,8,1187.34,241.26
2025-02-16,South,Electronics,Smartphone,5,3381.04,614.6
2025-02-16,South,Stationery,Desk Lamp,10,100.32,17.89
2025-02-16,East,Clothing,T-Shirt,6,115.9,17.29
2025-02-16,East,Clothing,T-Shirt,2,168.05,17.11
2025-02-17,Central,Furniture,Sofa,1,240.41,40.75
2025-02-17,West,Groceries,Olive Oil,4,159.68,32.09
2025-02-17,West,Stationery,Sticky Notes,6,326.86,79.91
2025-02-17,North,Electronics,Smartphone,11,3035.74,705.62
2025-02-17,East,Stationery,Notebook,6,76.17,5.01
2025-02-17,West,Electronics,Laptop,9,2535.78,261.98
2025-02-17,North,Furniture,Desk,11,3954.67,202.71
2025-02-17,East,Groceries,Coffee,10,133.07,24.27
2025-02-18,East,Stationery,Desk Lamp,6,99.46,30.2
2025-02-18,East,Clothing,Cap,2,215.14,39.03
2025-02-18,West,Clothing,T-Shirt,4,496.02,55.97
2025-02-18,North,Stationery,Pen Set,11,670.31,212.63
2025-02-18,Central,Clothing,Jacket,6,532.53,114.18
2025-02-18,South,Electronics,Laptop,1,635.76,90.81
2025-02-18,East,Furniture,Sofa,1,570.98,121.87
2025-02-19,East,Stationery,Notebook,7,446.07,115.51
2025-02-19,East,Stationery,Sticky Notes,1,64.13,16.38
2025-02-19,Central,Stationery,Pen Set,5,105.03,32.29
2025-02-19,West,Groceries,Coffee,6,89.04,21.18
2025-02-19,North,Groceries,Cereal,7,100.97,29.3
2025-02-19,West,Groceries,Olive Oil,2,14.39,2.53
2025-02-19,West,Stationery,Sticky Notes,7,233.47,31.37
2025-02-19,East,Furniture,Sofa,7,2522.69,364.15
2025-02-19,West,Stationery,Notebook,11,177.55,46.43
2025-02-19,West,Clothing,T-Shirt,1,92.66,23.87
2025-02-20,Central,Clothing,Sneakers,8,286.57,77.0
2025-02-20,South,Electronics,Headphones,7,2734.21,205.34
2025-02-20,South,Electronics,Tablet,5,4906.53,694.52
2025-02-20,North,Electronics,Smartwatch,5,2394.56,689.03
2025-02-20,Central,Electronics,Smartphone,2,1261.1,313.32
2025-02-20,Central,Clothing,Sneakers,10,1146.7,367.52
2025-02-20,East,Clothing,Jeans,6,898.9,171.23
2025-02-20,East,Stationery,Desk Lamp,5,154.06,34.47
2025-02-20,East,Furniture,Bookshelf,5,831.57,277.1
2025-02-20,South,Furniture,Desk,9,4434.27,1316.74
2025-02-20,East,Stationery,Notebook,3,113.36,28.69
2025-02-20,Central,Furniture,Bookshelf,11,6472.5,1630.93
2025-02-21,East,Electronics,Tablet,10,6169.85,673.93
2025-02-21,North,Groceries,Cereal,11,368.75,126.57
2025-02-21,East,Electronics,Smartphone,1,755.03,254.46
2025-02-21,West,Electronics,Smartwatch,8,6641.13,2167.06
2025-02-21,South,Stationery,Pen Set,3,44.96,12.95
2025-02-21,North,Electronics,Laptop,2,306.12,57.3
2025-02-22,Central,Groceries,Coffee,5,138.13,32.88
2025-02-22,Central,Electronics,Smartphone,4,3409.46,1031.98
2025-02-22,West,Groceries,Snack Pack,11,314.58,57.03
2025-02-22,South,Furniture,Sofa,10,8518.61,2694.31
2025-02-22,West,Stationery,Desk Lamp,3,198.0,15.23
2025-02-22,West,Furniture,Desk,8,2043.8,263.0
2025-02-22,West,Electronics,Smartphone,9,9971.19,2132.17
2025-02-22,West,Electronics,Headphones,11,7117.98,1522.64
2025-02-23,East,Stationery,Pen Set,3,146.27,25.34
2025-02-23,East,Furniture,Bookshelf,11,8736.42,2698.92
2025-02-23,Central,Stationery,Desk Lamp,4,204.34,30.2
2025-02-23,Central,Furniture,Sofa,8,6326.57,614.15
2025-02-23,East,Furniture,Office Chair,10,8737.53,2485.22
2025-02-23,East,Electronics,Tablet,5,3409.51,843.03
2025-02-23,East,Electronics,Smartwatch,8,9213.92,2813.3
2025-02-23,Central,Groceries,Organic Juice,11,436.86,97.23
2025-02-23,South,Stationery,Pen Set,3,77.29,10.45
2025-02-23,South,Furniture,Bookshelf,10,4446.57,622.37
2025-02-24,East,Furniture,Desk,4,3559.52,1110.08
2025-02-24,North,Electronics,Tablet,11,5065.95,875.85
2025-02-24,South,Electronics,Smartwatch,6,1368.1,409.82
2025-02-24,North,Stationery,Desk Lamp,4,161.9,23.43
2025-02-24,East,Groceries,Snack Pack,10,399.03,46.68
2025-02-24,Central,Groceries,Snack Pack,4,78.43,20.14
2025-02-24,West,Groceries,Organic Juice,7,198.32,47.82
2025-02-24,West,Furniture,Office Chair,10,6953.97,1171.25
2025-02-24,South,Groceries,Organic Juice,7,24.64,5.49
2025-02-24,West,Electronics,Laptop,3,322.03,75.73
2025-02-25,East,Groceries,Snack Pack,10,253.27,80.69
2025-02-25,East,Clothing,T-Shirt,10,770.08,237.88
2025-02-25,North,Clothing,Jacket,8,687.28,44.51
2025-02-25,East,Electronics,Headphones,5,1099.19,171.32
2025-02-25,West,Furniture,Office Chair,8,3581.02,1171.76
2025-02-25,North,Furniture,Office Chair,6,1123.22,348.7
2025-02-25,South,Stationery,Sticky Notes,3,167.76,20.38
2025-02-26,East,Clothing,T-Shirt,6,650.48,99.41
2025-02-26,West,Furniture,Bookshelf,4,2451.06,687.37
2025-02-26,East,Furniture,Office Chair,3,1220.67,209.01
2025-02-26,Central,Furniture,Desk,4,2489.12,649.05
2025-02-26,South,Electronics,Laptop,7,2348.48,673.6
2025-02-26,North,Groceries,Organic Juice,8,108.02,19.8
2025-02-26,East,Electronics,Smartwatch,7,1164.32,131.52
2025-02-26,East,Groceries,Cereal,8,61.25,18.15
2025-02-27,Central,Groceries,Cereal,3,114.26,11.89
2025-02-27,West,Furniture,Bookshelf,3,1685.13,270.18
2025-02-27,North,Electronics,Smartwatch,10,1758.71,434.64
2025-02-27,South,Furniture,Dining Table,7,871.88,182.34
2025-02-27,South,Clothing,Jacket,11,911.52,240.27
2025-02-27,Central,Stationery,Backpack,3,20.01,3.55
2025-02-28,South,Stationery,Sticky Notes,11,701.3,43.9
2025-02-28,West,Clothing,Sneakers,2,57.93,4.65
2025-02-28,Central,Clothing,Sneakers,5,444.03,128.67
2025-02-28,South,Electronics,Headphones,1,162.36,56.04
2025-02-28,East,Clothing,Jeans,9,462.21,52.42
2025-02-28,East,Stationery,Notebook,1,38.37,7.67
2025-02-28,Central,Clothing,Jacket,4,204.17,38.05
2025-02-28,North,Furniture,Office Chair,8,2040.7,669.78
2025-02-28,East,Electronics,Tablet,4,4318.48,1441.6
2025-02-28,North,Stationery,Backpack,7,121.92,41.14
2025-03-01,Central,Clothing,T-Shirt,8,242.99,62.61
2025-03-01,East,Clothing,Sneakers,3,119.95,31.03
2025-03-01,South,Furniture,Sofa,2,1786.44,220.47
2025-03-02,Central,Clothing,Sneakers,10,947.2,317.89
2025-03-02,South,Furniture,Desk,5,2227.14,659.58
2025-03-02,West,Groceries,Cereal,4,135.11,45.4
2025-03-02,Central,Stationery,Sticky Notes,8,453.85,62.92
2025-03-02,North,Electronics,Headphones,6,7196.62,1904.02
2025-03-02,Central,Groceries,Organic Juice,2,26.27,1.62
2025-03-02,North,Furniture,Desk,2,1756.55,113.16
2025-03-02,North,Furniture,Bookshelf,3,1428.4,401.19
2025-03-02,East,Stationery,Notebook,6,109.04,8.87
2025-03-02,North,Clothing,Sneakers,5,411.75,67.15
2025-03-02,West,Furniture,Sofa,3,442.72,103.86
2025-03-03,South,Stationery,Notebook,7,371.23,69.12
2025-03-03,North,Groceries,Snack Pack,7,22.35,7.28
2025-03-03,South,Stationery,Sticky Notes,7,140.73,32.93
2025-03-03,East,Clothing,Jacket,11,952.4,139.52
2025-03-03,Central,Clothing,Cap,2,283.77,29.82
2025-03-03,North,Furniture,Dining Table,3,340.68,88.61
2025-03-03,North,Electronics,Smartwatch,1,422.37,145.81
2025-03-03,East,Stationery,Sticky Notes,8,153.09,49.53
2025-03-03,East,Clothing,Cap,9,749.89,92.44
2025-03-03,South,Furniture,Desk,7,3559.66,1008.12
2025-03-04,West,Clothing,Jacket,2,134.51,7.41
2025-03-04,West,Furniture,Dining Table,7,5211.32,512.18
2025-03-04,West,Electronics,Laptop,6,6407.82,1921.24
2025-03-04,East,Clothing,Cap,8,295.11,90.69
2025-03-05,North,Electronics,Headphones,11,1421.81,105.84
2025-03-05,Central,Stationery,Sticky Notes,11,369.71,54.54
2025-03-05,East,Furniture,Bookshelf,1,73.41,7.87
2025-03-05,East,Electronics,Laptop,8,4788.48,1131.41
2025-03-05,South,Stationery,Sticky Notes,4,314.39,101.97
2025-03-05,North,Electronics,Laptop,6,6589.98,2111.7
2025-03-05,West,Electronics,Tablet,4,1567.72,494.95
2025-03-05,North,Furniture,Office Chair,4,897.6,257.24
2025-03-06,South,Stationery,Sticky Notes,8,286.77,38.97
2025-03-06,East,Stationery,Notebook,2,29.11,9.07
2025-03-06,West,Groceries,Snack Pack,5,179.2,33.35
2025-03-07,East,Groceries,Snack Pack,11,124.28,37.67
2025-03-07,West,Furniture,Sofa,5,428.29,133.22
2025-03-07,West,Furniture,Sofa,1,503.71,96.37
2025-03-07,North,Groceries,Olive Oil,7,61.12,6.09
2025-03-07,East,Clothing,T-Shirt,1,82.4,14.32
2025-03-07,North,Clothing,Jacket,4,579.59,164.05
2025-03-08,North,Electronics,Smartwatch,3,3385.51,978.61
2025-03-08,North,Clothing,T-Shirt,9,499.39,109.96
2025-03-08,North,Furniture,Office Chair,3,722.3,129.08
2025-03-08,West,Electronics,Headphones,7,4482.84,1060.23
2025-03-08,North,Clothing,Jacket,1,23.42,6.14
2025-03-08,South,Stationery,Pen Set,7,316.18,72.6
2025-03-08,East,Clothing,Jeans,4,531.27,75.24
2025-03-09,Central,Electronics,Smartwatch,8,5711.44,1517.85
2025-03-09,North,Stationery,Notebook,1,23.47,7.59
2025-03-09,East,Groceries,Cereal,1,8.53,2.6
2025-03-09,East,Clothing,Cap,6,889.0,101.96
2025-03-09,South,Electronics,Headphones,1,930.81,276.39
2025-03-09,West,Electronics,Headphones,3,2602.21,690.83
2025-03-09,South,Clothing,Jeans,7,834.41,211.14
2025-03-09,East,Clothing,Sneakers,6,260.78,68.61
2025-03-10,Central,Furniture,Dining Table,2,568.26,170.27
2025-03-10,Central,Electronics,Laptop,4,3647.0,487.62
2025-03-10,West,Electronics,Laptop,11,9351.24,2015.45
2025-03-11,North,Clothing,T-Shirt,1,32.14,5.27
2025-03-11,South,Groceries,Coffee,9,219.6,44.9
2025-03-11,South,Groceries,Organic Juice,11,151.33,37.13
2025-03-11,North,Electronics,Smartwatch,1,166.4,41.91
2025-03-11,South,Groceries,Cereal,7,194.19,10.2
2025-03-11,Central,Furniture,Dining Table,2,343.68,62.3
2025-03-11,West,Clothing,Jacket,6,155.07,17.0
2025-03-11,West,Groceries,Snack Pack,2,16.48,2.27
2025-03-11,South,Clothing,Jeans,10,157.96,25.96
2025-03-11,Central,Stationery,Desk Lamp,10,589.22,183.35
2025-03-12,Central,Groceries,Organic Juice,11,416.32,117.95
2025-03-12,East,Furniture,Desk,6,4239.45,873.62
2025-03-12,Central,Groceries,Cereal,9,97.09,22.81
2025-03-12,North,Clothing,Sneakers,8,1120.38,246.21
2025-03-12,Central,Groceries,Organic Juice,8,273.32,70.81
2025-03-12,East,Electronics,Smartwatch,7,7601.51,670.27
2025-03-12,South,Electronics,Headphones,8,8129.07,1972.91
2025-03-12,South,Electronics,Smartphone,4,4613.5,923.41
2025-03-13,East,Electronics,Smartwatch,11,7579.34,2233.82
2025-03-13,North,Stationery,Pen Set,9,209.34,24.48
2025-03-13,North,Clothing,Sneakers,5,607.31,65.14
2025-03-13,West,Clothing,Cap,7,259.62,90.37
2025-03-13,East,Groceries,Olive Oil,11,293.24,58.87
2025-03-13,North,Electronics,Headphones,8,8287.87,514.94
2025-03-13,West,Electronics,Tablet,7,3458.86,674.73
2025-03-13,East,Groceries,Organic Juice,7,124.31,9.51
2025-03-13,West,Groceries,Coffee,6,63.76,6.41
2025-03-13,Central,Furniture,Desk,5,4348.3,1455.48
2025-03-13,South,Clothing,Sneakers,4,77.14,24.24
2025-03-13,West,Furniture,Dining Table,9,5873.07,1755.15
2025-03-13,East,Clothing,Jeans,7,635.09,175.63
2025-03-13,North,Stationery,Pen Set,5,291.51,82.39
2025-03-14,West,Clothing,Sneakers,5,269.88,61.72
2025-03-14,South,Clothing,T-Shirt,2,124.68,39.68
2025-03-14,Central,Electronics,Tablet,6,2430.71,723.37
2025-03-14,East,Clothing,T-Shirt,3,153.97,8.78
2025-03-14,South,Stationery,Notebook,3,20.32,4.72
2025-03-14,East,Electronics,Headphones,3,3350.42,485.91
2025-03-15,East,Furniture,Sofa,1,412.81,139.18
2025-03-15,North,Groceries,Coffee,9,69.82,6.06
2025-03-15,West,Electronics,Laptop,10,9771.03,839.91
2025-03-15,Central,Furniture,Office Chair,11,4388.52,1415.32
2025-03-15,East,Furniture,Dining Table,11,7801.21,639.38
2025-03-15,North,Electronics,Laptop,4,4471.57,240.26
2025-03-15,East,Electronics,Headphones,4,2713.31,542.29
2025-03-15,Central,Electronics,Smartwatch,9,4588.34,1224.49
2025-03-16,Central,Groceries,Olive Oil,9,157.61,18.4
2025-03-16,West,Stationery,Pen Set,7,132.55,42.35
2025-03-16,North,Furniture,Office Chair,1,719.21,219.4
2025-03-16,North,Groceries,Cereal,1,7.13,2.37
2025-03-16,East,Furniture,Sofa,9,7306.56,1543.52
2025-03-16,North,Furniture,Bookshelf,2,1275.91,272.88
2025-03-16,Central,Electronics,Smartphone,9,6343.42,655.07
2025-03-17,North,Clothing,Cap,10,931.39,162.52
2025-03-17,East,Clothing,Jacket,8,956.1,164.55
2025-03-17,West,Electronics,Headphones,10,5307.06,1363.57
2025-03-17,West,Furniture,Dining Table,10,2997.17,318.02
2025-03-17,Central,Electronics,Headphones,10,1261.64,440.45
2025-03-17,North,Furniture,Dining Table,6,4599.39,1280.63
2025-03-17,South,Electronics,Laptop,7,4313.02,1204.15
2025-03-17,South,Clothing,Jacket,9,1126.97,206.83
2025-03-18,South,Stationery,Pen Set,10,774.7,114.0
2025-03-18,Central,Stationery,Notebook,10,320.33,62.48
2025-03-18,South,Clothing,Jeans,3,111.16,7.26
2025-03-18,South,Clothing,Jeans,3,224.58,48.47
2025-03-18,West,Clothing,Jacket,3,179.63,34.31
2025-03-19,North,Furniture,Bookshelf,5,359.52,77.17
2025-03-19,East,Stationery,Notebook,9,253.82,81.21
2025-03-19,East,Clothing,Jacket,7,369.34,79.36
2025-03-19,South,Clothing,Jeans,8,906.27,291.95
2025-03-19,Central,Clothing,Jeans,9,660.01,70.56
2025-03-19,East,Clothing,Sneakers,1,148.39,20.99
2025-03-19,Central,Groceries,Olive Oil,9,154.35,21.19
2025-03-19,South,Electronics,Laptop,4,3544.37,190.1
2025-03-19,East,Groceries,Cereal,6,30.37,6.8
2025-03-19,North,Electronics,Laptop,8,5072.43,1393.24
2025-03-19,Central,Furniture,Desk,7,3035.72,1023.63
2025-03-20,Central,Stationery,Desk Lamp,1,63.52,18.54
2025-03-20,West,Furniture,Dining Table,9,7352.75,1847.05
2025-03-20,Central,Furniture,Sofa,11,8875.16,1095.62
2025-03-20,Central,Clothing,Sneakers,3,277.3,87.2
2025-03-20,South,Stationery,Notebook,4,292.08,54.78
2025-03-20,East,Electronics,Tablet,3,3305.81,684.27
2025-03-21,North,Furniture,Desk,2,410.56,45.53
2025-03-21,South,Clothing,Jacket,5,571.25,83.65
2025-03-21,East,Furniture,Dining Table,1,804.52,201.11
2025-03-21,Central,Furniture,Office Chair,3,292.32,49.77
2025-03-21,West,Stationery,Sticky Notes,2,69.23,13.8
2025-03-21,West,Stationery,Backpack,8,210.33,39.56
2025-03-22,North,Electronics,Smartwatch,9,6017.09,660.67
2025-03-22,South,Stationery,Backpack,2,94.57,30.71
2025-03-22,East,Stationery,Pen Set,10,759.95,97.69
2025-03-22,West,Electronics,Headphones,5,3238.53,708.98
2025-03-22,Central,Clothing,Jeans,2,46.56,9.1
2025-03-22,East,Stationery,Pen Set,1,27.31,2.11
2025-03-22,South,Clothing,Jacket,8,930.18,195.73
2025-03-22,East,Electronics,Tablet,8,7118.39,1174.57
2025-03-23,Central,Clothing,Jeans,6,593.79,35.56
2025-03-23,West,Stationery,Notebook,7,132.6,29.77
2025-03-23,Central,Stationery,Desk Lamp,2,72.99,25.41
2025-03-23,North,Stationery,Sticky Notes,7,308.92,38.73
2025-03-23,South,Clothing,Jeans,6,734.46,112.72
2025-03-23,North,Electronics,Smartphone,1,1059.93,169.69
2025-03-23,South,Groceries,Coffee,5,121.18,32.64
2025-03-24,South,Clothing,Jeans,8,705.32,151.98
2025-03-24,West,Furniture,Office Chair,4,1208.18,222.42
2025-03-24,East,Clothing,Sneakers,6,797.4,175.41
2025-03-24,North,Furniture,Desk,10,8003.74,2167.58
2025-03-24,West,Groceries,Coffee,4,138.08,36.92
2025-03-24,Central,Stationery,Sticky Notes,5,298.59,22.79
2025-03-24,South,Electronics,Laptop,7,3616.69,970.35
2025-03-24,East,Groceries,Olive Oil,5,39.61,2.42
2025-03-25,Central,Furniture,Sofa,4,2856.27,667.42
2025-03-25,East,Furniture,Desk,3,1836.89,179.33
2025-03-25,Central,Electronics,Tablet,11,1937.82,441.01
2025-03-25,East,Electronics,Smartwatch,4,4403.95,943.96
2025-03-25,Central,Electronics,Headphones,3,251.3,47.16
2025-03-25,West,Groceries,Olive Oil,5,118.61,41.43
2025-03-25,North,Groceries,Snack Pack,10,33.58,10.7
2025-03-25,South,Groceries,Coffee,2,36.92,2.77
2025-03-25,North,Groceries,Cereal,5,66.35,6.34
2025-03-26,East,Clothing,Jeans,9,1132.45,294.49
2025-03-26,West,Groceries,Organic Juice,9,127.68,27.54
2025-03-26,Central,Furniture,Office Chair,9,7087.67,2182.0
2025-03-26,West,Groceries,Cereal,10,244.26,26.61
2025-03-26,East,Stationery,Backpack,6,228.3,25.28
2025-03-26,East,Electronics,Smartphone,8,5478.47,374.47
2025-03-27,North,Furniture,Desk,10,1548.69,258.37
2025-03-27,Central,Electronics,Headphones,3,573.68,76.18
2025-03-27,East,Furniture,Dining Table,1,391.83,28.85
2025-03-27,Central,Clothing,Cap,2,58.19,19.69
2025-03-27,North,Electronics,Laptop,1,694.0,201.37
2025-03-27,West,Furniture,Dining Table,1,210.19,71.09
2025-03-27,East,Stationery,Notebook,10,382.01,28.89
2025-03-27,North,Furniture,Dining Table,6,3588.89,774.38
2025-03-28,North,Stationery,Desk Lamp,8,470.9,154.12
2025-03-28,North,Stationery,Backpack,1,23.32,1.57
2025-03-28,Central,Clothing,Cap,4,175.19,39.58
2025-03-28,North,Stationery,Notebook,3,222.57,29.91
2025-03-28,East,Stationery,Pen Set,7,203.87,33.21
2025-03-28,North,Stationery,Pen Set,4,181.12,13.91
2025-03-28,North,Groceries,Olive Oil,1,15.4,4.0
2025-03-28,South,Groceries,Cereal,1,5.41,0.36
2025-03-29,West,Stationery,Sticky Notes,11,495.22,138.4
2025-03-29,East,Clothing,Jacket,11,659.04,169.08
2025-03-29,East,Clothing,Cap,2,97.09,16.7
2025-03-29,East,Furniture,Dining Table,11,5229.8,968.9
2025-03-29,North,Stationery,Pen Set,1,34.74,1.87
2025-03-30,West,Stationery,Notebook,6,302.75,58.94
2025-03-30,South,Stationery,Notebook,8,407.61,77.25
2025-03-30,North,Electronics,Smartphone,11,4978.22,1093.15
2025-03-30,Central,Furniture,Desk,11,8169.47,2696.51
2025-03-30,South,Electronics,Smartphone,4,1851.59,130.26
2025-03-30,South,Furniture,Dining Table,9,6731.34,2203.45
2025-03-31,South,Stationery,Pen Set,7,458.27,133.54
2025-03-31,East,Furniture,Desk,5,2895.41,442.08
2025-03-31,East,Stationery,Backpack,4,125.15,28.03
2025-03-31,West,Clothing,Cap,7,607.45,69.19
2025-03-31,East,Stationery,Notebook,10,678.64,92.78
2025-03-31,South,Stationery,Backpack,5,385.95,34.03
2025-03-31,East,Electronics,Smartwatch,7,1973.53,442.56
2025-03-31,East,Furniture,Desk,2,1358.34,436.02
2025-03-31,South,Furniture,Office Chair,1,162.46,51.52
2025-04-01,Central,Clothing,Cap,6,288.51,74.92
2025-04-01,Central,Electronics,Headphones,1,927.67,266.1
2025-04-01,Central,Clothing,Cap,9,778.91,131.55
2025-04-01,North,Stationery,Sticky Notes,6,102.09,34.24
2025-04-01,South,Clothing,Jacket,9,646.93,152.89
2025-04-01,East,Electronics,Tablet,6,5016.87,1671.61
2025-04-01,South,Clothing,T-Shirt,6,795.72,194.29
2025-04-01,Central,Clothing,Cap,7,548.51,116.05
2025-04-01,North,Groceries,Snack Pack,1,36.43,3.77
2025-04-01,North,Electronics,Tablet,1,85.64,29.13
2025-04-02,West,Electronics,Laptop,10,3086.41,993.85
2025-04-02,Central,Clothing,Jacket,9,532.62,115.25
2025-04-02,West,Furniture,Dining Table,7,2138.0,345.26
2025-04-02,West,Furniture,Desk,7,707.07,53.61
2025-04-02,North,Groceries,Organic Juice,9,156.26,11.07
2025-04-02,Central,Electronics,Smartwatch,1,717.33,174.06
2025-04-03,East,Clothing,Jacket,2,246.19,34.69
2025-04-03,East,Stationery,Desk Lamp,6,78.51,19.28
2025-04-03,Central,Stationery,Pen Set,10,766.78,237.23
2025-04-03,East,Groceries,Olive Oil,4,109.11,16.19
2025-04-03,North,Clothing,Sneakers,3,269.54,15.75
2025-04-03,Central,Furniture,Desk,10,1633.75,450.27
2025-04-03,South,Electronics,Laptop,3,1475.79,242.43
2025-04-03,Central,Stationery,Sticky Notes,7,434.76,113.59
2025-04-03,East,Clothing,Jacket,7,308.7,91.73
2025-04-03,East,Furniture,Sofa,1,280.8,97.09
2025-04-03,South,Groceries,Coffee,10,123.3,25.07
2025-04-03,East,Furniture,Sofa,5,2018.34,259.43
2025-04-03,West,Electronics,Smartwatch,9,1734.72,269.47
2025-04-04,East,Stationery,Sticky Notes,10,437.04,56.46
2025-04-04,East,Stationery,Sticky Notes,1,40.87,13.59
2025-04-04,North,Electronics,Headphones,7,7728.2,1842.64
2025-04-04,North,Clothing,Cap,4,239.36,37.39
2025-04-04,North,Furniture,Dining Table,5,509.46,78.16
2025-04-04,West,Clothing,Jacket,9,278.15,52.9
2025-04-04,North,Electronics,Headphones,11,1608.04,133.94
2025-04-04,West,Furniture,Dining Table,11,3460.91,421.25
2025-04-05,South,Stationery,Pen Set,2,77.29,12.92
2025-04-05,North,Stationery,Backpack,8,631.37,48.98
2025-04-05,North,Electronics,Smartwatch,10,3578.28,1092.95
2025-04-05,East,Groceries,Coffee,9,317.71,97.48
2025-04-05,North,Groceries,Olive Oil,4,89.5,21.45
2025-04-06,North,Groceries,Coffee,7,50.75,6.12
2025-04-06,North,Stationery,Sticky Notes,6,372.1,45.6
2025-04-06,Central,Furniture,Office Chair,5,3127.15,328.22
2025-04-06,Central,Groceries,Snack Pack,5,164.28,39.96
2025-04-06,Central,Furniture,Sofa,11,4624.4,780.48
2025-04-07,East,Furniture,Bookshelf,5,1985.16,546.96
2025-04-07,North,Clothing,Jacket,7,405.66,101.05
2025-04-07,North,Furniture,Desk,9,6452.41,435.28
2025-04-07,West,Stationery,Notebook,7,423.77,25.55
2025-04-07,Central,Furniture,Office Chair,7,2529.95,527.66
2025-04-08,East,Furniture,Dining Table,7,4997.43,1513.63
2025-04-08,South,Stationery,Desk Lamp,8,380.75,83.43
2025-04-08,West,Clothing,T-Shirt,4,184.04,41.55
2025-04-08,Central,Groceries,Olive Oil,5,125.08,14.28
2025-04-08,North,Stationery,Sticky Notes,5,321.7,97.78
2025-04-08,West,Electronics,Smartwatch,1,640.1,91.71
2025-04-08,Central,Stationery,Backpack,10,354.69,44.88
2025-04-08,North,Furniture,Office Chair,6,385.16,68.5
2025-04-09,East,Clothing,Cap,9,683.79,181.88
2025-04-09,West,Electronics,Headphones,5,2512.2,345.58
2025-04-09,North,Groceries,Coffee,4,86.99,18.36
2025-04-09,East,Furniture,Bookshelf,10,4101.41,422.91
2025-04-09,East,Stationery,Pen Set,2,46.9,5.71
2025-04-09,Central,Clothing,T-Shirt,9,1285.55,358.99
2025-04-09,North,Groceries,Cereal,11,265.73,89.05
2025-04-10,Central,Furniture,Office Chair,9,2962.29,565.72
2025-04-10,South,Stationery,Pen Set,9,678.48,143.65
2025-04-10,West,Clothing,Jacket,9,626.6,128.87
2025-04-10,Central,Clothing,Jeans,8,1043.51,202.88
2025-04-10,West,Stationery,Pen Set,3,93.35,5.01
2025-04-10,South,Groceries,Coffee,6,211.72,68.09
2025-04-10,Central,Electronics,Laptop,9,9207.75,2430.38
2025-04-10,Central,Groceries,Cereal,11,172.13,44.85
2025-04-10,West,Furniture,Dining Table,1,520.92,104.72
2025-04-10,South,Electronics,Laptop,1,388.42,105.86
2025-04-10,West,Stationery,Pen Set,9,345.08,81.41
2025-04-10,East,Groceries,Organic Juice,7,176.62,20.04
2025-04-11,East,Electronics,Tablet,3,2724.74,393.28
2025-04-11,Central,Furniture,Bookshelf,11,4322.91,1137.5
2025-04-11,North,Groceries,Organic Juice,1,35.71,10.38
2025-04-11,West,Electronics,Smartphone,1,758.86,70.42
2025-04-11,East,Furniture,Office Chair,10,2013.2,566.74
2025-04-11,North,Electronics,Laptop,5,4541.83,1219.84
2025-04-12,North,Furniture,Office Chair,5,911.96,119.66
2025-04-12,North,Stationery,Backpack,2,26.98,5.03
2025-04-12,North,Stationery,Desk Lamp,2,126.63,12.48
2025-04-12,North,Groceries,Cereal,9,271.57,38.25
2025-04-13,North,Groceries,Cereal,2,41.22,14.42
2025-04-13,Central,Clothing,T-Shirt,10,1003.14,80.09
2025-04-13,West,Groceries,Organic Juice,11,372.82,52.66
2025-04-13,West,Stationery,Pen Set,4,58.12,17.67
2025-04-13,Central,Clothing,Sneakers,3,267.8,76.45
2025-04-13,West,Groceries,Coffee,3,45.57,2.52
2025-04-13,West,Groceries,Olive Oil,2,61.5,4.36
2025-04-13,West,Stationery,Notebook,10,201.31,23.32
2025-04-13,East,Electronics,Smartwatch,1,733.43,98.91
2025-04-13,Central,Clothing,Sneakers,3,79.73,21.23
2025-04-13,West,Groceries,Olive Oil,11,318.81,93.84
2025-04-14,West,Electronics,Tablet,3,804.33,113.55
2025-04-14,Central,Electronics,Laptop,4,4164.64,353.47
2025-04-14,South,Furniture,Office Chair,5,3307.74,867.22
2025-04-14,Central,Groceries,Snack Pack,1,15.17,1.1
2025-04-15,West,Electronics,Headphones,6,5623.7,1412.53
2025-04-15,South,Groceries,Olive Oil,9,182.24,29.49
2025-04-15,West,Electronics,Smartphone,11,6273.43,750.81
2025-04-15,West,Clothing,Sneakers,6,274.68,35.3
2025-04-15,West,Electronics,Smartphone,5,2582.91,431.75
2025-04-15,West,Groceries,Snack Pack,9,282.94,92.17
2025-04-15,South,Electronics,Headphones,9,6969.34,1298.3
2025-04-15,West,Electronics,Tablet,9,2160.12,406.04
2025-04-16,South,Groceries,Organic Juice,4,137.69,45.48
2025-04-16,South,Stationery,Sticky Notes,9,338.91,103.64
2025-04-16,Central,Stationery,Pen Set,5,161.88,17.23
2025-04-16,East,Groceries,Coffee,3,45.99,15.49
2025-04-16,South,Groceries,Cereal,5,195.08,14.47
2025-04-16,Central,Furniture,Office Chair,11,9388.77,2404.03
2025-04-16,South,Electronics,Tablet,8,5952.87,559.77
2025-04-16,South,Stationery,Backpack,5,127.09,10.9
2025-04-16,West,Groceries,Snack Pack,1,11.2,1.22
2025-04-16,East,Electronics,Smartwatch,10,10495.55,3402.29
2025-04-16,East,Furniture,Dining Table,3,2511.11,477.61
2025-04-17,East,Furniture,Dining Table,5,1240.14,259.51
2025-04-17,South,Groceries,Organic Juice,6,85.87,14.5
2025-04-17,East,Electronics,Smartwatch,4,1591.97,419.73
2025-04-17,West,Electronics,Headphones,5,3980.93,313.57
2025-04-17,North,Groceries,Organic Juice,1,29.37,2.72
2025-04-17,Central,Stationery,Desk Lamp,4,83.79,17.82
2025-04-17,North,Electronics,Smartphone,6,4513.22,727.06
2025-04-17,North,Stationery,Sticky Notes,11,507.96,56.61
2025-04-17,Central,Electronics,Smartphone,1,478.47,69.8
2025-04-18,South,Groceries,Coffee,3,119.3,28.13
2025-04-18,Central,Clothing,Sneakers,7,217.38,26.15
2025-04-18,East,Clothing,Jacket,6,393.24,78.09
2025-04-18,South,Groceries,Olive Oil,9,148.95,8.33
2025-04-18,South,Stationery,Pen Set,10,465.63,25.11
2025-04-18,East,Electronics,Tablet,5,3610.73,415.46
2025-04-18,South,Clothing,Jeans,2,173.64,39.95
2025-04-18,West,Groceries,Snack Pack,1,20.37,4.08
2025-04-18,East,Electronics,Laptop,7,7652.09,1153.21
2025-04-19,West,Stationery,Notebook,2,32.71,5.18
2025-04-19,North,Stationery,Desk Lamp,5,241.35,25.82
2025-04-19,South,Furniture,Desk,10,5997.27,1798.18
2025-04-19,East,Furniture,Office Chair,5,1249.71,270.13
2025-04-19,South,Clothing,Sneakers,9,642.43,80.1
2025-04-19,West,Electronics,Smartphone,6,1795.21,296.88
2025-04-19,South,Groceries,Olive Oil,7,159.33,47.72
2025-04-19,West,Furniture,Dining Table,10,8452.59,1460.37
2025-04-19,West,Stationery,Sticky Notes,5,111.18,27.49
2025-04-20,North,Groceries,Coffee,3,112.06,37.52
2025-04-20,North,Stationery,Backpack,6,218.52,68.56
2025-04-20,East,Electronics,Tablet,9,3205.01,251.91
2025-04-20,Central,Electronics,Tablet,9,9975.54,1569.55
2025-04-20,West,Stationery,Pen Set,4,188.67,63.78
2025-04-20,East,Electronics,Headphones,4,3276.43,1021.16
2025-04-20,West,Electronics,Smartwatch,7,5780.94,1689.84
2025-04-20,North,Stationery,Desk Lamp,10,53.96,8.16
2025-04-20,South,Stationery,Backpack,6,384.29,48.19
2025-04-20,East,Clothing,Jacket,5,287.23,95.13
2025-04-20,North,Furniture,Sofa,7,4336.18,1381.92
2025-04-21,South,Stationery,Sticky Notes,9,82.36,20.9
2025-04-21,Central,Furniture,Bookshelf,6,752.69,55.37
2025-04-21,East,Electronics,Headphones,9,7109.61,783.41
2025-04-22,North,Stationery,Pen Set,7,44.61,3.36
2025-04-22,East,Clothing,Sneakers,3,338.55,95.49
2025-04-22,East,Furniture,Bookshelf,9,4301.09,1379.14
2025-04-22,North,Clothing,Jacket,10,214.91,59.68
2025-04-22,South,Furniture,Bookshelf,8,5868.22,816.24
2025-04-22,South,Electronics,Laptop,10,886.81,212.76
2025-04-22,North,Groceries,Olive Oil,8,250.74,19.67
2025-04-22,East,Stationery,Backpack,7,364.06,50.67
2025-04-23,East,Clothing,Jacket,7,915.8,158.06
2025-04-23,East,Electronics,Tablet,10,3250.29,956.16
2025-04-23,West,Electronics,Headphones,6,3960.97,898.39
2025-04-23,Central,Electronics,Smartwatch,2,275.86,59.93
2025-04-23,South,Clothing,Jeans,11,1218.28,186.57
2025-04-23,West,Groceries,Snack Pack,8,179.01,17.88
2025-04-23,North,Clothing,Cap,7,331.38,65.31
2025-04-24,Central,Furniture,Office Chair,11,3901.78,1326.16
2025-04-24,North,Groceries,Cereal,2,69.03,15.45
2025-04-24,East,Electronics,Smartphone,1,1007.4,87.07
2025-04-24,East,Furniture,Sofa,3,254.74,72.11
2025-04-24,Central,Groceries,Cereal,9,241.22,36.85
2025-04-24,East,Stationery,Desk Lamp,5,214.05,44.01
2025-04-24,North,Electronics,Laptop,11,11273.97,1294.29
2025-04-25,North,Furniture,Desk,3,1278.91,290.45
2025-04-25,East,Electronics,Smartphone,7,2904.21,438.55
2025-04-25,Central,Electronics,Smartphone,11,4763.47,268.05
2025-04-25,Central,Groceries,Coffee,6,95.62,30.85
2025-04-25,West,Stationery,Pen Set,4,111.81,29.53
2025-04-25,North,Clothing,Sneakers,5,192.51,64.19
2025-04-25,South,Stationery,Backpack,10,619.92,125.34
2025-04-25,South,Furniture,Office Chair,5,1459.77,195.0
2025-04-26,Central,Groceries,Coffee,2,22.78,3.69
2025-04-26,North,Furniture,Desk,10,1231.16,231.34
2025-04-26,Central,Electronics,Smartwatch,9,10124.09,579.21
2025-04-26,Central,Groceries,Cereal,5,16.06,2.62
2025-04-26,North,Stationery,Notebook,1,51.55,7.76
2025-04-26,North,Stationery,Pen Set,11,815.77,92.2
2025-04-26,Central,Electronics,Tablet,7,2388.71,528.3
2025-04-26,South,Stationery,Pen Set,7,364.96,94.98
2025-04-26,Central,Furniture,Sofa,4,3476.07,632.14
2025-04-26,East,Electronics,Headphones,7,2071.19,612.62
2025-04-26,South,Clothing,Sneakers,10,602.16,84.56
2025-04-27,West,Groceries,Olive Oil,6,122.39,39.71
2025-04-27,East,Groceries,Olive Oil,6,47.7,6.1
2025-04-27,Central,Electronics,Laptop,9,8295.34,1643.93
2025-04-27,West,Clothing,Cap,2,254.98,70.35
2025-04-27,North,Clothing,Sneakers,5,282.38,20.01
2025-04-27,North,Electronics,Smartphone,10,9121.72,2100.87
2025-04-27,Central,Furniture,Bookshelf,2,1752.11,326.98
2025-04-28,South,Stationery,Notebook,10,307.2,16.0
2025-04-28,North,Groceries,Coffee,6,106.78,23.49
2025-04-28,South,Electronics,Smartwatch,10,9333.17,1893.67
2025-04-29,Central,Stationery,Pen Set,4,158.66,42.26
2025-04-29,North,Furniture,Desk,6,3261.53,806.4
2025-04-29,South,Furniture,Bookshelf,4,2900.89,648.16
2025-04-29,South,Furniture,Sofa,11,6879.43,378.99
2025-04-30,West,Clothing,Jacket,5,667.9,42.88
2025-04-30,Central,Clothing,Cap,9,1160.13,89.8
2025-04-30,South,Furniture,Bookshelf,9,7825.52,1685.61
2025-04-30,Central,Furniture,Bookshelf,3,2300.89,762.39
2025-04-30,North,Electronics,Laptop,9,5803.49,343.81
2025-04-30,North,Groceries,Snack Pack,10,169.14,18.84
2025-04-30,North,Furniture,Dining Table,1,629.72,207.0
2025-04-30,North,Groceries,Coffee,6,200.12,68.11
2025-04-30,Central,Clothing,Jacket,9,151.42,42.12
2025-04-30,East,Groceries,Organic Juice,5,74.92,4.51
2025-04-30,East,Groceries,Snack Pack,11,51.33,4.69
2025-04-30,Central,Groceries,Organic Juice,8,209.14,34.83
2025-05-01,Central,Electronics,Smartwatch,4,3547.57,836.69
2025-05-01,South,Electronics,Headphones,1,551.64,153.89
2025-05-01,West,Groceries,Olive Oil,1,15.16,3.62
2025-05-01,East,Clothing,Cap,6,531.14,31.11
2025-05-01,Central,Furniture,Sofa,2,1187.5,74.71
2025-05-01,West,Stationery,Pen Set,3,60.33,10.31
2025-05-01,North,Stationery,Pen Set,3,216.96,14.07
2025-05-01,West,Groceries,Snack Pack,7,107.29,36.25
2025-05-02,South,Groceries,Cereal,7,28.54,9.07
2025-05-02,Central,Electronics,Tablet,7,1860.09,570.05
2025-05-02,East,Clothing,T-Shirt,10,736.77,48.3
2025-05-02,East,Electronics,Tablet,9,985.58,309.98
2025-05-02,East,Furniture,Desk,1,471.77,143.32
2025-05-02,South,Electronics,Smartphone,6,4483.6,1095.06
2025-05-03,West,Furniture,Bookshelf,1,503.3,95.6
2025-05-03,South,Groceries,Organic Juice,7,229.8,15.29
2025-05-03,South,Stationery,Pen Set,9,87.29,7.54
2025-05-03,West,Clothing,Jacket,2,236.41,26.33
2025-05-03,Central,Clothing,Jacket,7,813.77,232.84
2025-05-04,North,Electronics,Laptop,1,1178.18,251.02
2025-05-04,North,Stationery,Sticky Notes,1,45.37,11.09
2025-05-04,South,Electronics,Tablet,8,8373.41,2091.48
2025-05-04,Central,Stationery,Backpack,7,86.74,14.88
2025-05-04,East,Electronics,Smartwatch,2,2100.07,494.84
2025-05-04,West,Furniture,Bookshelf,10,7485.14,528.04
2025-05-04,South,Stationery,Pen Set,5,391.92,89.84
2025-05-04,North,Clothing,T-Shirt,10,659.01,133.06
2025-05-04,Central,Electronics,Tablet,8,2776.31,690.17
2025-05-04,South,Furniture,Bookshelf,2,1755.04,291.15
2025-05-04,South,Stationery,Desk Lamp,6,303.78,39.13
2025-05-05,South,Clothing,Sneakers,2,147.29,47.34
2025-05-05,North,Furniture,Dining Table,4,2309.71,478.68
2025-05-05,Central,Electronics,Smartphone,2,878.99,52.82
2025-05-05,East,Furniture,Desk,2,1173.79,405.35
2025-05-06,South,Clothing,Jacket,8,258.27,89.26
2025-05-06,East,Electronics,Tablet,2,1189.59,264.44
2025-05-06,South,Clothing,Jacket,8,616.18,149.24
2025-05-06,Central,Furniture,Office Chair,2,601.59,133.29
2025-05-06,East,Electronics,Headphones,5,3474.57,330.73
2025-05-06,North,Groceries,Organic Juice,10,35.59,11.52
2025-05-06,North,Furniture,Sofa,3,1652.93,333.57
2025-05-06,North,Clothing,Sneakers,6,328.68,17.75
2025-05-06,East,Electronics,Tablet,8,3085.63,590.24
2025-05-07,Central,Groceries,Snack Pack,4,140.33,28.33
2025-05-08,West,Groceries,Coffee,2,48.42,6.3
2025-05-08,East,Furniture,Desk,4,804.88,146.12
2025-05-08,North,Stationery,Backpack,10,323.67,112.35
2025-05-08,East,Stationery,Backpack,4,248.13,47.21
2025-05-08,North,Groceries,Coffee,11,303.79,98.68
2025-05-08,West,Groceries,Organic Juice,3,80.79,22.99
2025-05-08,North,Clothing,Sneakers,4,308.4,79.59
2025-05-08,South,Stationery,Desk Lamp,6,57.16,17.32
2025-05-08,South,Electronics,Smartphone,3,797.0,195.5
2025-05-08,South,Electronics,Headphones,9,9497.94,3199.99
2025-05-08,Central,Furniture,Dining Table,5,869.73,238.41
2025-05-08,Central,Stationery,Desk Lamp,1,32.56,9.43
2025-05-08,West,Clothing,Jeans,6,442.82,108.37
2025-05-09,East,Electronics,Smartwatch,2,1798.81,342.21
2025-05-09,West,Groceries,Snack Pack,1,30.97,5.89
2025-05-09,West,Groceries,Snack Pack,8,292.23,24.75
2025-05-09,North,Stationery,Notebook,8,244.93,20.65
2025-05-09,West,Electronics,Headphones,9,9955.64,1422.64
2025-05-09,South,Stationery,Notebook,11,716.99,102.69
2025-05-09,Central,Furniture,Bookshelf,11,6450.82,1931.09
2025-05-10,West,Groceries,Coffee,8,225.99,26.8
2025-05-10,East,Stationery,Pen Set,6,448.35,107.76
2025-05-10,South,Clothing,Sneakers,2,80.23,9.11
2025-05-10,North,Furniture,Sofa,7,3997.44,434.32
2025-05-10,North,Groceries,Coffee,1,5.95,0.48
2025-05-10,West,Electronics,Smartwatch,2,1337.77,166.27
2025-05-10,East,Furniture,Desk,7,3971.57,1349.95
2025-05-11,North,Electronics,Smartwatch,4,3951.86,1132.05
2025-05-11,West,Clothing,Cap,2,161.83,31.2
2025-05-11,East,Clothing,Jacket,11,188.95,21.23
2025-05-11,East,Electronics,Tablet,2,729.01,141.37
2025-05-11,South,Groceries,Organic Juice,10,178.24,54.93
2025-05-11,North,Stationery,Sticky Notes,7,470.47,136.87
2025-05-11,South,Groceries,Coffee,8,109.51,26.27
2025-05-12,West,Clothing,Jeans,8,1080.25,148.51
2025-05-12,South,Electronics,Headphones,1,946.14,202.91
2025-05-12,Central,Groceries,Organic Juice,2,7.66,1.33
2025-05-12,North,Electronics,Laptop,1,189.35,13.09
2025-05-12,North,Stationery,Desk Lamp,6,277.52,85.09
2025-05-12,East,Clothing,T-Shirt,2,167.48,53.62
2025-05-12,North,Furniture,Dining Table,4,1263.42,355.46
2025-05-12,South,Furniture,Dining Table,7,1633.27,204.34
2025-05-12,Central,Clothing,Sneakers,10,1147.97,398.08
2025-05-12,North,Clothing,Jeans,7,855.17,51.71
2025-05-12,West,Furniture,Office Chair,2,1737.4,583.93
2025-05-13,East,Groceries,Olive Oil,7,182.55,54.97
2025-05-13,Central,Stationery,Pen Set,10,457.06,54.51
2025-05-13,North,Electronics,Smartphone,6,1694.88,384.56
2025-05-13,West,Stationery,Backpack,9,480.68,108.14
2025-05-13,South,Furniture,Sofa,6,956.81,124.65
2025-05-13,East,Electronics,Tablet,8,8442.06,1023.73
2025-05-13,Central,Groceries,Organic Juice,7,61.04,12.31
2025-05-13,Central,Groceries,Organic Juice,4,57.76,16.73
2025-05-13,North,Clothing,T-Shirt,4,372.19,122.18
2025-05-13,East,Groceries,Snack Pack,2,77.84,24.84
2025-05-13,North,Groceries,Coffee,8,217.47,16.7
2025-05-14,West,Stationery,Notebook,4,123.19,15.98
2025-05-14,East,Clothing,Jeans,10,1193.22,347.42
2025-05-14,East,Furniture,Office Chair,4,1162.62,194.67
2025-05-14,South,Furniture,Dining Table,1,518.13,143.56
2025-05-14,Central,Furniture,Dining Table,5,3251.69,195.72
2025-05-15,Central,Groceries,Snack Pack,9,46.32,5.2
2025-05-15,North,Furniture,Bookshelf,6,2341.93,761.1
2025-05-15,East,Electronics,Laptop,8,7655.35,555.02
2025-05-15,North,Stationery,Notebook,1,71.97,5.53
2025-05-15,South,Clothing,Jeans,11,1576.97,245.53
2025-05-15,Central,Groceries,Cereal,11,131.25,20.07
2025-05-15,North,Stationery,Notebook,10,64.38,9.0
2025-05-15,West,Groceries,Coffee,11,326.79,21.17
2025-05-15,North,Electronics,Smartwatch,4,2921.04,548.27
2025-05-15,East,Groceries,Cereal,2,15.69,5.2
2025-05-15,South,Stationery,Notebook,11,878.85,284.87
2025-05-16,Central,Clothing,T-Shirt,9,970.95,305.97
2025-05-16,East,Stationery,Desk Lamp,1,18.39,3.97
2025-05-16,North,Stationery,Desk Lamp,8,189.59,27.48
2025-05-16,South,Electronics,Laptop,8,6939.31,1471.79
2025-05-16,North,Furniture,Office Chair,10,2660.49,522.1
2025-05-16,South,Stationery,Sticky Notes,1,33.0,2.03
2025-05-16,East,Groceries,Olive Oil,11,232.14,59.72
2025-05-16,West,Groceries,Coffee,5,28.73,8.35
2025-05-16,Central,Furniture,Sofa,9,7942.57,1157.46
2025-05-17,West,Furniture,Sofa,5,2445.17,609.08
2025-05-17,South,Clothing,Sneakers,7,929.39,130.47
2025-05-17,South,Groceries,Snack Pack,2,13.46,2.93
2025-05-17,North,Clothing,T-Shirt,5,219.76,24.59
2025-05-17,North,Furniture,Sofa,5,3713.58,987.47
2025-05-17,South,Stationery,Backpack,4,30.25,1.84
2025-05-17,East,Furniture,Bookshelf,4,1149.6,393.02
2025-05-17,North,Clothing,T-Shirt,5,628.16,74.14
2025-05-17,East,Stationery,Pen Set,4,271.82,44.75
2025-05-17,South,Stationery,Backpack,1,32.46,11.03
2025-05-17,West,Groceries,Organic Juice,11,317.6,74.61
2025-05-17,Central,Groceries,Coffee,1,39.57,4.27
2025-05-17,East,Furniture,Desk,6,2596.7,849.04
2025-05-17,West,Clothing,Jacket,7,107.22,20.57
2025-05-17,North,Electronics,Smartphone,7,7082.84,2279.74
2025-05-17,West,Stationery,Notebook,1,76.81,19.81
2025-05-18,South,Clothing,T-Shirt,11,507.59,126.66
2025-05-18,North,Groceries,Coffee,6,51.99,3.25
2025-05-18,West,Stationery,Sticky Notes,1,18.82,5.71
2025-05-18,North,Electronics,Smartphone,1,418.43,121.06
2025-05-18,West,Clothing,Jeans,3,142.3,7.91
2025-05-18,West,Furniture,Desk,11,6736.06,1174.28
2025-05-19,East,Stationery,Backpack,10,472.47,66.8
2025-05-19,East,Electronics,Smartphone,4,2979.38,798.87
2025-05-19,West,Groceries,Olive Oil,7,97.51,13.57
2025-05-19,West,Groceries,Organic Juice,1,30.67,3.13
2025-05-19,West,Electronics,Tablet,10,2616.62,357.54
2025-05-19,North,Electronics,Tablet,8,9405.8,2638.65
2025-05-19,East,Electronics,Tablet,6,5107.18,1542.22
2025-05-19,North,Stationery,Backpack,6,287.38,52.66
2025-05-19,East,Furniture,Dining Table,3,472.03,39.65
2025-05-19,Central,Clothing,Sneakers,2,93.23,12.26
2025-05-19,North,Furniture,Sofa,8,2306.8,768.96
2025-05-19,Central,Furniture,Bookshelf,5,3850.38,447.37
2025-05-20,North,Electronics,Smartwatch,4,4444.59,339.62
2025-05-20,Central,Clothing,Jacket,10,203.9,59.21
2025-05-20,North,Furniture,Desk,4,710.93,84.75
2025-05-20,Central,Groceries,Olive Oil,11,245.9,41.21
2025-05-20,Central,Electronics,Smartwatch,4,409.71,21.32
2025-05-21,South,Clothing,Sneakers,11,1123.22,262.17
2025-05-21,North,Clothing,Sneakers,4,459.26,92.81
2025-05-21,South,Clothing,Jacket,10,836.91,115.76
2025-05-21,South,Electronics,Smartphone,9,7029.67,2286.46
2025-05-21,East,Furniture,Desk,3,898.4,191.8
2025-05-21,West,Stationery,Pen Set,4,300.45,79.65
2025-05-21,East,Clothing,Sneakers,9,186.93,45.6
2025-05-21,East,Clothing,Jacket,10,1488.21,370.47
2025-05-22,North,Furniture,Desk,10,6377.37,1229.86
2025-05-22,South,Stationery,Notebook,4,20.54,3.2
2025-05-22,East,Groceries,Coffee,9,44.4,3.41
2025-05-22,West,Groceries,Organic Juice,2,37.76,6.6
2025-05-22,Central,Clothing,Jacket,7,181.18,36.37
2025-05-22,East,Groceries,Organic Juice,6,79.05,19.59
2025-05-22,West,Stationery,Notebook,5,143.11,21.84
2025-05-22,North,Groceries,Olive Oil,5,181.52,31.58
2025-05-22,East,Groceries,Cereal,11,317.55,85.93
2025-05-22,West,Electronics,Tablet,5,1254.86,382.54
2025-05-22,South,Clothing,Cap,8,670.5,218.57
2025-05-22,West,Groceries,Coffee,9,322.29,65.52
2025-05-22,East,Groceries,Snack Pack,1,17.19,4.92
2025-05-22,West,Furniture,Office Chair,1,661.87,131.19
2025-05-22,Central,Groceries,Olive Oil,5,147.51,28.09
2025-05-22,South,Furniture,Office Chair,8,6624.67,1709.21
2025-05-22,West,Groceries,Coffee,7,111.54,21.28
2025-05-23,West,Furniture,Desk,11,2639.72,488.77
2025-05-23,East,Stationery,Pen Set,11,534.76,78.25
2025-05-23,West,Clothing,Cap,11,877.12,179.37
2025-05-23,North,Groceries,Olive Oil,9,341.17,42.73
2025-05-23,East,Stationery,Notebook,7,75.2,15.75
2025-05-23,East,Groceries,Cereal,9,327.79,76.71
2025-05-23,Central,Electronics,Smartphone,8,2558.31,395.24
2025-05-23,North,Groceries,Olive Oil,3,10.12,0.66
2025-05-23,Central,Stationery,Notebook,9,296.95,93.71
2025-05-23,West,Stationery,Notebook,3,227.09,38.86
2025-05-24,Central,Furniture,Bookshelf,7,4105.85,1095.33
2025-05-24,Central,Stationery,Pen Set,1,40.29,8.96
2025-05-24,West,Electronics,Tablet,4,3997.18,1391.57
2025-05-24,West,Electronics,Laptop,10,9883.88,972.45
2025-05-24,South,Electronics,Tablet,7,5294.98,1582.36
2025-05-24,North,Furniture,Office Chair,8,4933.16,523.48
2025-05-24,South,Stationery,Sticky Notes,1,15.79,1.59
2025-05-24,North,Stationery,Notebook,3,29.66,3.49
2025-05-25,West,Stationery,Pen Set,8,126.35,22.99
2025-05-25,South,Stationery,Notebook,5,100.24,16.46
2025-05-25,East,Stationery,Sticky Notes,11,363.53,20.78
2025-05-25,West,Clothing,Jacket,2,132.11,11.28
2025-05-25,West,Stationery,Sticky Notes,6,145.48,29.27
2025-05-25,West,Electronics,Laptop,1,566.99,154.22
2025-05-25,North,Furniture,Bookshelf,1,602.44,209.09
2025-05-26,East,Stationery,Pen Set,5,354.83,107.65
2025-05-26,North,Groceries,Cereal,8,307.75,84.53
2025-05-26,East,Stationery,Sticky Notes,8,521.78,100.08
2025-05-26,West,Electronics,Headphones,5,2348.55,685.12
2025-05-27,Central,Groceries,Cereal,7,188.43,45.19
2025-05-27,Central,Furniture,Dining Table,2,1452.53,231.44
2025-05-27,East,Clothing,T-Shirt,1,132.77,33.29
2025-05-27,North,Electronics,Laptop,6,2178.85,565.56
2025-05-27,South,Electronics,Headphones,6,865.67,249.92
2025-05-27,North,Electronics,Smartwatch,1,434.54,142.5
2025-05-27,North,Electronics,Smartwatch,6,4082.83,919.19
2025-05-27,East,Stationery,Notebook,10,398.25,46.84
2025-05-28,East,Electronics,Smartphone,6,6705.75,1911.09
2025-05-28,South,Stationery,Pen Set,4,204.94,59.89
2025-05-28,North,Groceries,Organic Juice,6,56.3,9.97
2025-05-28,North,Groceries,Cereal,9,235.27,70.29
2025-05-28,Central,Electronics,Laptop,9,10407.43,769.21
2025-05-28,Central,Stationery,Desk Lamp,6,210.87,42.83
2025-05-28,South,Stationery,Notebook,2,108.97,37.18
2025-05-29,North,Furniture,Bookshelf,11,5615.53,1305.96
2025-05-29,East,Stationery,Pen Set,6,391.69,23.51
2025-05-29,West,Furniture,Dining Table,5,1440.23,460.63
2025-05-29,North,Groceries,Cereal,3,113.18,35.78
2025-05-29,North,Groceries,Olive Oil,7,56.4,9.99
2025-05-29,West,Clothing,T-Shirt,3,301.27,54.48
2025-05-29,North,Furniture,Office Chair,4,1154.22,227.88
2025-05-29,South,Stationery,Notebook,9,538.4,53.56
2025-05-29,Central,Clothing,Sneakers,3,369.49,55.5
2025-05-29,North,Groceries,Snack Pack,9,169.72,55.92
2025-05-29,West,Clothing,Sneakers,3,345.96,71.4
2025-05-29,East,Furniture,Desk,10,7338.96,1913.1
2025-05-29,West,Clothing,T-Shirt,3,150.58,49.0
2025-05-30,South,Stationery,Pen Set,1,74.2,19.76
2025-05-30,Central,Furniture,Desk,7,2601.03,134.4
2025-05-30,East,Electronics,Tablet,4,738.34,84.1
2025-05-30,Central,Groceries,Coffee,1,17.22,1.89
2025-05-30,West,Furniture,Dining Table,8,5124.43,734.32
2025-05-30,South,Electronics,Tablet,4,3912.3,417.55
2025-05-30,West,Groceries,Cereal,3,102.92,34.14
2025-05-30,North,Stationery,Desk Lamp,8,213.22,65.85
2025-05-30,North,Furniture,Desk,7,4676.04,648.67
2025-05-31,Central,Clothing,Sneakers,9,142.93,8.58
2025-05-31,South,Clothing,T-Shirt,3,434.6,30.35
2025-05-31,Central,Stationery,Backpack,5,186.37,34.8
2025-05-31,Central,Stationery,Sticky Notes,4,292.64,39.27
2025-05-31,West,Groceries,Organic Juice,8,292.74,48.77
2025-05-31,North,Stationery,Notebook,3,15.89,4.71
2025-05-31,East,Furniture,Office Chair,5,4458.93,630.37
2025-05-31,South,Stationery,Desk Lamp,3,197.48,56.51
2025-05-31,North,Stationery,Backpack,8,555.27,192.01
2025-05-31,Central,Stationery,Desk Lamp,9,68.49,4.97
2025-05-31,Central,Electronics,Smartphone,9,3751.07,1034.56
2025-05-31,West,Clothing,Cap,6,640.91,160.77
2025-05-31,Central,Electronics,Laptop,2,1378.94,91.26
2025-05-31,East,Clothing,T-Shirt,4,396.97,99.68
2025-05-31,West,Clothing,Cap,7,1040.32,88.62
2025-05-31,East,Groceries,Snack Pack,1,10.32,3.29
2025-06-01,North,Electronics,Smartphone,7,6826.41,542.79
2025-06-01,South,Clothing,Jacket,11,696.48,43.16
2025-06-01,East,Furniture,Sofa,8,7117.38,2352.54
2025-06-01,North,Clothing,Jeans,3,315.1,38.06
2025-06-01,South,Stationery,Desk Lamp,7,216.93,28.05
2025-06-01,North,Stationery,Sticky Notes,3,101.47,16.11
2025-06-01,West,Groceries,Coffee,3,21.73,4.74
2025-06-01,East,Clothing,Jeans,10,468.02,44.81
2025-06-01,East,Groceries,Cereal,1,21.79,1.19
2025-06-01,West,Clothing,Sneakers,8,399.98,79.64
2025-06-01,East,Groceries,Cereal,7,145.48,27.08
2025-06-01,North,Furniture,Sofa,1,351.36,93.83
2025-06-02,East,Clothing,Cap,9,811.12,277.41
2025-06-02,West,Stationery,Backpack,8,413.32,73.61
2025-06-02,South,Electronics,Smartwatch,7,4821.33,1544.04
2025-06-02,Central,Clothing,Jacket,8,858.31,53.58
2025-06-02,West,Electronics,Headphones,1,468.03,53.94
2025-06-02,Central,Stationery,Desk Lamp,3,151.9,17.12
2025-06-03,West,Stationery,Backpack,11,646.16,65.67
2025-06-03,North,Furniture,Office Chair,7,3225.7,627.6
2025-06-03,South,Stationery,Notebook,8,154.31,7.98
2025-06-03,North,Groceries,Olive Oil,1,19.25,5.73
2025-06-03,West,Stationery,Sticky Notes,9,130.76,42.2
2025-06-03,Central,Clothing,Jeans,10,794.9,151.05
2025-06-03,West,Furniture,Bookshelf,9,3537.84,465.3
2025-06-03,East,Stationery,Desk Lamp,2,69.33,4.18
2025-06-03,East,Stationery,Pen Set,9,465.06,66.65
2025-06-03,East,Electronics,Smartwatch,7,8235.09,551.85
2025-06-03,West,Groceries,Coffee,3,28.13,8.34
2025-06-03,Central,Electronics,Laptop,7,3759.48,829.58
2025-06-04,North,Groceries,Olive Oil,9,195.87,49.67
2025-06-04,North,Electronics,Smartwatch,7,5566.6,375.45
2025-06-04,Central,Groceries,Organic Juice,9,288.84,55.2
2025-06-04,Central,Electronics,Smartphone,5,5942.37,1698.68
2025-06-04,West,Stationery,Notebook,9,647.69,58.23
2025-06-04,Central,Electronics,Smartphone,4,4498.73,1315.05
2025-06-04,East,Stationery,Sticky Notes,11,720.71,209.21
2025-06-04,West,Stationery,Backpack,4,74.37,21.55
2025-06-04,North,Clothing,Jacket,11,243.45,23.82
2025-06-04,West,Furniture,Office Chair,8,5254.03,1610.62
2025-06-04,North,Electronics,Headphones,11,1699.81,573.61
2025-06-05,East,Stationery,Backpack,3,150.69,30.88
2025-06-05,Central,Groceries,Snack Pack,4,86.15,20.22
2025-06-05,East,Groceries,Coffee,5,33.92,8.9
2025-06-05,Central,Electronics,Smartphone,2,1545.06,341.74
2025-06-05,Central,Stationery,Backpack,3,99.27,16.5
2025-06-05,North,Clothing,Cap,7,239.87,75.78
2025-06-05,West,Groceries,Olive Oil,10,85.24,5.87
2025-06-05,East,Stationery,Pen Set,8,457.02,87.13
2025-06-05,Central,Clothing,Sneakers,6,532.35,107.77
2025-06-06,West,Furniture,Desk,7,2379.5,202.67
2025-06-06,West,Groceries,Snack Pack,3,93.09,5.31
2025-06-06,North,Groceries,Olive Oil,1,18.35,1.75
2025-06-06,South,Clothing,Jacket,10,1161.01,305.55
2025-06-06,West,Clothing,Jeans,10,983.02,193.74
2025-06-06,North,Electronics,Laptop,7,7966.85,2235.33
2025-06-06,East,Furniture,Bookshelf,10,700.28,41.01
2025-06-06,East,Electronics,Smartphone,2,867.95,111.26
2025-06-06,South,Furniture,Desk,2,277.18,42.57
2025-06-06,West,Groceries,Snack Pack,6,214.73,27.22
2025-06-06,West,Groceries,Coffee,9,264.0,30.55
2025-06-07,Central,Furniture,Sofa,5,3642.31,614.0
2025-06-07,East,Stationery,Sticky Notes,10,413.96,77.69
2025-06-07,West,Furniture,Sofa,2,372.3,19.93
2025-06-07,South,Clothing,Jeans,10,565.32,167.89
2025-06-07,West,Electronics,Laptop,6,1565.87,298.07
2025-06-07,West,Groceries,Coffee,7,125.91,18.94
2025-06-07,South,Groceries,Organic Juice,2,63.47,17.66
2025-06-07,West,Groceries,Organic Juice,7,56.88,15.93
2025-06-08,South,Electronics,Tablet,4,2267.91,538.78
2025-06-08,East,Groceries,Coffee,6,102.14,22.16
2025-06-08,North,Stationery,Notebook,11,99.55,17.89
2025-06-08,North,Groceries,Snack Pack,4,150.78,43.3
2025-06-08,North,Stationery,Notebook,7,152.39,37.46
2025-06-08,Central,Electronics,Tablet,8,3738.47,554.21
2025-06-08,East,Electronics,Laptop,6,4725.79,638.0
2025-06-08,South,Furniture,Office Chair,10,7626.15,1544.85
2025-06-09,North,Stationery,Notebook,9,278.65,78.53
2025-06-09,West,Stationery,Backpack,7,120.06,26.18
2025-06-09,Central,Clothing,Sneakers,5,694.04,225.59
2025-06-09,South,Stationery,Sticky Notes,4,71.06,10.74
2025-06-09,Central,Electronics,Laptop,7,7592.93,1945.79
2025-06-09,South,Stationery,Sticky Notes,7,346.28,54.63
2025-06-09,East,Groceries,Cereal,3,96.02,30.65
2025-06-09,South,Furniture,Office Chair,2,1171.98,100.8
2025-06-09,South,Furniture,Sofa,1,174.94,13.96
2025-06-09,North,Clothing,Jeans,2,255.32,45.8
2025-06-10,Central,Clothing,Jacket,5,451.12,84.55
2025-06-10,West,Clothing,Sneakers,1,16.36,1.13
2025-06-10,East,Groceries,Snack Pack,9,100.18,20.15
2025-06-10,East,Clothing,T-Shirt,6,801.39,86.24
2025-06-10,Central,Electronics,Smartphone,3,1895.12,292.0
2025-06-10,East,Electronics,Smartphone,4,2935.61,607.38
2025-06-10,East,Electronics,Headphones,2,1018.52,184.18
2025-06-10,Central,Clothing,Cap,11,493.88,71.08
2025-06-11,South,Stationery,Pen Set,11,182.86,12.15
2025-06-11,East,Furniture,Office Chair,6,2028.32,423.82
2025-06-11,East,Stationery,Desk Lamp,10,798.55,173.48
2025-06-11,Central,Clothing,T-Shirt,10,396.78,57.99
2025-06-11,Central,Groceries,Coffee,1,14.96,2.44
2025-06-11,East,Clothing,Jeans,2,194.01,17.12
2025-06-11,East,Furniture,Sofa,7,6102.52,1053.26
2025-06-11,East,Groceries,Cereal,4,26.5,6.72
2025-06-11,Central,Stationery,Notebook,1,20.43,4.86
2025-06-11,West,Furniture,Bookshelf,3,2446.74,620.85
2025-06-11,South,Groceries,Olive Oil,1,25.11,5.33
2025-06-11,South,Groceries,Snack Pack,11,265.53,46.73
2025-06-12,South,Stationery,Pen Set,3,233.29,29.2
2025-06-12,South,Stationery,Notebook,8,149.6,43.76
2025-06-12,South,Stationery,Backpack,5,30.86,1.95
2025-06-13,Central,Furniture,Office Chair,7,1227.73,94.26
2025-06-13,North,Clothing,Jeans,1,71.48,21.21
2025-06-13,East,Stationery,Pen Set,6,207.4,51.36
2025-06-13,East,Electronics,Smartphone,10,8121.43,795.24
2025-06-13,North,Electronics,Smartphone,7,1774.82,292.06
2025-06-13,Central,Groceries,Organic Juice,1,17.78,1.33
2025-06-13,South,Clothing,Cap,6,722.44,161.81
2025-06-13,North,Groceries,Coffee,5,49.79,12.49
2025-06-13,West,Furniture,Sofa,1,169.72,57.21
2025-06-13,North,Stationery,Pen Set,10,469.41,129.34
2025-06-14,West,Furniture,Dining Table,5,1128.66,183.89
2025-06-14,Central,Clothing,Sneakers,6,305.78,36.37
2025-06-14,West,Electronics,Smartwatch,8,7285.28,1894.58
2025-06-14,South,Furniture,Office Chair,11,7256.57,2449.6
2025-06-14,East,Electronics,Smartphone,4,3052.22,842.52
2025-06-14,North,Clothing,Jeans,7,401.51,104.06
2025-06-15,West,Clothing,Sneakers,11,402.53,139.86
2025-06-15,North,Stationery,Notebook,5,31.34,4.69
2025-06-15,Central,Stationery,Sticky Notes,7,125.91,17.42
2025-06-15,East,Electronics,Smartphone,3,1840.91,293.44
2025-06-15,East,Clothing,Jacket,10,1069.57,211.47
2025-06-16,Central,Furniture,Bookshelf,2,892.31,308.07
2025-06-16,South,Groceries,Coffee,5,197.78,43.83
2025-06-16,South,Stationery,Pen Set,4,213.18,55.44
2025-06-16,West,Furniture,Dining Table,11,7148.0,2103.59
2025-06-16,Central,Clothing,Jeans,4,217.74,22.28
2025-06-16,North,Clothing,Cap,2,143.69,48.93
2025-06-16,Central,Furniture,Sofa,2,1114.48,139.92
2025-06-16,West,Clothing,Jacket,9,572.46,110.36
2025-06-16,East,Groceries,Organic Juice,5,129.19,41.24
2025-06-16,West,Clothing,Jeans,8,939.72,129.39
2025-06-17,Central,Electronics,Tablet,3,1671.01,456.26
2025-06-17,North,Clothing,Jacket,6,524.62,73.9
2025-06-17,East,Clothing,Jeans,3,193.27,33.96
2025-06-17,West,Groceries,Organic Juice,9,228.58,27.11
2025-06-17,South,Stationery,Desk Lamp,3,117.5,35.22
2025-06-17,North,Groceries,Snack Pack,11,312.22,38.42
2025-06-17,Central,Electronics,Headphones,10,880.09,94.09
2025-06-18,South,Furniture,Sofa,8,2008.44,287.07
2025-06-18,Central,Clothing,T-Shirt,11,329.16,94.31
2025-06-18,North,Furniture,Bookshelf,8,4134.78,1404.52
2025-06-18,Central,Stationery,Notebook,11,320.71,83.8
2025-06-18,North,Electronics,Smartwatch,10,2830.09,697.1
2025-06-19,Central,Electronics,Smartphone,4,1405.59,373.67
2025-06-19,South,Furniture,Desk,10,6631.47,2242.74
2025-06-19,Central,Stationery,Sticky Notes,11,146.62,34.29
2025-06-19,West,Groceries,Olive Oil,5,126.76,43.71
2025-06-19,South,Groceries,Organic Juice,5,68.66,19.2
2025-06-19,Central,Stationery,Desk Lamp,9,548.53,53.38
2025-06-19,West,Clothing,Cap,10,722.04,124.69
2025-06-19,Central,Clothing,Jeans,3,169.28,58.7
2025-06-19,East,Furniture,Sofa,6,3017.27,589.07
2025-06-20,South,Clothing,Jeans,8,292.29,41.38
2025-06-20,West,Furniture,Office Chair,1,703.28,150.72
2025-06-20,Central,Clothing,Jeans,3,346.43,34.12
2025-06-20,South,Groceries,Olive Oil,11,175.13,49.29
2025-06-20,East,Furniture,Desk,9,3281.38,841.85
2025-06-20,North,Furniture,Dining Table,11,7572.46,2031.57
2025-06-20,North,Electronics,Smartphone,8,3439.27,1169.2
2025-06-20,South,Clothing,Sneakers,8,388.97,81.68
2025-06-20,East,Clothing,Sneakers,5,462.08,100.66
2025-06-20,North,Stationery,Sticky Notes,4,218.73,46.69
2025-06-20,West,Stationery,Notebook,1,56.62,16.34
2025-06-20,South,Clothing,Jacket,5,78.04,20.35
2025-06-20,South,Clothing,Cap,11,998.11,50.88
2025-06-20,South,Stationery,Notebook,3,78.93,4.22
2025-06-21,South,Groceries,Organic Juice,10,277.78,62.12
2025-06-21,West,Electronics,Smartwatch,7,1054.93,284.61
2025-06-21,Central,Electronics,Smartphone,4,363.8,26.75
2025-06-21,East,Groceries,Olive Oil,11,428.95,54.31
2025-06-21,West,Groceries,Cereal,3,36.29,9.05
2025-06-21,West,Clothing,Jacket,5,141.92,19.97
2025-06-21,North,Electronics,Smartwatch,8,1634.68,255.49
2025-06-21,South,Stationery,Pen Set,8,244.95,44.9
2025-06-21,North,Stationery,Pen Set,2,45.67,3.96
2025-06-22,Central,Electronics,Smartwatch,3,710.8,87.64
2025-06-22,South,Furniture,Sofa,2,658.63,216.21
2025-06-22,North,Stationery,Backpack,3,167.59,35.74
2025-06-22,West,Electronics,Headphones,3,449.6,103.46
2025-06-22,South,Furniture,Bookshelf,8,4472.75,398.77
2025-06-22,Central,Clothing,Sneakers,2,256.28,86.52
2025-06-23,Central,Electronics,Headphones,9,4445.07,438.58
2025-06-23,South,Furniture,Bookshelf,6,2555.68,317.16
2025-06-23,South,Electronics,Headphones,8,2542.83,732.75
2025-06-23,Central,Stationery,Sticky Notes,3,232.45,15.96
2025-06-23,West,Clothing,Sneakers,6,127.81,24.66
2025-06-23,South,Clothing,Jeans,1,122.58,32.97
2025-06-23,South,Clothing,Cap,10,639.09,187.72
2025-06-23,North,Stationery,Sticky Notes,3,64.66,10.83
2025-06-23,West,Furniture,Dining Table,10,2596.67,855.4
2025-06-23,West,Stationery,Pen Set,5,66.24,5.96
2025-06-23,West,Clothing,T-Shirt,10,924.8,132.1
2025-06-23,Central,Electronics,Laptop,4,4193.79,839.76
2025-06-24,South,Clothing,Sneakers,10,886.97,202.39
2025-06-24,East,Stationery,Pen Set,6,56.0,13.34
2025-06-24,Central,Groceries,Coffee,10,207.17,45.66
2025-06-24,West,Clothing,Cap,7,888.76,72.51
2025-06-24,East,Furniture,Desk,2,1306.35,275.26
2025-06-24,East,Electronics,Tablet,10,1041.11,149.47
2025-06-24,Central,Furniture,Bookshelf,7,3931.9,1069.83
2025-06-25,Central,Electronics,Tablet,3,2732.1,480.46
2025-06-25,Central,Furniture,Sofa,3,799.51,223.59
2025-06-25,East,Furniture,Sofa,10,3622.27,1254.48
2025-06-25,West,Furniture,Dining Table,9,7833.93,506.05
2025-06-25,East,Groceries,Organic Juice,4,137.56,40.63
2025-06-25,West,Groceries,Coffee,7,233.1,21.97
2025-06-25,East,Groceries,Cereal,9,243.31,45.05
2025-06-25,South,Groceries,Olive Oil,4,62.65,10.95
2025-06-25,South,Electronics,Tablet,2,1549.66,537.2
2025-06-26,East,Groceries,Coffee,2,76.2,6.26
2025-06-26,Central,Electronics,Smartwatch,10,5426.21,899.54
2025-06-26,South,Groceries,Olive Oil,3,74.4,12.78
2025-06-26,Central,Clothing,Jacket,7,587.56,107.28
2025-06-27,West,Groceries,Organic Juice,2,16.89,5.23
2025-06-27,North,Groceries,Organic Juice,2,78.82,7.87
2025-06-27,South,Groceries,Coffee,4,22.21,6.63
2025-06-27,North,Groceries,Snack Pack,4,50.96,16.17
2025-06-27,North,Stationery,Notebook,2,134.3,43.97
2025-06-27,North,Groceries,Snack Pack,4,58.37,2.92
2025-06-27,South,Furniture,Bookshelf,7,2162.47,462.66
2025-06-27,Central,Furniture,Dining Table,6,3490.62,561.9
2025-06-28,East,Stationery,Desk Lamp,6,318.14,99.86
2025-06-28,East,Clothing,Jacket,4,590.8,153.98
2025-06-28,Central,Electronics,Headphones,2,552.25,83.76
2025-06-28,East,Clothing,Jeans,4,577.06,102.01
2025-06-28,West,Electronics,Laptop,2,1025.9,114.42
2025-06-28,Central,Clothing,T-Shirt,10,867.15,240.52
2025-06-28,South,Groceries,Organic Juice,6,181.01,9.12
2025-06-28,South,Stationery,Sticky Notes,3,237.92,50.2
2025-06-28,East,Groceries,Organic Juice,9,308.7,50.08
2025-06-28,Central,Furniture,Desk,7,4918.57,1446.15
2025-06-28,North,Furniture,Office Chair,6,1712.63,101.7
2025-06-29,West,Electronics,Tablet,10,2215.38,343.98
2025-06-29,West,Groceries,Olive Oil,3,108.34,29.66
2025-06-29,Central,Furniture,Dining Table,11,6015.97,551.35
2025-06-29,West,Clothing,Jacket,5,281.42,15.28
2025-06-30,West,Electronics,Laptop,8,5711.6,1213.79
2025-06-30,North,Clothing,Sneakers,8,187.43,14.01
2025-06-30,West,Clothing,Jeans,3,284.28,53.59
2025-06-30,Central,Furniture,Dining Table,6,2466.52,257.32
2025-06-30,North,Electronics,Smartphone,10,1124.72,371.3
2025-06-30,North,Clothing,Cap,7,964.25,287.57
2025-07-01,North,Furniture,Sofa,10,7104.63,1335.19
2025-07-01,South,Electronics,Headphones,11,13067.64,3634.77
2025-07-01,Central,Clothing,Sneakers,3,315.5,45.85
2025-07-01,South,Electronics,Smartwatch,1,347.23,69.99
2025-07-01,Central,Furniture,Desk,6,2051.13,563.03
2025-07-01,South,Electronics,Headphones,3,1167.98,151.69
2025-07-01,North,Groceries,Cereal,7,207.89,30.16
2025-07-01,Central,Clothing,T-Shirt,10,1269.35,355.91
2025-07-01,Central,Clothing,Jeans,7,686.9,108.56
2025-07-01,South,Stationery,Notebook,1,29.19,7.53
2025-07-02,North,Furniture,Sofa,6,608.63,200.88
2025-07-02,East,Clothing,Cap,11,853.04,107.21
2025-07-02,West,Electronics,Laptop,3,1960.82,320.42
2025-07-02,Central,Electronics,Smartphone,11,12197.31,2919.39
2025-07-02,Central,Clothing,Cap,1,129.03,31.35
2025-07-02,North,Furniture,Office Chair,7,4788.12,609.4
2025-07-02,East,Stationery,Pen Set,1,15.26,1.93
2025-07-02,North,Clothing,Jeans,9,903.5,267.14
2025-07-02,South,Clothing,Sneakers,9,1128.5,190.59
2025-07-02,West,Electronics,Laptop,11,2162.3,440.11
2025-07-02,West,Clothing,T-Shirt,2,201.83,13.32
2025-07-03,East,Electronics,Tablet,6,6782.29,1271.49
2025-07-03,North,Groceries,Snack Pack,4,131.54,8.35
2025-07-03,Central,Stationery,Notebook,6,56.79,5.06
2025-07-03,Central,Furniture,Dining Table,7,1939.14,176.3
2025-07-03,East,Clothing,Jeans,7,612.99,102.29
2025-07-03,North,Groceries,Organic Juice,9,75.08,9.41
2025-07-03,West,Clothing,Jeans,6,589.57,41.78
2025-07-04,North,Electronics,Smartphone,1,362.2,93.74
2025-07-04,North,Groceries,Olive Oil,6,214.77,44.46
2025-07-04,East,Electronics,Headphones,7,3435.48,844.64
2025-07-04,North,Electronics,Tablet,6,3816.64,660.54
2025-07-04,South,Electronics,Smartwatch,10,2995.02,203.24
2025-07-04,North,Clothing,Cap,6,864.44,297.63
2025-07-04,East,Stationery,Sticky Notes,2,35.82,4.46
2025-07-04,East,Electronics,Headphones,5,1846.85,590.53
2025-07-04,South,Furniture,Office Chair,8,7069.34,416.12
2025-07-04,West,Electronics,Smartwatch,2,972.53,314.76
2025-07-04,East,Furniture,Office Chair,1,242.27,58.4
2025-07-04,East,Electronics,Smartphone,2,1294.26,436.32
2025-07-05,East,Stationery,Notebook,1,74.75,17.81
2025-07-05,South,Electronics,Smartphone,10,7951.6,2555.85
2025-07-05,Central,Furniture,Desk,10,6807.53,471.91
2025-07-05,North,Clothing,Cap,1,85.22,4.84
2025-07-05,Central,Clothing,Cap,7,125.76,38.51
2025-07-05,South,Clothing,Jacket,3,216.19,28.27
2025-07-05,West,Groceries,Organic Juice,11,52.23,8.54
2025-07-05,East,Stationery,Backpack,3,157.66,53.53
2025-07-05,West,Stationery,Notebook,11,107.62,28.71
2025-07-05,Central,Electronics,Smartphone,2,1576.6,334.39
2025-07-06,West,Stationery,Notebook,6,302.31,63.15
2025-07-06,West,Stationery,Sticky Notes,9,151.23,24.55
2025-07-06,North,Electronics,Laptop,10,3141.25,1029.62
2025-07-06,East,Furniture,Sofa,10,8395.38,2681.19
2025-07-06,West,Clothing,Jacket,9,335.34,49.36
2025-07-06,West,Stationery,Sticky Notes,1,34.96,6.39
2025-07-06,South,Groceries,Snack Pack,5,183.31,52.37
2025-07-06,West,Electronics,Smartphone,1,606.88,211.79
2025-07-06,West,Groceries,Organic Juice,11,39.15,9.9
2025-07-06,South,Electronics,Tablet,6,3501.44,512.65
2025-07-06,South,Groceries,Olive Oil,7,189.75,9.68
2025-07-06,West,Stationery,Backpack,7,453.21,147.0
2025-07-06,North,Electronics,Smartwatch,4,3727.42,418.81
2025-07-06,West,Furniture,Sofa,2,962.34,172.3
2025-07-07,Central,Electronics,Laptop,7,684.04,192.75
2025-07-07,North,Furniture,Office Chair,2,720.28,210.52
2025-07-07,West,Clothing,T-Shirt,3,116.38,35.01
2025-07-07,Central,Stationery,Pen Set,8,540.0,117.65
2025-07-07,East,Clothing,T-Shirt,4,301.37,27.49
2025-07-08,West,Furniture,Office Chair,3,1258.77,351.48
2025-07-08,North,Furniture,Bookshelf,11,6025.73,1945.27
2025-07-08,North,Stationery,Notebook,1,60.06,13.56
2025-07-08,South,Electronics,Tablet,8,6707.29,839.35
2025-07-08,South,Electronics,Laptop,1,303.52,22.29
2025-07-08,South,Furniture,Office Chair,7,612.01,200.07
2025-07-08,West,Furniture,Bookshelf,7,2339.29,775.56
2025-07-09,North,Electronics,Smartphone,1,182.07,54.35
2025-07-09,Central,Groceries,Organic Juice,10,61.38,11.26
2025-07-09,West,Stationery,Desk Lamp,5,178.86,27.62
2025-07-09,West,Clothing,Cap,9,353.28,55.35
2025-07-09,Central,Stationery,Notebook,1,69.8,6.44
2025-07-09,Central,Groceries,Cereal,5,50.08,16.71
2025-07-09,West,Electronics,Headphones,8,1840.56,491.97
2025-07-09,West,Groceries,Olive Oil,2,21.96,2.42
2025-07-09,East,Electronics,Laptop,3,3161.37,588.12
2025-07-09,East,Furniture,Sofa,9,7080.75,355.56
2025-07-09,North,Groceries,Olive Oil,8,161.6,19.13
2025-07-10,North,Electronics,Laptop,9,6797.31,709.72
2025-07-10,East,Stationery,Backpack,1,37.9,11.38
2025-07-10,West,Electronics,Smartwatch,11,5081.66,799.01
2025-07-11,South,Furniture,Sofa,7,5821.62,927.51
2025-07-11,South,Clothing,Jacket,3,72.48,13.52
2025-07-11,West,Stationery,Backpack,10,366.08,124.42
2025-07-11,North,Furniture,Office Chair,4,1682.94,489.16
2025-07-11,North,Clothing,Cap,3,365.16,111.86
2025-07-11,North,Groceries,Organic Juice,6,47.41,10.0
2025-07-11,West,Furniture,Office Chair,10,6659.29,619.01
2025-07-11,Central,Groceries,Snack Pack,4,133.15,40.37
2025-07-11,North,Clothing,T-Shirt,4,202.7,59.15
2025-07-11,Central,Groceries,Coffee,10,294.32,87.16
2025-07-12,East,Stationery,Sticky Notes,10,358.27,114.65
2025-07-12,South,Clothing,Sneakers,1,107.62,8.1
2025-07-12,East,Stationery,Pen Set,7,533.26,180.87
2025-07-13,South,Stationery,Pen Set,1,57.93,8.12
2025-07-13,Central,Furniture,Bookshelf,2,692.96,166.13
2025-07-13,West,Groceries,Organic Juice,3,90.64,8.19
2025-07-13,North,Furniture,Bookshelf,1,428.02,94.96
2025-07-13,Central,Clothing,Cap,10,651.09,121.57
2025-07-13,Central,Clothing,Cap,5,305.91,97.5
2025-07-13,East,Stationery,Pen Set,1,24.94,8.41
2025-07-13,West,Groceries,Cereal,5,38.91,6.36
2025-07-14,South,Stationery,Notebook,1,39.14,3.25
2025-07-14,East,Electronics,Smartphone,7,5578.63,680.66
2025-07-14,East,Clothing,Jeans,7,324.97,112.1
2025-07-14,West,Groceries,Cereal,10,178.89,37.21
2025-07-14,West,Stationery,Backpack,1,43.11,12.4
2025-07-14,East,Groceries,Organic Juice,6,180.34,55.81
2025-07-14,Central,Groceries,Organic Juice,10,237.17,71.3
2025-07-14,East,Clothing,Jacket,7,535.01,138.9
2025-07-14,South,Furniture,Bookshelf,4,953.72,99.49
2025-07-14,South,Electronics,Laptop,3,339.98,103.86
2025-07-14,South,Clothing,Jacket,3,65.03,19.0
2025-07-14,Central,Electronics,Headphones,2,498.43,88.77
2025-07-14,East,Clothing,Jacket,6,504.36,162.7
2025-07-14,North,Stationery,Backpack,8,361.3,33.21
2025-07-14,North,Furniture,Bookshelf,4,1741.6,493.46
2025-07-14,Central,Furniture,Sofa,3,1356.89,392.91
2025-07-15,Central,Electronics,Tablet,3,667.23,194.62
2025-07-15,South,Electronics,Smartwatch,6,3844.68,580.76
2025-07-15,East,Groceries,Cereal,6,144.31,17.63
2025-07-15,West,Stationery,Notebook,1,68.43,9.46
2025-07-15,Central,Groceries,Cereal,8,319.41,45.27
2025-07-15,West,Stationery,Backpack,11,460.24,73.86
2025-07-16,Central,Clothing,Jeans,3,406.08,91.14
2025-07-16,North,Furniture,Desk,3,523.15,132.19
2025-07-16,Central,Groceries,Snack Pack,11,274.42,82.28
2025-07-16,South,Furniture,Bookshelf,6,3979.94,637.73
2025-07-16,Central,Electronics,Tablet,9,7895.77,2048.71
2025-07-16,East,Groceries,Snack Pack,2,19.75,1.8
2025-07-16,West,Furniture,Desk,2,905.47,278.95
2025-07-16,East,Clothing,Jeans,3,315.91,70.01
2025-07-17,North,Groceries,Cereal,9,64.89,16.16
2025-07-17,West,Groceries,Snack Pack,5,24.25,4.24
2025-07-17,East,Furniture,Dining Table,3,960.67,92.68
2025-07-17,West,Stationery,Sticky Notes,1,55.53,18.86
2025-07-17,West,Electronics,Headphones,8,1674.79,574.46
2025-07-17,Central,Electronics,Laptop,1,298.57,73.3
2025-07-17,North,Clothing,T-Shirt,3,118.3,15.43
2025-07-18,East,Electronics,Smartwatch,6,4983.12,1291.44
2025-07-18,South,Groceries,Cereal,4,17.09,1.79
2025-07-18,West,Clothing,Sneakers,4,114.89,23.14
2025-07-18,South,Electronics,Smartwatch,9,10726.25,1250.52
2025-07-18,Central,Clothing,Jacket,1,82.61,21.0
2025-07-18,West,Furniture,Desk,3,2122.8,181.6
2025-07-18,South,Furniture,Dining Table,1,148.88,28.31
2025-07-18,East,Stationery,Desk Lamp,6,361.16,87.3
2025-07-19,Central,Clothing,Sneakers,10,829.91,84.72
2025-07-19,North,Stationery,Pen Set,11,127.23,15.38
2025-07-19,South,Clothing,Jeans,1,33.91,10.33
2025-07-19,South,Clothing,Sneakers,7,270.51,70.16
2025-07-19,South,Electronics,Smartwatch,2,2374.82,220.38
2025-07-19,East,Furniture,Office Chair,5,1729.28,176.61
2025-07-19,South,Furniture,Dining Table,3,2207.18,771.07
2025-07-19,East,Groceries,Organic Juice,2,51.53,16.23
2025-07-19,South,Clothing,T-Shirt,5,386.51,111.29
2025-07-19,North,Furniture,Sofa,9,834.05,280.47
2025-07-19,Central,Groceries,Olive Oil,10,71.73,8.21
2025-07-20,West,Furniture,Office Chair,2,343.73,35.94
2025-07-20,South,Electronics,Tablet,10,11331.87,1411.02
2025-07-20,Central,Clothing,Sneakers,10,853.35,142.24
2025-07-20,North,Stationery,Pen Set,2,146.24,45.9
2025-07-20,West,Furniture,Dining Table,10,6122.53,1380.62
2025-07-20,Central,Electronics,Smartwatch,6,718.63,151.08
2025-07-20,East,Furniture,Sofa,10,897.86,290.85
2025-07-20,South,Stationery,Notebook,5,307.3,56.31
2025-07-20,West,Electronics,Laptop,11,7472.68,1855.41
2025-07-20,South,Furniture,Bookshelf,1,214.58,27.84
2025-07-20,East,Furniture,Dining Table,3,1218.78,243.78
2025-07-21,South,Stationery,Desk Lamp,3,57.76,6.77
2025-07-21,North,Furniture,Desk,2,1323.07,396.57
2025-07-21,West,Electronics,Laptop,7,5643.78,522.51
2025-07-21,North,Groceries,Snack Pack,8,206.15,58.12
2025-07-21,East,Stationery,Pen Set,11,420.1,139.0
2025-07-21,Central,Furniture,Office Chair,7,603.15,129.62
2025-07-21,North,Clothing,Cap,9,1083.53,76.33
2025-07-21,West,Furniture,Sofa,2,1252.31,191.34
2025-07-21,Central,Stationery,Backpack,2,143.18,25.34
2025-07-22,West,Stationery,Notebook,8,254.5,26.74
2025-07-22,West,Electronics,Laptop,1,554.92,70.89
2025-07-22,North,Groceries,Coffee,1,6.17,0.94
2025-07-23,East,Clothing,T-Shirt,1,108.61,18.81
2025-07-23,Central,Furniture,Bookshelf,7,5563.24,743.17
2025-07-23,Central,Clothing,T-Shirt,6,167.63,41.26
2025-07-23,East,Furniture,Office Chair,8,5503.33,1745.03
2025-07-23,North,Stationery,Sticky Notes,9,590.17,89.75
2025-07-23,East,Stationery,Pen Set,11,292.56,63.7
2025-07-23,West,Furniture,Dining Table,10,4862.6,568.97
2025-07-23,South,Stationery,Sticky Notes,3,81.81,13.32
2025-07-23,South,Furniture,Dining Table,10,8971.63,599.88
2025-07-23,West,Furniture,Desk,6,4189.79,1390.77
2025-07-24,West,Clothing,Jeans,9,1037.73,128.84
2025-07-24,West,Electronics,Headphones,10,6629.11,480.89
2025-07-24,Central,Groceries,Snack Pack,2,77.03,6.87
2025-07-24,East,Clothing,T-Shirt,4,433.11,52.84
2025-07-24,South,Clothing,Jeans,8,499.3,159.51
2025-07-24,East,Furniture,Sofa,1,236.97,56.19
2025-07-25,North,Groceries,Snack Pack,1,25.66,7.61
2025-07-25,South,Furniture,Office Chair,6,4681.18,840.42
2025-07-25,South,Groceries,Olive Oil,5,31.71,9.38
2025-07-25,East,Electronics,Headphones,1,753.3,202.83
2025-07-25,South,Clothing,Jacket,7,175.81,56.28
2025-07-25,Central,Electronics,Headphones,10,10906.66,1700.84
2025-07-25,West,Groceries,Olive Oil,8,145.76,39.04
2025-07-25,South,Stationery,Sticky Notes,11,313.57,55.44
2025-07-25,Central,Stationery,Pen Set,3,160.34,36.92
2025-07-25,North,Furniture,Office Chair,3,2440.98,634.92
2025-07-25,Central,Groceries,Olive Oil,9,133.07,43.97
2025-07-26,Central,Stationery,Pen Set,3,55.21,16.48
2025-07-26,East,Furniture,Bookshelf,8,5157.26,1414.95
2025-07-26,West,Stationery,Desk Lamp,6,336.05,73.0
2025-07-26,East,Clothing,Jacket,1,28.81,3.05
2025-07-26,West,Furniture,Desk,10,7440.82,1631.91
2025-07-26,East,Groceries,Snack Pack,9,238.38,58.9
2025-07-26,Central,Furniture,Desk,6,657.58,68.49
2025-07-26,West,Stationery,Notebook,2,150.31,27.68
2025-07-26,North,Electronics,Smartwatch,6,731.54,214.13
2025-07-26,North,Stationery,Backpack,8,96.72,22.56
2025-07-26,South,Furniture,Dining Table,5,2178.07,612.9
2025-07-26,East,Clothing,T-Shirt,2,275.57,68.08
2025-07-26,East,Stationery,Notebook,2,61.9,17.42
2025-07-26,Central,Furniture,Bookshelf,9,5271.52,1134.09
2025-07-27,East,Stationery,Notebook,4,83.21,9.79
2025-07-27,Central,Clothing,T-Shirt,4,287.41,45.03
2025-07-27,West,Electronics,Smartphone,9,4839.96,526.67
2025-07-27,West,Electronics,Smartwatch,6,4433.42,939.59
2025-07-27,East,Furniture,Sofa,4,825.94,264.12
2025-07-27,North,Clothing,Cap,1,125.87,23.58
2025-07-27,East,Electronics,Smartphone,3,2818.45,320.18
2025-07-27,East,Groceries,Olive Oil,4,140.1,31.67
2025-07-27,East,Stationery,Pen Set,5,45.01,9.48
2025-07-27,North,Groceries,Snack Pack,6,60.27,17.58
2025-07-28,North,Groceries,Cereal,3,41.85,13.33
2025-07-28,Central,Clothing,T-Shirt,8,758.19,197.21
2025-07-28,East,Furniture,Bookshelf,9,6216.28,1252.87
2025-07-28,South,Stationery,Sticky Notes,1,36.06,5.21
2025-07-28,West,Clothing,T-Shirt,8,474.92,25.27
2025-07-28,Central,Furniture,Desk,9,7680.02,738.05
2025-07-28,South,Stationery,Notebook,11,609.76,201.81
2025-07-28,East,Groceries,Olive Oil,2,61.04,13.66
2025-07-28,South,Groceries,Olive Oil,6,232.09,68.01
2025-07-28,West,Furniture,Desk,5,2393.99,729.18
2025-07-28,North,Electronics,Laptop,3,3262.57,585.5
2025-07-28,North,Clothing,Jeans,7,737.38,233.18
2025-07-28,North,Electronics,Laptop,2,2385.07,408.42
2025-07-29,Central,Furniture,Sofa,8,4241.11,1455.7
2025-07-29,Central,Furniture,Sofa,7,672.53,90.53
2025-07-29,West,Clothing,Jacket,7,502.41,163.45
2025-07-29,North,Groceries,Coffee,9,127.11,22.9
2025-07-29,Central,Stationery,Backpack,3,185.81,62.87
2025-07-29,Central,Groceries,Cereal,10,391.75,25.15
2025-07-29,East,Electronics,Laptop,10,10573.26,2824.37
2025-07-29,North,Furniture,Dining Table,1,813.8,139.3
2025-07-30,Central,Groceries,Organic Juice,4,106.03,27.88
2025-07-30,West,Furniture,Dining Table,2,881.33,261.32
2025-07-30,East,Furniture,Desk,5,601.18,52.2
2025-07-30,South,Clothing,Jacket,2,258.97,65.84
2025-07-30,South,Groceries,Cereal,9,354.2,23.51
2025-07-30,North,Electronics,Headphones,7,3568.24,587.89
2025-07-30,East,Groceries,Organic Juice,11,401.22,92.71
2025-07-30,South,Furniture,Bookshelf,1,364.55,32.98
2025-07-31,South,Stationery,Notebook,6,122.29,17.77
2025-07-31,Central,Stationery,Sticky Notes,11,625.57,39.33
2025-07-31,West,Electronics,Tablet,2,1533.78,116.89
2025-07-31,East,Stationery,Backpack,9,462.45,141.29
2025-07-31,East,Clothing,Sneakers,2,201.89,31.19
2025-07-31,East,Stationery,Backpack,11,243.2,79.19
2025-07-31,West,Groceries,Coffee,7,74.2,7.25
2025-07-31,North,Stationery,Sticky Notes,3,119.46,9.13
2025-07-31,North,Furniture,Dining Table,11,6773.46,461.24
2025-07-31,East,Furniture,Dining Table,6,4547.98,1158.12
2025-07-31,North,Groceries,Organic Juice,4,24.43,2.48
2025-07-31,East,Groceries,Organic Juice,2,32.02,9.56
2025-07-31,South,Electronics,Smartwatch,3,2468.72,488.09
2025-07-31,West,Furniture,Desk,10,8441.92,2202.77
2025-07-31,West,Groceries,Olive Oil,9,36.54,10.34
2025-08-01,East,Stationery,Desk Lamp,6,207.95,57.57
2025-08-01,Central,Furniture,Office Chair,7,5815.77,1722.03
2025-08-01,South,Stationery,Backpack,10,556.67,112.35
2025-08-01,East,Electronics,Headphones,1,1184.07,163.14
2025-08-01,East,Furniture,Office Chair,5,1310.83,428.93
2025-08-01,East,Furniture,Sofa,6,3485.17,960.93
2025-08-01,East,Electronics,Smartwatch,8,4969.81,754.17
2025-08-01,South,Clothing,Jacket,4,73.74,19.16
2025-08-01,South,Groceries,Organic Juice,6,152.16,19.84
2025-08-01,West,Clothing,Jacket,1,115.88,25.59
2025-08-02,South,Furniture,Sofa,3,2131.14,619.42
2025-08-02,Central,Furniture,Office Chair,4,1761.26,369.61
2025-08-02,Central,Groceries,Organic Juice,9,242.93,48.81
2025-08-02,South,Electronics,Headphones,3,1381.63,198.35
2025-08-02,East,Clothing,T-Shirt,11,958.19,106.94
2025-08-02,West,Furniture,Dining Table,4,523.83,162.19
2025-08-02,Central,Furniture,Office Chair,7,4357.83,307.84
2025-08-02,East,Stationery,Backpack,4,75.16,5.81
2025-08-02,Central,Clothing,Cap,10,1309.13,155.4
2025-08-02,North,Furniture,Office Chair,10,3819.96,580.02
2025-08-02,Central,Stationery,Pen Set,2,12.63,3.88
2025-08-02,North,Stationery,Backpack,3,52.21,9.71
2025-08-03,Central,Furniture,Dining Table,1,105.58,9.12
2025-08-03,West,Furniture,Dining Table,2,908.73,309.03
2025-08-03,East,Clothing,Jacket,4,129.14,15.75
2025-08-03,West,Stationery,Notebook,6,208.56,45.98
2025-08-03,East,Electronics,Headphones,5,3828.95,1262.81
2025-08-03,Central,Electronics,Tablet,6,4411.23,1447.18
2025-08-03,South,Furniture,Sofa,6,5318.02,1194.81
2025-08-03,Central,Clothing,Jacket,8,1009.07,105.82
2025-08-03,West,Furniture,Bookshelf,8,883.79,245.76
2025-08-03,South,Stationery,Backpack,8,578.9,51.43
2025-08-04,South,Groceries,Snack Pack,11,332.68,86.04
2025-08-04,West,Clothing,Sneakers,11,1072.58,55.26
2025-08-04,South,Clothing,T-Shirt,4,244.3,15.36
2025-08-04,West,Clothing,Jeans,11,702.7,73.08
2025-08-04,West,Groceries,Organic Juice,9,179.7,42.84
2025-08-04,South,Groceries,Cereal,9,46.81,6.12
2025-08-04,East,Stationery,Notebook,11,667.26,156.1
2025-08-04,North,Stationery,Backpack,10,678.9,110.69
2025-08-04,North,Clothing,Sneakers,8,759.66,236.15
2025-08-05,North,Electronics,Smartphone,8,648.65,179.02
2025-08-05,South,Electronics,Smartphone,9,3792.84,380.35
2025-08-05,North,Stationery,Pen Set,9,596.3,180.22
2025-08-05,West,Stationery,Desk Lamp,4,182.66,31.2
2025-08-05,East,Stationery,Desk Lamp,1,30.53,7.25
2025-08-05,North,Stationery,Desk Lamp,4,48.22,10.26
2025-08-05,East,Stationery,Sticky Notes,4,136.68,39.79
2025-08-06,North,Furniture,Dining Table,8,2269.76,641.76
2025-08-06,North,Groceries,Organic Juice,3,40.07,5.5
2025-08-06,Central,Stationery,Pen Set,5,201.17,11.22
2025-08-06,East,Furniture,Office Chair,9,1480.96,256.88
2025-08-06,West,Furniture,Dining Table,9,7978.93,438.22
2025-08-06,East,Groceries,Olive Oil,8,178.68,14.99
2025-08-06,Central,Furniture,Desk,11,2182.14,472.44
2025-08-07,North,Clothing,T-Shirt,9,612.94,55.41
2025-08-07,East,Furniture,Bookshelf,6,2711.94,708.5
2025-08-07,Central,Electronics,Headphones,4,1906.65,362.62
2025-08-07,East,Electronics,Smartphone,10,6107.85,457.93
2025-08-07,Central,Groceries,Olive Oil,11,322.92,76.9
2025-08-07,East,Furniture,Desk,1,705.64,115.18
2025-08-07,Central,Groceries,Snack Pack,3,81.93,9.34
2025-08-07,East,Clothing,T-Shirt,2,293.86,20.71
2025-08-07,Central,Electronics,Tablet,4,3174.01,742.94
2025-08-08,North,Furniture,Bookshelf,4,3408.39,332.42
2025-08-08,East,Electronics,Laptop,6,3426.0,617.97
2025-08-08,West,Clothing,T-Shirt,10,1205.92,99.7
2025-08-08,Central,Electronics,Smartphone,8,2299.65,478.21
2025-08-08,East,Groceries,Organic Juice,3,90.99,11.44
2025-08-08,West,Furniture,Bookshelf,6,4529.26,537.23
2025-08-08,West,Clothing,Sneakers,10,810.11,164.15
2025-08-09,Central,Groceries,Organic Juice,4,27.79,9.22
2025-08-09,West,Furniture,Desk,9,7542.69,1694.03
2025-08-09,South,Groceries,Coffee,7,158.81,34.47
2025-08-09,North,Clothing,Sneakers,6,238.64,27.18
2025-08-09,Central,Stationery,Pen Set,7,269.24,37.53
2025-08-09,South,Electronics,Laptop,6,3291.93,1056.37
2025-08-09,East,Furniture,Bookshelf,9,3698.99,561.12
2025-08-09,West,Clothing,Cap,8,282.39,43.61
2025-08-09,Central,Groceries,Snack Pack,5,82.35,14.61
2025-08-10,East,Clothing,Sneakers,5,676.92,193.38
2025-08-10,South,Clothing,T-Shirt,6,372.14,28.13
2025-08-10,East,Groceries,Cereal,2,75.48,10.33
2025-08-10,North,Furniture,Sofa,8,488.29,137.11
2025-08-10,South,Electronics,Laptop,9,4727.01,1003.93
2025-08-10,West,Electronics,Tablet,6,1978.9,532.92
2025-08-11,West,Furniture,Sofa,10,7876.36,2718.7
2025-08-11,East,Furniture,Office Chair,8,1816.03,229.48
2025-08-11,Central,Electronics,Laptop,4,3156.25,1050.98
2025-08-11,Central,Stationery,Notebook,2,69.09,18.95
2025-08-11,West,Stationery,Pen Set,3,205.46,45.46
2025-08-12,East,Electronics,Tablet,5,1605.53,398.93
2025-08-12,North,Furniture,Sofa,10,4078.17,636.77
2025-08-12,East,Groceries,Organic Juice,4,81.89,5.99
2025-08-12,East,Furniture,Office Chair,2,1071.45,273.3
2025-08-12,Central,Clothing,T-Shirt,6,474.19,96.79
2025-08-12,East,Clothing,Cap,5,194.15,22.94
2025-08-12,South,Stationery,Sticky Notes,1,5.77,0.63
2025-08-12,South,Stationery,Backpack,11,751.01,216.25
2025-08-12,South,Stationery,Backpack,3,186.19,21.73
2025-08-12,South,Electronics,Tablet,3,2819.2,427.95
2025-08-13,West,Stationery,Notebook,11,532.04,45.49
2025-08-13,West,Stationery,Backpack,11,434.04,72.12
2025-08-13,East,Furniture,Office Chair,10,3531.5,285.53
2025-08-13,Central,Furniture,Bookshelf,9,7982.02,502.15
2025-08-14,Central,Clothing,Jacket,7,448.4,50.1
2025-08-14,Central,Stationery,Backpack,8,274.17,67.69
2025-08-14,West,Electronics,Smartphone,8,6806.72,1446.1
2025-08-14,East,Groceries,Snack Pack,10,335.14,91.49
2025-08-14,West,Stationery,Backpack,5,315.0,48.93
2025-08-14,West,Clothing,Jeans,6,795.77,204.59
2025-08-15,West,Clothing,T-Shirt,11,1622.77,375.9
2025-08-15,North,Electronics,Smartwatch,9,9026.8,2489.85
2025-08-15,West,Stationery,Backpack,8,87.39,21.05
2025-08-15,North,Stationery,Pen Set,3,94.89,27.79
2025-08-15,West,Clothing,Jacket,9,271.22,88.94
2025-08-15,West,Electronics,Smartphone,10,9298.3,3025.44
2025-08-15,North,Furniture,Dining Table,9,1898.21,384.59
2025-08-15,North,Groceries,Organic Juice,9,47.74,8.92
2025-08-16,North,Stationery,Sticky Notes,6,292.66,90.82
2025-08-16,South,Furniture,Office Chair,11,6223.33,442.55
2025-08-16,South,Stationery,Notebook,4,317.02,45.48
2025-08-16,West,Stationery,Notebook,4,102.9,11.39
2025-08-16,West,Clothing,Cap,2,81.39,23.29
2025-08-16,South,Clothing,T-Shirt,4,214.1,65.78
2025-08-16,Central,Groceries,Organic Juice,1,3.55,1.02
2025-08-16,Central,Furniture,Office Chair,2,148.34,42.74
2025-08-16,East,Groceries,Organic Juice,8,144.77,20.98
2025-08-16,Central,Electronics,Headphones,7,5466.49,851.64
2025-08-16,East,Stationery,Backpack,6,119.52,26.76
2025-08-16,West,Electronics,Smartwatch,11,12584.85,2638.96
2025-08-16,West,Electronics,Tablet,4,4650.47,1195.01
2025-08-17,South,Electronics,Smartwatch,5,2433.26,803.24
2025-08-17,West,Stationery,Backpack,2,112.2,36.62
2025-08-17,North,Furniture,Sofa,9,1422.91,259.07
2025-08-17,Central,Stationery,Notebook,3,93.22,18.53
2025-08-17,West,Furniture,Bookshelf,3,1848.96,574.45
2025-08-17,West,Stationery,Pen Set,9,714.52,148.78
2025-08-18,Central,Groceries,Cereal,5,102.89,10.18
2025-08-18,North,Groceries,Snack Pack,4,144.01,33.26
2025-08-18,Central,Clothing,Jacket,10,235.09,37.96
2025-08-18,South,Furniture,Bookshelf,2,1014.47,273.64
2025-08-18,East,Clothing,Jeans,9,488.67,147.02
2025-08-19,South,Furniture,Sofa,1,366.87,78.81
2025-08-19,North,Electronics,Smartphone,1,592.55,199.63
2025-08-19,Central,Electronics,Tablet,7,5737.27,1178.45
2025-08-19,North,Stationery,Notebook,10,345.66,27.23
2025-08-19,North,Groceries,Olive Oil,7,141.22,48.5
2025-08-20,East,Electronics,Headphones,11,1497.65,349.17
2025-08-20,South,Stationery,Sticky Notes,11,329.46,31.72
2025-08-20,South,Furniture,Office Chair,3,207.49,41.16
2025-08-21,South,Clothing,Cap,11,554.21,56.65
2025-08-21,East,Furniture,Sofa,7,1086.3,166.11
2025-08-21,North,Electronics,Tablet,1,257.59,78.52
2025-08-21,South,Groceries,Olive Oil,5,18.55,1.11
2025-08-21,East,Stationery,Desk Lamp,11,822.55,73.65
2025-08-21,South,Furniture,Sofa,10,3359.99,876.9
2025-08-21,North,Electronics,Tablet,1,966.12,147.69
2025-08-21,West,Stationery,Pen Set,4,39.75,2.14
2025-08-21,South,Furniture,Desk,5,697.9,47.79
2025-08-21,West,Furniture,Bookshelf,7,895.81,263.31
2025-08-21,East,Electronics,Smartphone,8,1884.11,464.63
2025-08-21,South,Furniture,Office Chair,10,7340.17,2299.2
2025-08-21,East,Groceries,Cereal,7,137.47,26.71
2025-08-21,South,Groceries,Coffee,7,206.4,71.11
2025-08-21,East,Electronics,Headphones,7,7663.71,2265.49
2025-08-22,North,Clothing,Jeans,4,537.56,119.53
2025-08-22,North,Clothing,Sneakers,5,330.25,85.76
2025-08-22,East,Furniture,Sofa,6,5173.25,890.43
2025-08-22,Central,Electronics,Smartwatch,1,474.5,87.04
2025-08-22,East,Electronics,Laptop,4,569.05,57.7
2025-08-22,East,Stationery,Backpack,6,426.33,96.79
2025-08-22,South,Groceries,Organic Juice,2,59.14,20.68
2025-08-23,South,Clothing,T-Shirt,5,675.17,38.09
2025-08-23,Central,Stationery,Pen Set,7,348.49,106.81
2025-08-23,Central,Furniture,Office Chair,5,4436.22,1445.79
2025-08-23,Central,Clothing,Sneakers,1,119.41,38.17
2025-08-23,North,Stationery,Backpack,3,56.16,13.03
2025-08-23,East,Groceries,Coffee,2,67.87,21.98
2025-08-23,West,Furniture,Office Chair,8,5353.93,504.07
2025-08-24,South,Furniture,Office Chair,11,1121.93,114.89
2025-08-24,West,Furniture,Dining Table,8,5829.05,1038.9
2025-08-24,North,Furniture,Dining Table,2,1346.95,354.48
2025-08-24,West,Stationery,Notebook,7,73.4,4.68
2025-08-24,North,Electronics,Laptop,9,9833.63,828.97
2025-08-25,Central,Furniture,Bookshelf,6,5264.69,916.25
2025-08-25,West,Clothing,Jeans,1,124.3,20.52
2025-08-25,North,Groceries,Coffee,5,133.05,23.29
2025-08-25,South,Electronics,Laptop,6,6979.42,1139.14
2025-08-25,North,Electronics,Laptop,3,3543.13,542.37
2025-08-25,West,Clothing,Jeans,11,965.7,175.51
2025-08-25,South,Clothing,Jeans,5,707.28,86.95
2025-08-25,West,Stationery,Desk Lamp,10,458.81,54.73
2025-08-25,South,Electronics,Smartphone,1,436.82,76.14
2025-08-25,South,Groceries,Cereal,1,20.34,6.11
2025-08-25,South,Groceries,Olive Oil,10,361.26,52.73
2025-08-26,West,Electronics,Smartwatch,1,1055.31,54.55
2025-08-26,West,Stationery,Desk Lamp,8,210.34,23.47
2025-08-26,West,Clothing,Jeans,11,1340.7,261.81
2025-08-26,South,Stationery,Sticky Notes,6,50.12,15.64
2025-08-26,South,Electronics,Smartphone,4,365.75,25.45
2025-08-26,North,Electronics,Smartwatch,4,4422.81,1172.85
2025-08-26,East,Stationery,Sticky Notes,7,259.87,89.85
2025-08-26,South,Clothing,Cap,1,17.72,5.62
2025-08-26,South,Clothing,Jacket,2,68.09,3.67
2025-08-27,Central,Furniture,Desk,4,847.41,188.25
2025-08-27,West,Groceries,Olive Oil,5,73.09,12.63
2025-08-27,North,Clothing,Sneakers,1,22.79,6.52
2025-08-27,South,Clothing,Sneakers,3,320.43,72.86
2025-08-27,Central,Stationery,Desk Lamp,11,294.09,55.22
2025-08-28,North,Groceries,Organic Juice,11,372.09,76.04
2025-08-28,East,Groceries,Coffee,11,366.67,120.88
2025-08-28,North,Furniture,Dining Table,6,1087.32,128.26
2025-08-28,East,Furniture,Sofa,2,1546.86,531.26
2025-08-28,East,Groceries,Coffee,5,190.26,41.09
2025-08-28,Central,Electronics,Headphones,4,3075.78,410.74
2025-08-28,Central,Furniture,Dining Table,7,5734.35,509.72
2025-08-28,North,Groceries,Snack Pack,3,43.63,3.82
2025-08-28,East,Groceries,Cereal,11,257.13,52.98
2025-08-28,South,Stationery,Pen Set,8,51.08,10.57
2025-08-28,North,Stationery,Desk Lamp,3,55.78,18.29
2025-08-28,West,Stationery,Backpack,11,187.39,25.72
2025-08-28,West,Groceries,Coffee,3,102.66,22.51
2025-08-28,West,Furniture,Desk,5,1140.67,293.05
2025-08-29,South,Stationery,Notebook,6,466.2,95.79
2025-08-29,East,Clothing,Jacket,11,383.4,24.5
2025-08-29,West,Clothing,Sneakers,1,25.25,8.52
2025-08-29,North,Stationery,Notebook,6,64.31,10.43
2025-08-29,North,Groceries,Cereal,5,157.1,53.62
2025-08-29,Central,Electronics,Tablet,7,1213.51,305.72
2025-08-29,East,Groceries,Olive Oil,7,179.49,46.07
2025-08-29,North,Stationery,Sticky Notes,4,265.49,26.74
2025-08-29,North,Furniture,Sofa,9,6490.89,579.84
2025-08-29,East,Furniture,Bookshelf,10,6299.76,1640.01
2025-08-30,South,Groceries,Coffee,3,79.65,17.6
2025-08-30,Central,Groceries,Coffee,6,204.72,50.46
2025-08-30,West,Furniture,Sofa,1,484.11,71.39
2025-08-30,West,Electronics,Headphones,1,833.32,248.92
2025-08-30,Central,Stationery,Backpack,5,212.56,16.83
2025-08-30,Central,Groceries,Cereal,5,170.9,46.81
2025-08-30,South,Electronics,Smartphone,2,687.55,73.58
2025-08-30,Central,Clothing,Sneakers,2,243.54,29.72
2025-08-30,East,Stationery,Desk Lamp,8,572.87,155.17
2025-08-31,North,Groceries,Organic Juice,2,23.98,6.87
2025-08-31,East,Furniture,Dining Table,1,688.31,132.66
2025-08-31,East,Clothing,T-Shirt,6,169.69,23.88
2025-08-31,South,Stationery,Pen Set,3,172.95,23.17
2025-09-01,East,Furniture,Desk,8,3328.69,1137.71
2025-09-01,Central,Electronics,Smartwatch,3,1396.4,263.03
2025-09-01,West,Stationery,Backpack,3,228.64,71.44
2025-09-01,North,Clothing,Jeans,7,925.35,241.19
2025-09-01,North,Groceries,Snack Pack,4,79.62,22.06
2025-09-01,South,Stationery,Pen Set,7,284.04,78.45
2025-09-01,Central,Furniture,Desk,11,4218.7,322.54
2025-09-01,West,Furniture,Dining Table,1,281.77,92.89
2025-09-01,South,Clothing,T-Shirt,6,553.91,123.34
2025-09-01,Central,Electronics,Smartwatch,9,2865.16,364.98
2025-09-02,West,Stationery,Backpack,7,181.49,27.26
2025-09-02,Central,Clothing,Sneakers,2,175.0,24.38
2025-09-02,South,Clothing,Jeans,8,510.74,133.3
2025-09-02,South,Stationery,Sticky Notes,7,68.8,10.19
2025-09-02,West,Clothing,Cap,8,1194.04,175.63
2025-09-02,West,Furniture,Bookshelf,7,5785.57,1356.15
2025-09-02,South,Clothing,Cap,8,183.91,17.95
2025-09-02,South,Clothing,Jacket,9,831.47,104.59
2025-09-02,West,Clothing,Jacket,5,251.9,46.42
2025-09-02,South,Electronics,Headphones,7,5920.68,1277.01
2025-09-02,Central,Electronics,Headphones,10,1122.95,95.91
2025-09-03,South,Stationery,Sticky Notes,9,680.55,112.04
2025-09-03,East,Furniture,Desk,6,558.38,194.99
2025-09-03,North,Electronics,Headphones,11,4225.08,330.23
2025-09-03,North,Groceries,Snack Pack,1,5.44,1.44
2025-09-03,East,Groceries,Organic Juice,9,347.95,89.85
2025-09-03,South,Electronics,Smartwatch,3,1035.4,274.46
2025-09-03,South,Clothing,Cap,7,989.82,196.13
2025-09-03,South,Stationery,Backpack,7,310.93,28.99
2025-09-03,North,Furniture,Bookshelf,1,567.19,28.85
2025-09-03,Central,Electronics,Smartphone,3,1653.63,543.39
2025-09-04,Central,Groceries,Coffee,7,127.74,30.21
2025-09-04,Central,Furniture,Sofa,5,4167.54,682.61
2025-09-04,East,Electronics,Smartphone,6,6288.95,1751.06
2025-09-04,South,Stationery,Sticky Notes,8,510.09,60.02
2025-09-05,South,Electronics,Laptop,11,12601.08,1997.41
2025-09-05,Central,Electronics,Headphones,1,680.79,49.25
2025-09-05,West,Electronics,Tablet,2,1093.29,189.95
2025-09-05,North,Groceries,Organic Juice,7,113.23,38.01
2025-09-05,East,Furniture,Sofa,7,613.53,79.23
2025-09-05,East,Clothing,Jacket,5,116.89,20.85
2025-09-06,South,Furniture,Desk,1,687.96,113.26
2025-09-06,West,Furniture,Office Chair,10,2377.58,264.53
2025-09-06,South,Stationery,Pen Set,8,436.54,60.87
2025-09-06,North,Stationery,Desk Lamp,4,59.21,10.15
2025-09-06,North,Groceries,Olive Oil,5,57.08,11.78
2025-09-06,North,Clothing,Jeans,3,174.73,24.32
2025-09-06,Central,Electronics,Smartphone,1,539.1,104.54
2025-09-06,North,Furniture,Dining Table,3,2178.39,449.93
2025-09-07,East,Groceries,Olive Oil,11,119.89,9.04
2025-09-07,East,Electronics,Laptop,7,7175.82,2193.01
2025-09-07,South,Electronics,Smartphone,11,1043.01,88.02
2025-09-07,Central,Stationery,Desk Lamp,4,121.12,16.16
2025-09-07,North,Stationery,Notebook,1,22.04,1.51
2025-09-08,North,Furniture,Office Chair,4,2570.99,357.72
2025-09-08,West,Electronics,Smartphone,2,562.44,141.77
2025-09-08,East,Stationery,Pen Set,10,166.06,17.78
2025-09-08,East,Furniture,Dining Table,2,900.68,77.04
2025-09-08,Central,Clothing,T-Shirt,6,267.84,83.2
2025-09-08,North,Electronics,Tablet,6,5900.33,451.97
2025-09-08,South,Groceries,Snack Pack,8,239.91,43.8
2025-09-08,South,Stationery,Desk Lamp,6,478.18,115.76
2025-09-08,Central,Stationery,Notebook,7,66.12,21.68
2025-09-09,West,Groceries,Cereal,2,78.39,21.67
2025-09-09,North,Groceries,Coffee,2,20.07,3.87
2025-09-09,Central,Clothing,Jeans,1,49.95,14.36
2025-09-09,North,Furniture,Dining Table,7,5000.22,428.71
2025-09-09,North,Furniture,Office Chair,4,1830.55,228.17
2025-09-09,East,Furniture,Sofa,5,2039.8,705.81
2025-09-09,Central,Furniture,Office Chair,7,6022.98,1325.21
2025-09-09,East,Stationery,Pen Set,10,92.7,24.34
2025-09-10,South,Stationery,Backpack,11,350.61,69.9
2025-09-10,Central,Furniture,Dining Table,6,3854.65,1031.43
2025-09-10,West,Stationery,Sticky Notes,3,147.48,23.14
2025-09-11,West,Groceries,Organic Juice,10,248.99,55.2
2025-09-11,South,Groceries,Snack Pack,9,180.93,36.69
2025-09-11,North,Furniture,Bookshelf,1,538.2,109.17
2025-09-11,West,Furniture,Desk,7,2580.7,460.25
2025-09-11,North,Groceries,Olive Oil,5,86.62,7.43
2025-09-11,South,Groceries,Snack Pack,11,90.86,11.52
2025-09-11,Central,Clothing,Jacket,6,133.28,38.48
2025-09-11,West,Electronics,Smartwatch,9,4509.95,750.52
2025-09-11,East,Stationery,Desk Lamp,1,54.93,17.32
2025-09-11,West,Groceries,Snack Pack,5,142.04,12.99
2025-09-12,North,Furniture,Sofa,1,321.4,29.64
2025-09-12,Central,Furniture,Dining Table,8,5331.83,1538.96
2025-09-12,West,Clothing,Jacket,9,1258.34,197.64
2025-09-12,East,Clothing,Jacket,9,958.21,212.9
2025-09-12,East,Stationery,Desk Lamp,9,223.78,30.67
2025-09-12,North,Electronics,Laptop,4,1596.49,325.66
2025-09-12,East,Furniture,Bookshelf,10,2556.57,251.95
2025-09-12,North,Groceries,Cereal,11,126.6,17.38
2025-09-12,South,Clothing,Cap,8,780.57,167.8
2025-09-12,West,Clothing,Cap,9,842.96,266.88
2025-09-12,South,Furniture,Bookshelf,9,7908.49,1684.83
2025-09-12,North,Stationery,Desk Lamp,6,461.76,35.3
2025-09-12,East,Stationery,Desk Lamp,10,393.82,48.02
2025-09-13,Central,Furniture,Sofa,3,695.3,210.4
2025-09-13,East,Electronics,Headphones,1,532.7,105.92
2025-09-13,North,Electronics,Laptop,8,8650.29,1935.26
2025-09-13,Central,Clothing,Jacket,4,591.2,55.03
2025-09-13,Central,Electronics,Smartwatch,10,7625.23,425.68
2025-09-13,South,Stationery,Pen Set,8,144.95,11.31
2025-09-14,Central,Groceries,Organic Juice,4,101.41,7.26
2025-09-14,South,Electronics,Smartphone,4,1877.99,487.92
2025-09-14,South,Stationery,Notebook,3,182.78,35.91
2025-09-14,East,Furniture,Dining Table,9,2288.49,557.76
2025-09-14,South,Stationery,Sticky Notes,9,475.98,43.45
2025-09-14,West,Furniture,Office Chair,6,3605.41,1039.37
2025-09-14,Central,Stationery,Backpack,3,16.65,1.19
2025-09-14,Central,Furniture,Dining Table,2,1137.93,264.49
2025-09-14,South,Electronics,Headphones,5,4033.42,214.29
2025-09-14,North,Groceries,Cereal,6,76.28,24.15
2025-09-14,West,Stationery,Notebook,3,145.1,16.63
2025-09-14,South,Furniture,Desk,1,221.59,34.31
2025-09-14,West,Groceries,Organic Juice,7,52.17,7.0
2025-09-15,North,Groceries,Cereal,4,16.28,5.67
2025-09-15,North,Electronics,Tablet,5,2720.03,793.45
2025-09-15,West,Groceries,Snack Pack,9,38.68,9.89
2025-09-15,Central,Electronics,Headphones,11,8612.24,927.22
2025-09-15,North,Stationery,Sticky Notes,1,44.32,13.58
2025-09-15,East,Electronics,Laptop,10,3170.28,1014.39
2025-09-15,East,Clothing,Sneakers,6,718.87,231.37
2025-09-15,Central,Clothing,Jacket,10,328.6,83.78
2025-09-15,East,Electronics,Tablet,3,1221.03,99.92
2025-09-16,East,Stationery,Desk Lamp,8,261.35,69.56
2025-09-16,North,Clothing,Sneakers,8,825.55,48.36
2025-09-16,Central,Clothing,T-Shirt,5,639.22,80.0
2025-09-16,Central,Electronics,Headphones,5,2072.86,402.7
2025-09-16,South,Furniture,Bookshelf,7,2509.36,631.49
2025-09-16,East,Groceries,Coffee,1,10.06,2.82
2025-09-16,North,Furniture,Office Chair,1,473.38,126.52
2025-09-16,West,Clothing,Jeans,2,177.55,42.91
2025-09-17,South,Electronics,Tablet,5,5112.62,677.48
2025-09-17,South,Groceries,Coffee,8,97.03,18.14
2025-09-17,South,Furniture,Bookshelf,5,337.31,60.59
2025-09-17,South,Stationery,Sticky Notes,11,194.81,56.43
2025-09-17,North,Electronics,Laptop,10,7959.51,2436.83
2025-09-17,South,Stationery,Pen Set,4,83.43,14.53
2025-09-17,Central,Groceries,Olive Oil,2,41.77,5.9
2025-09-17,East,Furniture,Desk,11,4964.96,1654.27
2025-09-18,South,Furniture,Desk,4,470.53,63.63
2025-09-18,South,Electronics,Laptop,11,7663.2,554.68
2025-09-18,Central,Furniture,Desk,8,7174.44,2432.59
2025-09-18,East,Electronics,Headphones,6,6665.57,1494.92
2025-09-18,East,Clothing,T-Shirt,10,365.26,90.15
2025-09-18,North,Groceries,Snack Pack,6,209.78,48.09
2025-09-18,North,Groceries,Cereal,8,59.56,3.28
2025-09-19,North,Clothing,Sneakers,4,563.88,112.13
2025-09-19,North,Furniture,Dining Table,6,1524.05,303.78
2025-09-19,East,Groceries,Olive Oil,3,16.38,4.37
2025-09-19,West,Groceries,Snack Pack,3,96.11,23.22
2025-09-19,North,Clothing,Cap,11,808.96,70.8
2025-09-19,West,Clothing,Jacket,2,30.71,3.54
2025-09-19,North,Groceries,Snack Pack,7,277.8,85.48
2025-09-19,Central,Groceries,Coffee,10,186.88,48.98
2025-09-19,South,Stationery,Sticky Notes,7,287.66,81.43
2025-09-20,West,Clothing,Jeans,3,234.97,19.82
2025-09-20,East,Furniture,Desk,7,2344.29,238.64
2025-09-20,East,Electronics,Smartphone,4,4307.41,1205.97
2025-09-20,South,Furniture,Dining Table,2,221.89,38.39
2025-09-20,East,Furniture,Desk,9,5421.38,1371.61
2025-09-20,West,Stationery,Notebook,4,84.33,27.89
2025-09-21,South,Stationery,Desk Lamp,5,181.43,60.12
2025-09-21,North,Electronics,Headphones,3,3030.62,1029.18
2025-09-21,Central,Groceries,Olive Oil,5,24.49,6.57
2025-09-21,West,Clothing,T-Shirt,2,129.91,29.28
2025-09-21,West,Stationery,Notebook,6,367.03,88.24
2025-09-21,East,Stationery,Desk Lamp,5,187.54,45.18
2025-09-21,East,Electronics,Smartphone,6,4495.87,465.46
2025-09-21,Central,Clothing,Sneakers,4,526.89,41.43
2025-09-21,North,Stationery,Pen Set,7,447.3,67.88
2025-09-22,Central,Groceries,Snack Pack,7,74.09,6.83
2025-09-22,North,Clothing,Jeans,6,372.66,86.66
2025-09-22,West,Stationery,Desk Lamp,8,306.59,90.95
2025-09-22,North,Stationery,Desk Lamp,2,131.23,44.47
2025-09-22,North,Stationery,Pen Set,4,265.35,89.83
2025-09-22,East,Groceries,Olive Oil,6,123.7,27.14
2025-09-23,East,Electronics,Smartphone,5,1266.36,220.88
2025-09-23,North,Stationery,Pen Set,6,368.94,35.12
2025-09-23,West,Electronics,Headphones,9,2722.08,904.17
2025-09-23,West,Groceries,Cereal,10,75.5,4.67
2025-09-23,East,Stationery,Sticky Notes,3,63.29,15.46
2025-09-23,Central,Furniture,Office Chair,9,3601.56,663.64
2025-09-23,Central,Furniture,Dining Table,10,960.89,134.43
2025-09-23,Central,Furniture,Sofa,1,881.8,53.39
2025-09-23,South,Groceries,Coffee,5,173.1,59.97
2025-09-23,South,Furniture,Sofa,3,2631.06,665.09
2025-09-24,East,Furniture,Desk,4,2299.93,518.37
2025-09-24,West,Stationery,Notebook,10,656.53,143.42
2025-09-24,East,Stationery,Desk Lamp,7,240.31,80.79
2025-09-24,West,Stationery,Desk Lamp,4,108.14,14.17
2025-09-24,Central,Groceries,Snack Pack,3,45.17,10.98
2025-09-24,East,Groceries,Organic Juice,10,165.05,52.93
2025-09-24,South,Groceries,Coffee,8,128.91,8.34
2025-09-24,Central,Electronics,Smartwatch,7,6605.98,2275.39
2025-09-25,East,Groceries,Coffee,7,203.23,47.34
2025-09-25,South,Stationery,Pen Set,10,579.19,188.73
2025-09-25,South,Clothing,Sneakers,8,213.67,54.27
2025-09-25,South,Groceries,Cereal,10,31.69,3.71
2025-09-25,North,Groceries,Coffee,4,40.43,3.76
2025-09-25,East,Groceries,Organic Juice,9,305.63,87.79
2025-09-25,North,Electronics,Smartphone,6,2498.42,556.94
2025-09-26,South,Stationery,Notebook,1,8.25,2.0
2025-09-26,East,Clothing,Jeans,1,45.42,3.24
2025-09-26,Central,Electronics,Smartphone,9,7481.38,2120.76
2025-09-26,South,Electronics,Tablet,11,2423.26,655.95
2025-09-27,Central,Clothing,Jeans,11,1315.66,337.09
2025-09-27,Central,Electronics,Smartwatch,7,6752.72,1593.92
2025-09-27,East,Clothing,Cap,7,746.22,139.06
2025-09-27,West,Clothing,T-Shirt,8,510.6,123.55
2025-09-27,West,Electronics,Smartwatch,11,11363.82,1394.86
2025-09-27,West,Clothing,Jeans,3,160.46,19.37
2025-09-27,North,Electronics,Smartphone,7,7990.65,2474.8
2025-09-28,South,Clothing,Sneakers,11,1048.09,257.47
2025-09-28,East,Furniture,Dining Table,9,1626.68,192.55
2025-09-28,East,Electronics,Smartwatch,11,9819.95,3135.56
2025-09-28,West,Furniture,Bookshelf,5,3575.84,953.17
2025-09-28,West,Stationery,Pen Set,4,194.3,41.72
2025-09-28,West,Clothing,Cap,7,327.82,78.6
2025-09-28,Central,Clothing,Sneakers,9,674.17,89.67
2025-09-28,West,Clothing,T-Shirt,6,794.63,192.38
2025-09-28,South,Stationery,Notebook,8,501.5,58.02
2025-09-28,East,Groceries,Snack Pack,6,18.32,1.24
2025-09-28,East,Electronics,Tablet,6,7149.32,2209.4
2025-09-28,South,Stationery,Sticky Notes,6,397.17,49.62
2025-09-28,West,Groceries,Snack Pack,3,65.78,11.47
2025-09-28,North,Stationery,Notebook,5,240.01,16.58
2025-09-28,East,Stationery,Pen Set,2,38.7,3.29
2025-09-29,West,Groceries,Cereal,8,80.73,6.33
2025-09-29,South,Clothing,Jeans,10,1056.89,247.63
2025-09-29,South,Stationery,Desk Lamp,4,218.81,43.42
2025-09-29,West,Clothing,Jeans,10,1367.56,190.09
2025-09-29,East,Clothing,Jeans,6,398.8,81.86
2025-09-29,East,Furniture,Office Chair,10,2188.86,381.26
2025-09-29,North,Stationery,Notebook,4,185.86,11.86
2025-09-29,West,Furniture,Sofa,2,249.97,65.63
2025-09-30,North,Groceries,Coffee,6,70.56,6.54
2025-09-30,North,Clothing,Jeans,2,284.52,35.81
2025-09-30,South,Stationery,Backpack,1,47.57,12.04
2025-09-30,North,Electronics,Smartwatch,4,3303.32,927.52
2025-09-30,East,Stationery,Sticky Notes,9,184.25,33.4
2025-09-30,Central,Groceries,Coffee,7,74.81,19.99
2025-09-30,East,Clothing,Cap,8,1086.76,206.82
2025-09-30,North,Clothing,Sneakers,9,1051.42,313.61
2025-09-30,East,Groceries,Olive Oil,4,60.6,12.23
2025-09-30,North,Clothing,Cap,1,142.22,27.13
2025-09-30,North,Electronics,Headphones,7,5283.2,478.86
2025-10-01,Central,Clothing,Jacket,1,64.56,12.36
2025-10-01,South,Stationery,Pen Set,10,588.85,155.59
2025-10-01,Central,Electronics,Tablet,11,4722.16,712.29
2025-10-01,Central,Furniture,Sofa,3,2500.58,474.88
2025-10-01,West,Furniture,Dining Table,6,1490.08,262.18
2025-10-01,Central,Groceries,Cereal,1,7.51,1.85
2025-10-01,East,Groceries,Snack Pack,4,16.91,5.61
2025-10-01,North,Electronics,Smartphone,10,4305.19,1414.56
2025-10-01,East,Clothing,Cap,5,526.15,81.73
2025-10-01,North,Furniture,Sofa,5,2764.43,853.9
2025-10-01,Central,Stationery,Sticky Notes,7,250.68,30.84
2025-10-01,South,Electronics,Headphones,10,4619.94,1592.26
2025-10-02,Central,Clothing,Sneakers,11,835.27,107.07
2025-10-02,East,Furniture,Dining Table,11,8581.59,1353.86
2025-10-02,South,Furniture,Bookshelf,5,4291.59,346.19
2025-10-02,North,Electronics,Headphones,9,905.82,285.99
2025-10-02,Central,Furniture,Office Chair,5,1360.21,409.66
2025-10-02,West,Groceries,Organic Juice,11,439.3,57.77
2025-10-02,Central,Clothing,Sneakers,7,818.11,58.73
2025-10-02,East,Stationery,Backpack,2,22.03,4.32
2025-10-02,West,Groceries,Organic Juice,7,264.28,58.78
2025-10-02,Central,Electronics,Headphones,5,3986.52,471.53
2025-10-03,South,Clothing,Cap,8,245.33,63.98
2025-10-03,Central,Electronics,Smartphone,10,5511.15,1392.84
2025-10-03,East,Groceries,Snack Pack,11,154.75,45.19
2025-10-03,West,Stationery,Sticky Notes,1,29.14,7.66
2025-10-03,East,Stationery,Sticky Notes,4,285.0,56.08
2025-10-03,East,Stationery,Pen Set,11,853.93,47.83
2025-10-03,Central,Stationery,Sticky Notes,10,311.41,68.7
2025-10-03,Central,Furniture,Bookshelf,1,877.16,75.49
2025-10-03,South,Stationery,Backpack,8,594.52,190.59
2025-10-03,Central,Furniture,Bookshelf,9,6515.44,1102.63
2025-10-04,North,Clothing,Jeans,7,542.15,35.48
2025-10-04,South,Furniture,Office Chair,10,661.14,37.63
2025-10-04,North,Stationery,Sticky Notes,8,338.91,28.6
2025-10-04,North,Stationery,Pen Set,1,46.62,3.23
2025-10-04,North,Stationery,Desk Lamp,9,624.13,202.47
2025-10-04,West,Clothing,Sneakers,5,462.61,159.35
2025-10-04,South,Clothing,T-Shirt,11,1426.55,339.91
2025-10-04,West,Stationery,Pen Set,4,200.82,16.43
2025-10-05,East,Stationery,Sticky Notes,9,467.44,138.05
2025-10-05,East,Stationery,Sticky Notes,6,46.61,3.22
2025-10-05,North,Stationery,Backpack,2,13.81,4.28
2025-10-05,North,Groceries,Organic Juice,7,24.13,7.77
2025-10-05,East,Electronics,Smartwatch,5,670.75,55.83
2025-10-06,East,Furniture,Office Chair,1,732.84,160.01
2025-10-06,Central,Clothing,Cap,9,1294.69,352.47
2025-10-06,North,Clothing,Jacket,10,1123.14,281.75
2025-10-07,Central,Stationery,Pen Set,10,781.47,198.55
2025-10-07,Central,Stationery,Backpack,10,165.93,10.38
2025-10-07,South,Clothing,Jeans,9,833.42,220.66
2025-10-07,Central,Groceries,Cereal,5,156.21,28.11
2025-10-07,North,Furniture,Sofa,9,3448.88,873.42
2025-10-07,South,Stationery,Desk Lamp,5,309.32,47.14
2025-10-07,West,Stationery,Sticky Notes,7,518.87,108.16
2025-10-08,West,Clothing,Sneakers,1,142.45,29.03
2025-10-08,South,Stationery,Desk Lamp,4,38.86,2.19
2025-10-08,Central,Furniture,Sofa,8,4863.91,1257.09
2025-10-08,South,Electronics,Smartwatch,7,6546.35,2158.05
2025-10-08,North,Groceries,Cereal,6,134.92,24.39
2025-10-08,East,Electronics,Laptop,3,1059.3,92.35
2025-10-08,West,Clothing,T-Shirt,11,1065.13,150.05
2025-10-08,South,Stationery,Desk Lamp,10,112.4,35.22
2025-10-08,Central,Stationery,Sticky Notes,5,312.7,83.59
2025-10-08,Central,Furniture,Office Chair,8,6375.32,2150.54
2025-10-08,North,Clothing,T-Shirt,7,554.09,84.93
2025-10-08,Central,Stationery,Sticky Notes,7,520.29,122.18
2025-10-09,South,Furniture,Dining Table,6,2817.5,709.52
2025-10-09,North,Clothing,T-Shirt,1,100.22,15.73
2025-10-09,East,Furniture,Sofa,9,2751.02,801.32
2025-10-09,West,Electronics,Smartwatch,8,2648.4,255.46
2025-10-09,East,Furniture,Sofa,10,3499.23,904.51
2025-10-09,West,Clothing,T-Shirt,7,673.77,148.35
2025-10-09,West,Electronics,Tablet,6,2330.23,695.64
2025-10-09,West,Furniture,Bookshelf,9,7436.46,1497.65
2025-10-09,East,Furniture,Office Chair,11,3640.31,290.73
2025-10-09,West,Stationery,Sticky Notes,5,250.79,60.69
2025-10-09,North,Clothing,Sneakers,5,615.48,106.35
2025-10-10,South,Groceries,Cereal,5,31.85,9.91
2025-10-10,South,Clothing,Cap,6,216.52,49.5
2025-10-10,North,Clothing,T-Shirt,2,77.13,19.49
2025-10-10,West,Stationery,Sticky Notes,4,40.44,3.42
2025-10-10,North,Stationery,Desk Lamp,11,625.8,214.31
2025-10-10,East,Furniture,Bookshelf,7,1029.64,350.82
2025-10-10,Central,Electronics,Smartphone,11,5014.06,442.59
2025-10-10,South,Groceries,Olive Oil,2,75.12,16.81
2025-10-10,Central,Clothing,Sneakers,10,894.73,137.5
2025-10-10,South,Clothing,Jeans,5,652.69,111.9
2025-10-10,East,Furniture,Desk,10,2917.75,721.32
2025-10-10,East,Stationery,Sticky Notes,7,393.0,48.28
2025-10-10,South,Clothing,Cap,7,124.88,11.64
2025-10-10,Central,Stationery,Sticky Notes,1,36.8,2.98
2025-10-10,Central,Furniture,Sofa,6,4617.87,927.77
2025-10-11,East,Clothing,Sneakers,10,1246.15,151.44
2025-10-11,Central,Electronics,Laptop,10,2859.51,273.56
2025-10-11,North,Electronics,Headphones,11,4871.27,1688.84
2025-10-11,Central,Electronics,Laptop,4,1913.43,207.5
2025-10-11,West,Clothing,T-Shirt,8,1149.14,197.36
2025-10-11,South,Stationery,Notebook,4,39.39,6.36
2025-10-11,North,Electronics,Headphones,2,200.43,30.44
2025-10-11,South,Clothing,Sneakers,9,261.74,34.06
2025-10-12,South,Stationery,Desk Lamp,3,205.39,40.41
2025-10-12,East,Furniture,Desk,2,126.01,16.93
2025-10-12,East,Furniture,Bookshelf,4,3080.01,369.75
2025-10-12,West,Clothing,T-Shirt,4,351.29,45.41
2025-10-12,East,Stationery,Backpack,10,727.82,231.28
2025-10-12,West,Groceries,Organic Juice,7,189.34,19.87
2025-10-12,West,Electronics,Laptop,11,3327.31,718.09
2025-10-12,Central,Stationery,Notebook,7,378.39,67.4
2025-10-13,East,Groceries,Coffee,6,229.58,26.03
2025-10-13,East,Clothing,Sneakers,1,71.81,20.81
2025-10-13,North,Electronics,Smartwatch,7,3676.52,805.53
2025-10-13,South,Groceries,Coffee,5,93.17,23.53
2025-10-13,East,Furniture,Office Chair,10,4025.44,1386.86
2025-10-13,East,Stationery,Backpack,10,285.6,32.33
2025-10-13,South,Electronics,Laptop,1,860.39,238.04
2025-10-13,North,Clothing,Sneakers,5,537.5,48.47
2025-10-13,East,Clothing,Cap,6,838.53,125.28
2025-10-13,South,Furniture,Desk,1,171.51,15.93
2025-10-13,South,Furniture,Bookshelf,4,280.19,22.01
2025-10-14,Central,Electronics,Headphones,7,1774.23,327.44
2025-10-14,South,Groceries,Coffee,8,58.65,15.38
2025-10-14,North,Groceries,Coffee,10,146.7,9.65
2025-10-14,South,Clothing,Sneakers,1,59.05,14.25
2025-10-14,South,Groceries,Olive Oil,10,398.24,33.69
2025-10-14,West,Electronics,Smartphone,10,10040.57,1764.08
2025-10-14,Central,Electronics,Laptop,5,1226.93,293.74
2025-10-14,Central,Clothing,Cap,2,115.39,28.57
2025-10-14,Central,Stationery,Desk Lamp,10,358.75,59.17
2025-10-15,East,Electronics,Laptop,2,1925.58,592.51
2025-10-15,Central,Stationery,Pen Set,7,193.43,61.64
2025-10-15,East,Clothing,Cap,10,1145.66,125.77
2025-10-15,Central,Clothing,Jacket,3,158.07,50.51
2025-10-15,West,Groceries,Cereal,10,185.62,50.29
2025-10-15,East,Electronics,Headphones,8,9241.77,2342.77
2025-10-16,West,Electronics,Headphones,5,586.93,131.36
2025-10-16,West,Clothing,T-Shirt,2,168.43,25.68
2025-10-16,East,Stationery,Desk Lamp,9,466.44,38.08
2025-10-16,Central,Furniture,Dining Table,5,574.04,197.33
2025-10-16,West,Furniture,Sofa,1,612.59,102.01
2025-10-16,South,Electronics,Headphones,3,3172.85,950.95
2025-10-16,West,Furniture,Desk,7,5433.72,1519.69
2025-10-17,West,Stationery,Sticky Notes,2,135.94,44.79
2025-10-17,East,Groceries,Organic Juice,1,21.64,3.68
2025-10-17,East,Electronics,Smartphone,10,2206.14,634.51
2025-10-17,South,Clothing,Cap,10,1112.22,230.9
2025-10-17,North,Groceries,Organic Juice,2,35.43,2.43
2025-10-18,East,Stationery,Backpack,4,280.22,62.8
2025-10-18,West,Clothing,Cap,4,90.1,20.42
2025-10-18,South,Groceries,Coffee,4,130.69,39.35
2025-10-18,Central,Electronics,Headphones,6,3126.14,901.25
2025-10-18,South,Groceries,Snack Pack,7,38.4,8.51
2025-10-18,East,Electronics,Laptop,2,676.04,130.96
2025-10-18,Central,Stationery,Sticky Notes,2,35.06,8.43
2025-10-18,East,Clothing,Cap,9,873.15,56.03
2025-10-18,North,Stationery,Desk Lamp,10,578.81,186.32
2025-10-19,East,Furniture,Desk,6,5343.76,1521.64
2025-10-19,North,Stationery,Notebook,7,473.71,131.0
2025-10-19,West,Clothing,Cap,3,364.54,67.45
2025-10-19,East,Groceries,Coffee,1,18.31,1.04
2025-10-19,East,Groceries,Snack Pack,10,38.19,6.31
2025-10-19,South,Furniture,Dining Table,4,3443.64,702.58
2025-10-20,East,Stationery,Backpack,9,371.18,122.84
2025-10-20,South,Clothing,Jeans,7,514.99,90.53
2025-10-20,West,Stationery,Backpack,4,102.2,15.16
2025-10-20,East,Stationery,Pen Set,5,321.44,92.66
2025-10-20,East,Stationery,Sticky Notes,3,95.63,5.12
2025-10-20,North,Stationery,Backpack,1,20.03,4.92
2025-10-20,Central,Electronics,Laptop,4,4348.07,1231.61
2025-10-20,North,Clothing,T-Shirt,6,257.28,16.25
2025-10-20,Central,Furniture,Office Chair,8,6660.21,1355.8
2025-10-20,North,Furniture,Dining Table,10,5741.63,1084.68
2025-10-20,North,Clothing,Sneakers,5,614.9,123.55
2025-10-20,East,Clothing,Jacket,7,625.6,128.53
2025-10-21,North,Groceries,Olive Oil,8,294.28,61.91
2025-10-21,East,Groceries,Snack Pack,3,75.52,14.88
2025-10-21,East,Electronics,Tablet,8,3080.57,808.27
2025-10-21,Central,Stationery,Backpack,10,528.62,129.88
2025-10-21,North,Clothing,Jacket,4,594.46,143.61
2025-10-21,North,Groceries,Olive Oil,2,47.29,11.36
2025-10-21,Central,Electronics,Smartwatch,11,12610.17,4059.07
2025-10-21,North,Electronics,Smartphone,2,1699.13,438.98
2025-10-22,Central,Clothing,Jacket,3,219.38,62.5
2025-10-22,Central,Clothing,Sneakers,5,640.29,200.02
2025-10-22,East,Groceries,Organic Juice,8,298.37,76.97
2025-10-22,West,Stationery,Pen Set,1,11.17,1.1
2025-10-22,West,Clothing,Jacket,4,453.09,133.81
2025-10-22,East,Stationery,Notebook,4,25.57,8.34
2025-10-23,North,Electronics,Headphones,4,631.43,103.02
2025-10-23,Central,Stationery,Pen Set,1,39.36,5.61
2025-10-23,West,Furniture,Desk,6,1204.52,160.23
2025-10-23,East,Clothing,T-Shirt,3,228.05,56.3
2025-10-23,West,Stationery,Desk Lamp,4,318.86,34.65
2025-10-23,Central,Stationery,Desk Lamp,7,231.46,80.93
2025-10-23,East,Clothing,T-Shirt,5,390.68,73.51
2025-10-23,West,Groceries,Snack Pack,1,11.43,0.6
2025-10-23,North,Clothing,Jacket,9,1154.95,163.34
2025-10-23,North,Electronics,Headphones,1,322.45,18.26
2025-10-23,East,Stationery,Backpack,4,208.25,68.91
2025-10-23,South,Groceries,Cereal,1,26.7,1.83
2025-10-23,East,Groceries,Coffee,10,218.77,14.83
2025-10-23,West,Furniture,Bookshelf,9,1478.65,275.77
2025-10-23,North,Clothing,Sneakers,2,274.01,62.01
2025-10-24,East,Furniture,Bookshelf,2,1170.25,302.68
2025-10-24,West,Groceries,Snack Pack,6,170.31,24.2
2025-10-24,Central,Furniture,Dining Table,4,3229.17,508.58
2025-10-24,Central,Furniture,Desk,9,4430.1,595.47
2025-10-24,Central,Furniture,Desk,11,6701.11,468.72
2025-10-24,South,Clothing,T-Shirt,11,994.21,211.91
2025-10-25,East,Stationery,Pen Set,10,513.11,106.43
2025-10-25,North,Furniture,Bookshelf,3,2109.65,214.45
2025-10-25,South,Groceries,Cereal,10,36.35,3.93
2025-10-25,Central,Clothing,Jacket,1,149.27,13.16
2025-10-25,South,Furniture,Desk,7,4670.72,940.26
2025-10-25,South,Groceries,Cereal,8,92.76,5.6
2025-10-25,East,Electronics,Tablet,1,487.27,46.01
2025-10-25,West,Groceries,Organic Juice,7,180.34,19.39
2025-10-25,West,Stationery,Sticky Notes,2,98.16,19.3
2025-10-25,South,Groceries,Organic Juice,7,138.63,26.92
2025-10-26,Central,Electronics,Laptop,7,7369.84,1944.75
2025-10-26,South,Clothing,T-Shirt,2,112.7,11.03
2025-10-26,Central,Groceries,Coffee,5,18.46,1.56
2025-10-26,East,Clothing,T-Shirt,8,695.22,163.05
2025-10-26,South,Electronics,Headphones,6,3740.66,991.68
2025-10-27,West,Stationery,Pen Set,5,162.18,23.09
2025-10-27,Central,Furniture,Desk,9,2668.9,762.55
2025-10-27,East,Furniture,Bookshelf,3,2397.08,594.52
2025-10-27,South,Stationery,Desk Lamp,2,103.8,25.93
2025-10-27,East,Groceries,Cereal,11,343.0,48.82
2025-10-27,South,Groceries,Olive Oil,5,18.72,6.42
2025-10-27,North,Groceries,Coffee,11,52.12,11.28
2025-10-27,Central,Stationery,Desk Lamp,6,376.01,65.39
2025-10-27,South,Stationery,Desk Lamp,6,408.16,26.41
2025-10-27,East,Clothing,Jacket,3,260.51,44.07
2025-10-27,East,Stationery,Pen Set,6,248.78,18.59
2025-10-27,East,Clothing,T-Shirt,10,422.18,63.79
2025-10-28,Central,Clothing,Jeans,11,818.73,119.7
2025-10-28,Central,Groceries,Coffee,6,205.93,27.22
2025-10-28,Central,Groceries,Coffee,11,249.7,59.47
2025-10-28,Central,Groceries,Snack Pack,1,16.27,3.63
2025-10-28,North,Groceries,Organic Juice,10,67.01,8.3
2025-10-28,West,Clothing,Jeans,10,978.18,316.29
2025-10-28,South,Electronics,Tablet,2,1455.23,114.02
2025-10-28,Central,Furniture,Bookshelf,5,1457.03,307.92
2025-10-28,East,Groceries,Coffee,3,108.82,7.03
2025-10-28,Central,Groceries,Organic Juice,2,60.27,12.75
2025-10-28,South,Stationery,Notebook,8,218.59,38.05
2025-10-28,Central,Electronics,Smartphone,1,1172.35,169.7
2025-10-28,Central,Furniture,Dining Table,3,1525.6,281.71
2025-10-29,East,Stationery,Desk Lamp,3,169.48,24.52
2025-10-29,Central,Furniture,Bookshelf,7,4631.91,286.9
2025-10-29,North,Groceries,Olive Oil,9,286.6,44.89
2025-10-29,North,Clothing,Jacket,9,764.21,186.67
2025-10-30,North,Stationery,Backpack,10,583.93,124.22
2025-10-30,North,Electronics,Smartphone,5,1422.85,488.11
2025-10-30,South,Clothing,Jacket,2,34.21,4.32
2025-10-30,North,Groceries,Cereal,8,299.89,103.69
2025-10-30,East,Electronics,Smartwatch,7,8035.28,651.09
2025-10-30,West,Stationery,Sticky Notes,8,345.88,17.58
2025-10-31,South,Groceries,Organic Juice,4,150.14,50.26
2025-10-31,North,Clothing,Cap,8,704.75,89.09
2025-10-31,North,Clothing,Jeans,7,321.96,93.23
2025-10-31,Central,Furniture,Office Chair,1,195.16,51.72
2025-10-31,North,Furniture,Desk,5,4280.91,240.34
2025-10-31,Central,Furniture,Desk,5,3985.51,266.69
2025-10-31,Central,Clothing,Jeans,2,260.49,29.11
2025-10-31,North,Electronics,Headphones,4,4295.59,410.62
2025-10-31,South,Stationery,Sticky Notes,1,11.79,1.58
2025-10-31,East,Electronics,Smartphone,3,3122.09,760.08
2025-10-31,Central,Groceries,Cereal,7,245.12,39.45
2025-11-01,West,Stationery,Sticky Notes,1,31.13,5.76
2025-11-01,West,Clothing,Jeans,5,404.21,104.36
2025-11-01,East,Clothing,Sneakers,11,685.47,46.9
2025-11-01,East,Furniture,Bookshelf,1,219.87,38.18
2025-11-01,Central,Furniture,Sofa,4,530.03,84.12
2025-11-01,North,Furniture,Dining Table,5,2786.47,641.65
2025-11-01,East,Furniture,Sofa,2,1655.06,423.38
2025-11-01,West,Clothing,Jeans,10,1317.09,350.25
2025-11-01,Central,Stationery,Notebook,11,159.8,55.08
2025-11-01,East,Groceries,Organic Juice,3,48.26,11.61
2025-11-01,South,Clothing,Cap,10,976.31,250.32
2025-11-01,East,Furniture,Office Chair,4,2469.15,707.1
2025-11-01,Central,Furniture,Office Chair,11,1668.82,435.86
2025-11-01,Central,Electronics,Tablet,1,686.45,50.17
2025-11-01,Central,Groceries,Snack Pack,10,232.53,32.23
2025-11-02,North,Groceries,Organic Juice,9,273.39,45.94
2025-11-03,South,Electronics,Tablet,1,170.8,17.65
2025-11-03,South,Furniture,Sofa,10,5087.63,860.2
2025-11-03,South,Electronics,Smartphone,9,8044.89,1751.61
2025-11-03,Central,Stationery,Pen Set,5,171.04,32.15
2025-11-03,North,Furniture,Office Chair,9,7179.89,836.69
2025-11-03,South,Groceries,Cereal,9,80.61,8.33
2025-11-03,Central,Clothing,Cap,11,1210.36,154.72
2025-11-03,Central,Electronics,Smartphone,5,5875.25,1541.6
2025-11-03,North,Groceries,Olive Oil,7,201.83,46.13
2025-11-04,South,Groceries,Cereal,1,39.79,11.99
2025-11-04,East,Furniture,Desk,10,2044.65,398.84
2025-11-04,North,Electronics,Smartwatch,1,226.29,51.55
2025-11-04,Central,Stationery,Notebook,11,56.12,13.97
2025-11-04,North,Stationery,Pen Set,3,112.74,17.97
2025-11-04,South,Electronics,Smartwatch,2,2036.29,600.98
2025-11-04,South,Furniture,Desk,2,492.18,97.48
2025-11-04,Central,Furniture,Dining Table,7,1864.54,518.22
2025-11-04,South,Groceries,Coffee,1,34.52,8.7
2025-11-05,Central,Electronics,Headphones,4,1519.48,508.23
2025-11-05,Central,Stationery,Sticky Notes,7,92.41,26.93
2025-11-05,Central,Clothing,Jacket,3,337.42,113.51
2025-11-05,Central,Furniture,Bookshelf,11,6929.0,674.52
2025-11-05,East,Electronics,Headphones,3,2278.95,349.3
2025-11-06,West,Clothing,Jacket,2,194.54,47.75
2025-11-06,North,Furniture,Office Chair,7,5338.93,637.49
2025-11-06,East,Furniture,Bookshelf,7,5792.94,1308.84
2025-11-06,East,Clothing,Sneakers,11,1470.76,504.99
2025-11-06,East,Stationery,Notebook,11,853.94,276.35
2025-11-06,North,Stationery,Sticky Notes,10,200.24,18.83
2025-11-06,Central,Groceries,Coffee,9,315.12,106.56
2025-11-06,East,Groceries,Coffee,4,159.02,23.23
2025-11-07,East,Electronics,Smartphone,9,2267.25,321.38
2025-11-07,West,Groceries,Snack Pack,6,226.19,22.44
2025-11-07,North,Clothing,Sneakers,4,86.65,8.41
2025-11-07,North,Groceries,Coffee,3,79.92,11.01
2025-11-07,West,Furniture,Office Chair,2,1307.65,81.72
2025-11-07,North,Electronics,Smartphone,4,3677.52,649.77
2025-11-08,South,Groceries,Olive Oil,1,31.49,11.0
2025-11-08,South,Electronics,Smartphone,1,956.23,84.87
2025-11-08,Central,Electronics,Laptop,11,5187.25,1564.06
2025-11-08,South,Groceries,Organic Juice,4,58.17,11.43
2025-11-08,West,Electronics,Smartwatch,5,2998.77,735.08
2025-11-08,East,Stationery,Sticky Notes,8,310.53,58.97
2025-11-08,North,Electronics,Tablet,5,3582.32,821.44
2025-11-08,East,Groceries,Organic Juice,5,185.79,39.8
2025-11-08,South,Groceries,Organic Juice,7,235.16,33.96
2025-11-09,Central,Stationery,Backpack,10,289.28,64.92
2025-11-09,South,Stationery,Sticky Notes,6,185.71,63.03
2025-11-09,West,Furniture,Dining Table,11,7818.55,1244.27
2025-11-09,South,Electronics,Laptop,6,2107.32,451.86
2025-11-09,South,Clothing,Cap,2,235.92,51.3
2025-11-10,North,Electronics,Headphones,4,945.15,156.72
2025-11-10,Central,Stationery,Notebook,11,577.45,102.07
2025-11-10,Central,Furniture,Dining Table,10,7529.02,927.54
2025-11-10,Central,Clothing,Sneakers,1,138.25,46.94
2025-11-10,Central,Electronics,Smartphone,5,3886.51,1092.61
2025-11-10,East,Groceries,Coffee,9,155.17,31.36
2025-11-11,West,Electronics,Tablet,9,2095.87,304.25
2025-11-11,North,Groceries,Coffee,5,185.36,62.37
2025-11-11,South,Stationery,Notebook,7,320.53,93.74
2025-11-11,Central,Clothing,T-Shirt,1,98.27,21.52
2025-11-11,Central,Electronics,Headphones,8,7782.72,441.16
2025-11-11,North,Furniture,Bookshelf,8,1378.63,279.09
2025-11-12,West,Stationery,Pen Set,8,171.13,9.06
2025-11-12,Central,Groceries,Olive Oil,5,87.13,19.79
2025-11-12,North,Furniture,Bookshelf,6,2888.92,851.15
2025-11-12,South,Clothing,Cap,2,253.98,19.95
2025-11-12,West,Stationery,Desk Lamp,3,209.47,62.44
2025-11-13,South,Electronics,Tablet,11,11094.13,1183.51
2025-11-13,South,Furniture,Sofa,8,4204.59,326.32
2025-11-13,North,Furniture,Office Chair,10,5922.51,1917.52
2025-11-13,West,Electronics,Laptop,5,1335.43,379.98
2025-11-13,North,Clothing,Cap,11,557.88,60.9
2025-11-13,Central,Groceries,Olive Oil,1,18.94,2.0
2025-11-14,West,Furniture,Desk,5,602.32,120.54
2025-11-14,Central,Clothing,Jeans,6,288.63,36.2
2025-11-14,North,Clothing,Jacket,11,332.6,84.36
2025-11-14,East,Groceries,Organic Juice,3,40.9,13.06
2025-11-14,East,Groceries,Cereal,10,33.52,10.2
2025-11-14,East,Clothing,T-Shirt,7,907.22,56.37
2025-11-14,West,Groceries,Cereal,7,175.95,15.15
2025-11-14,North,Furniture,Dining Table,11,6597.83,1320.28
2025-11-14,West,Furniture,Dining Table,6,1476.83,333.75
2025-11-14,East,Clothing,Jeans,3,174.54,39.12
2025-11-14,North,Groceries,Snack Pack,4,69.62,4.32
2025-11-15,East,Stationery,Sticky Notes,3,206.24,24.3
2025-11-15,Central,Electronics,Smartwatch,7,2150.29,750.44
2025-11-15,East,Furniture,Bookshelf,2,1461.82,339.43
2025-11-15,East,Stationery,Backpack,6,67.56,15.61
2025-11-15,Central,Furniture,Bookshelf,2,663.75,53.22
2025-11-15,Central,Stationery,Pen Set,5,217.22,49.25
2025-11-15,North,Groceries,Organic Juice,8,67.02,11.95
2025-11-15,South,Furniture,Sofa,10,6886.23,1501.92
2025-11-15,East,Stationery,Desk Lamp,7,501.42,67.48
2025-11-16,East,Furniture,Desk,2,140.88,23.63
2025-11-16,West,Groceries,Cereal,10,34.96,4.71
2025-11-16,South,Groceries,Cereal,4,79.28,24.93
2025-11-16,South,Electronics,Headphones,10,6572.38,2099.91
2025-11-17,East,Furniture,Sofa,7,2507.37,147.74
2025-11-17,East,Electronics,Headphones,5,4167.41,1274.82
2025-11-17,South,Groceries,Snack Pack,1,13.58,3.06
2025-11-17,Central,Clothing,Jacket,5,200.18,59.74
2025-11-17,West,Stationery,Backpack,8,548.18,37.68
2025-11-17,Central,Clothing,T-Shirt,1,47.65,15.96
2025-11-18,North,Clothing,Sneakers,7,762.11,101.11
2025-11-18,South,Furniture,Desk,8,7085.32,843.31
2025-11-18,West,Electronics,Laptop,5,3936.27,369.4
2025-11-18,Central,Electronics,Tablet,10,1512.71,526.79
2025-11-18,North,Clothing,T-Shirt,8,220.49,49.04
2025-11-18,East,Stationery,Sticky Notes,10,392.22,135.96
2025-11-18,West,Furniture,Office Chair,8,1728.71,420.17
2025-11-18,West,Furniture,Dining Table,8,4057.38,751.31
2025-11-18,East,Electronics,Laptop,10,2614.12,848.32
2025-11-19,Central,Electronics,Headphones,9,1724.19,178.43
2025-11-19,South,Clothing,Jeans,4,272.61,75.48
2025-11-19,West,Furniture,Desk,5,820.83,111.7
2025-11-19,North,Stationery,Backpack,1,37.72,4.97
2025-11-19,Central,Electronics,Tablet,3,2066.0,609.46
2025-11-20,East,Clothing,Cap,1,24.12,7.16
2025-11-20,South,Electronics,Headphones,11,10896.51,1759.78
2025-11-20,South,Clothing,T-Shirt,4,103.37,13.92
2025-11-20,Central,Groceries,Organic Juice,10,131.44,41.02
2025-11-20,East,Stationery,Sticky Notes,2,36.42,7.73
2025-11-20,West,Electronics,Tablet,9,5052.74,1283.96
2025-11-20,West,Clothing,Jacket,8,781.47,271.4
2025-11-20,South,Groceries,Cereal,11,399.97,50.72
2025-11-20,East,Furniture,Bookshelf,3,277.35,27.71
2025-11-20,Central,Electronics,Headphones,1,271.14,54.99
2025-11-20,West,Furniture,Sofa,1,72.95,13.9
2025-11-20,East,Groceries,Olive Oil,7,268.22,49.32
2025-11-21,South,Furniture,Bookshelf,3,2602.79,237.58
2025-11-21,North,Groceries,Coffee,5,124.87,11.36
2025-11-21,South,Electronics,Laptop,5,1554.82,388.61
2025-11-21,South,Electronics,Smartwatch,5,1514.65,461.93
2025-11-21,Central,Groceries,Cereal,4,151.85,22.8
2025-11-21,East,Furniture,Office Chair,7,5861.1,1558.96
2025-11-21,North,Stationery,Backpack,5,337.97,99.42
2025-11-21,Central,Electronics,Laptop,7,8330.06,871.81
2025-11-21,South,Electronics,Smartwatch,11,2539.19,496.21
2025-11-22,West,Stationery,Desk Lamp,1,14.32,1.69
2025-11-22,Central,Groceries,Coffee,5,75.1,4.35
2025-11-22,Central,Clothing,Jeans,5,498.58,115.08
2025-11-22,Central,Clothing,Jeans,6,762.1,137.81
2025-11-22,East,Stationery,Backpack,6,114.08,13.2
2025-11-22,East,Groceries,Cereal,2,49.65,8.68
2025-11-23,East,Furniture,Office Chair,4,1433.62,156.08
2025-11-23,West,Furniture,Desk,1,359.69,65.47
2025-11-23,West,Clothing,T-Shirt,2,224.43,40.14
2025-11-23,West,Electronics,Tablet,5,2133.94,383.04
2025-11-23,South,Electronics,Smartphone,4,1393.75,181.83
2025-11-24,West,Clothing,Jacket,3,381.65,108.66
2025-11-24,Central,Clothing,Cap,5,408.54,75.19
2025-11-24,Central,Stationery,Notebook,6,56.06,9.9
2025-11-24,East,Clothing,Sneakers,4,267.27,86.07
2025-11-24,North,Furniture,Bookshelf,7,3967.36,869.43
2025-11-24,West,Groceries,Coffee,11,259.31,61.59
2025-11-24,East,Clothing,Jacket,3,200.5,55.59
2025-11-25,South,Stationery,Desk Lamp,7,82.67,12.9
2025-11-25,North,Stationery,Desk Lamp,7,502.29,160.45
2025-11-25,North,Furniture,Sofa,6,5356.82,363.2
2025-11-25,West,Clothing,Cap,6,225.65,23.91
2025-11-25,South,Clothing,Sneakers,3,157.55,25.79
2025-11-25,East,Groceries,Coffee,11,358.65,40.93
2025-11-25,Central,Furniture,Sofa,9,5335.26,1730.62
2025-11-26,Central,Furniture,Office Chair,9,3289.34,899.72
2025-11-26,Central,Stationery,Sticky Notes,4,228.18,60.43
2025-11-26,South,Stationery,Desk Lamp,2,29.07,6.47
2025-11-26,Central,Furniture,Sofa,5,1926.17,652.78
2025-11-26,East,Groceries,Cereal,7,79.98,15.11
2025-11-26,North,Stationery,Notebook,2,47.08,6.69
2025-11-27,East,Electronics,Headphones,10,6441.81,517.43
2025-11-27,South,Clothing,Jeans,2,91.25,13.43
2025-11-27,South,Groceries,Coffee,5,29.48,5.57
2025-11-27,South,Stationery,Sticky Notes,4,233.8,61.13
2025-11-27,East,Electronics,Headphones,3,2053.11,447.51
2025-11-27,North,Clothing,Jacket,11,1182.9,157.86
2025-11-27,Central,Electronics,Laptop,3,495.23,33.66
2025-11-27,North,Stationery,Notebook,6,459.85,124.98
2025-11-28,West,Stationery,Pen Set,4,313.45,101.4
2025-11-28,East,Groceries,Organic Juice,7,126.66,36.74
2025-11-28,South,Stationery,Pen Set,3,53.06,8.04
2025-11-28,West,Groceries,Snack Pack,3,44.75,3.02
2025-11-28,Central,Stationery,Notebook,11,502.91,120.12
2025-11-28,East,Clothing,T-Shirt,11,172.68,38.96
2025-11-28,South,Clothing,Jacket,1,136.0,26.78
2025-11-28,East,Stationery,Notebook,9,196.83,17.42
2025-11-28,East,Electronics,Tablet,1,349.22,97.85
2025-11-28,East,Stationery,Backpack,1,40.19,12.7
2025-11-28,North,Stationery,Notebook,5,230.13,75.63
2025-11-28,North,Furniture,Desk,3,1051.9,197.7
2025-11-28,West,Electronics,Laptop,4,2143.19,724.73
2025-11-29,North,Clothing,T-Shirt,9,631.14,140.77
2025-11-29,East,Electronics,Tablet,10,5531.93,382.58
2025-11-29,North,Electronics,Tablet,6,3613.64,289.95
2025-11-29,North,Furniture,Sofa,10,5702.44,331.68
2025-11-29,East,Clothing,Cap,10,553.87,75.69
2025-11-29,North,Clothing,Jacket,11,1211.61,175.1
2025-11-29,West,Clothing,Sneakers,8,735.59,224.09
2025-11-29,South,Electronics,Smartphone,11,5732.37,1228.46
2025-11-30,East,Stationery,Backpack,4,311.65,30.95
2025-11-30,Central,Stationery,Backpack,5,70.57,20.63
2025-11-30,North,Furniture,Office Chair,5,1736.87,300.89
2025-11-30,East,Clothing,T-Shirt,2,268.02,65.13
2025-11-30,North,Groceries,Olive Oil,9,62.18,5.9
2025-11-30,East,Electronics,Tablet,1,455.82,158.06
2025-11-30,South,Groceries,Cereal,8,102.97,13.76
2025-11-30,South,Groceries,Cereal,5,86.85,4.66
2025-12-01,West,Clothing,Cap,9,327.68,81.79
2025-12-01,East,Groceries,Snack Pack,3,48.96,16.53
2025-12-01,East,Clothing,Sneakers,4,430.49,112.23
2025-12-01,North,Clothing,Jacket,7,543.8,69.5
2025-12-01,East,Stationery,Notebook,7,107.53,16.78
2025-12-01,East,Electronics,Headphones,3,2596.27,623.44
2025-12-01,Central,Stationery,Pen Set,7,463.35,56.0
2025-12-01,West,Electronics,Smartwatch,6,7037.23,1328.47
2025-12-02,East,Stationery,Desk Lamp,2,114.74,38.15
2025-12-02,West,Electronics,Laptop,6,6878.12,2393.9
2025-12-02,South,Groceries,Olive Oil,5,149.6,35.42
2025-12-02,North,Furniture,Desk,1,752.02,152.44
2025-12-02,West,Furniture,Office Chair,8,6506.68,501.96
2025-12-02,North,Clothing,T-Shirt,11,652.84,208.09
2025-12-03,East,Clothing,T-Shirt,2,65.93,7.97
2025-12-03,East,Furniture,Desk,6,3347.19,1099.78
2025-12-03,South,Clothing,T-Shirt,10,1269.76,147.8
2025-12-03,East,Electronics,Laptop,7,2771.86,381.29
2025-12-03,West,Clothing,Sneakers,6,384.6,129.16
2025-12-04,Central,Furniture,Dining Table,10,7092.14,702.59
2025-12-04,West,Stationery,Desk Lamp,4,265.03,22.33
2025-12-04,South,Furniture,Desk,9,6125.54,1375.39
2025-12-04,South,Electronics,Tablet,3,568.29,185.58
2025-12-04,Central,Furniture,Bookshelf,6,4182.14,804.75
2025-12-04,Central,Electronics,Headphones,5,1799.85,311.76
2025-12-04,East,Stationery,Pen Set,7,479.44,99.55
2025-12-04,East,Electronics,Laptop,4,3917.36,1082.61
2025-12-04,East,Stationery,Notebook,3,203.26,57.08
2025-12-04,South,Stationery,Sticky Notes,3,155.67,28.2
2025-12-04,North,Electronics,Headphones,5,2366.02,163.2
2025-12-04,East,Groceries,Cereal,11,276.46,69.65
2025-12-05,West,Electronics,Headphones,7,1109.78,118.4
2025-12-05,East,Groceries,Snack Pack,9,300.34,31.85
2025-12-05,North,Furniture,Bookshelf,10,2597.52,161.87
2025-12-05,East,Stationery,Desk Lamp,10,759.99,125.16
2025-12-05,South,Electronics,Smartwatch,10,1381.53,178.35
2025-12-05,North,Stationery,Sticky Notes,1,49.59,9.09
2025-12-06,South,Clothing,Cap,8,232.62,35.76
2025-12-06,South,Electronics,Smartphone,1,313.29,21.72
2025-12-06,South,Clothing,T-Shirt,9,1015.52,299.84
2025-12-06,South,Furniture,Dining Table,8,3528.22,304.48
2025-12-06,West,Furniture,Sofa,5,2633.13,481.63
2025-12-06,West,Electronics,Smartwatch,11,6484.57,728.34
2025-12-06,North,Furniture,Bookshelf,9,5373.07,388.06
2025-12-07,North,Clothing,Sneakers,11,861.0,264.44
2025-12-07,North,Stationery,Backpack,8,489.6,88.19
2025-12-07,North,Groceries,Coffee,5,99.86,6.95
2025-12-07,South,Stationery,Backpack,3,50.69,15.99
2025-12-07,Central,Electronics,Smartphone,10,11142.15,3606.86
2025-12-07,North,Furniture,Bookshelf,4,365.66,45.65
2025-12-07,Central,Furniture,Sofa,9,6910.26,962.08
2025-12-07,South,Groceries,Olive Oil,3,27.75,2.17
2025-12-07,East,Groceries,Olive Oil,4,14.77,2.78
2025-12-08,Central,Furniture,Dining Table,2,1730.47,422.15
2025-12-08,East,Groceries,Coffee,6,29.78,8.71
2025-12-08,East,Stationery,Sticky Notes,1,21.03,6.54
2025-12-08,South,Stationery,Backpack,1,25.99,6.7
2025-12-08,North,Stationery,Notebook,8,456.0,103.56
2025-12-09,West,Furniture,Sofa,4,804.97,84.05
2025-12-09,East,Clothing,Jacket,1,40.96,7.79
2025-12-09,West,Groceries,Snack Pack,1,7.32,0.43
2025-12-09,Central,Electronics,Smartwatch,1,921.57,192.9
2025-12-09,Central,Clothing,Cap,9,1054.85,93.62
2025-12-09,East,Groceries,Cereal,11,427.53,104.52
2025-12-09,West,Groceries,Organic Juice,8,300.34,84.5
2025-12-09,East,Furniture,Bookshelf,7,2794.0,172.49
2025-12-10,North,Electronics,Tablet,1,375.38,91.58
2025-12-10,North,Furniture,Office Chair,7,4495.87,1572.68
2025-12-10,South,Clothing,Cap,10,211.01,37.64
2025-12-10,North,Stationery,Notebook,5,243.41,75.03
2025-12-10,North,Clothing,Sneakers,10,879.86,95.63
2025-12-10,North,Groceries,Snack Pack,10,327.58,30.58
2025-12-10,East,Groceries,Olive Oil,8,36.66,10.34
2025-12-10,North,Electronics,Smartwatch,3,320.6,54.3
2025-12-10,South,Groceries,Snack Pack,4,62.87,4.77
2025-12-10,North,Groceries,Coffee,9,303.16,30.5
2025-12-10,Central,Groceries,Cereal,10,336.3,113.35
2025-12-11,Central,Clothing,Sneakers,5,416.8,133.99
2025-12-11,Central,Clothing,Jeans,2,208.03,57.96
2025-12-11,North,Electronics,Laptop,9,8204.48,2054.27
2025-12-11,East,Clothing,Jacket,1,32.89,4.18
2025-12-11,North,Furniture,Desk,7,3502.81,645.28
2025-12-11,North,Groceries,Organic Juice,6,84.5,8.49
2025-12-11,North,Clothing,Jeans,6,786.81,259.79
2025-12-12,North,Stationery,Pen Set,8,628.49,60.95
2025-12-12,South,Clothing,T-Shirt,2,45.4,5.35
2025-12-12,South,Electronics,Headphones,6,6135.59,655.31
2025-12-12,West,Groceries,Organic Juice,5,160.12,51.53
2025-12-12,West,Electronics,Laptop,9,4969.02,1734.02
2025-12-12,North,Furniture,Bookshelf,10,8467.63,2758.92
2025-12-12,North,Electronics,Smartwatch,11,12999.67,2786.3
2025-12-13,East,Groceries,Cereal,6,164.9,28.97
2025-12-13,East,Groceries,Organic Juice,4,35.21,3.72
2025-12-13,South,Clothing,Sneakers,11,884.89,113.72
2025-12-13,South,Stationery,Notebook,10,682.79,193.13
2025-12-13,Central,Clothing,Cap,11,1107.96,250.18
2025-12-13,South,Clothing,Jacket,10,546.27,97.07
2025-12-13,North,Electronics,Laptop,8,4421.91,997.33
2025-12-13,West,Stationery,Notebook,4,132.74,24.91
2025-12-13,East,Electronics,Smartwatch,6,5296.28,629.82
2025-12-13,East,Clothing,Cap,6,328.14,94.24
2025-12-13,East,Clothing,Jacket,5,728.33,195.15
2025-12-13,South,Furniture,Sofa,3,2152.06,572.19
2025-12-13,South,Stationery,Notebook,6,303.06,32.88
2025-12-13,South,Furniture,Sofa,5,564.08,83.56
2025-12-14,Central,Stationery,Desk Lamp,3,43.37,8.15
2025-12-14,South,Clothing,Jacket,3,214.82,42.08
2025-12-14,East,Clothing,Sneakers,3,446.7,69.87
2025-12-14,West,Electronics,Laptop,10,11316.0,3009.6
2025-12-14,West,Clothing,Jacket,7,472.37,61.37
2025-12-14,North,Electronics,Laptop,1,364.47,78.26
2025-12-14,South,Groceries,Olive Oil,2,18.26,2.53
2025-12-14,South,Electronics,Smartwatch,11,2044.93,642.72
2025-12-15,South,Clothing,Cap,1,58.7,12.27
2025-12-15,West,Groceries,Organic Juice,4,140.17,30.8
2025-12-15,Central,Electronics,Tablet,1,991.75,178.25
2025-12-15,West,Groceries,Organic Juice,4,119.69,11.41
2025-12-15,South,Stationery,Notebook,6,234.07,77.21
2025-12-15,South,Stationery,Backpack,5,391.61,42.42
2025-12-15,Central,Groceries,Olive Oil,9,135.81,14.8
2025-12-15,South,Groceries,Olive Oil,4,73.54,20.1
2025-12-15,West,Clothing,T-Shirt,1,44.92,14.17
2025-12-16,North,Electronics,Laptop,2,1304.93,248.05
2025-12-16,Central,Clothing,Jacket,3,337.0,82.86
2025-12-16,East,Groceries,Cereal,11,71.88,15.26
2025-12-16,North,Clothing,Sneakers,7,861.89,149.91
2025-12-16,South,Clothing,Jeans,6,274.02,62.73
2025-12-16,North,Furniture,Office Chair,2,1223.03,312.11
2025-12-17,Central,Groceries,Organic Juice,7,92.27,17.88
2025-12-17,East,Electronics,Tablet,2,1288.39,144.08
2025-12-17,Central,Electronics,Laptop,9,3369.03,287.44
2025-12-17,South,Electronics,Headphones,3,2771.18,540.38
2025-12-17,Central,Furniture,Office Chair,2,272.41,14.92
2025-12-17,North,Furniture,Dining Table,5,3217.66,712.02
2025-12-17,South,Groceries,Olive Oil,2,53.32,7.95
2025-12-17,North,Groceries,Coffee,8,40.78,12.32
2025-12-17,West,Stationery,Desk Lamp,3,174.55,52.12
2025-12-17,North,Stationery,Notebook,1,67.43,7.36
2025-12-17,North,Electronics,Smartwatch,5,5008.02,1286.5
2025-12-17,West,Groceries,Snack Pack,4,19.46,2.08
2025-12-17,Central,Stationery,Notebook,10,95.93,17.82
2025-12-18,West,Electronics,Tablet,6,5589.12,549.15
2025-12-18,West,Furniture,Dining Table,3,1932.05,199.43
2025-12-18,East,Clothing,Cap,7,837.91,202.25
2025-12-18,East,Stationery,Pen Set,7,338.69,114.79
2025-12-18,North,Electronics,Headphones,1,556.19,106.42
2025-12-18,North,Groceries,Cereal,6,212.13,12.84
2025-12-18,Central,Electronics,Laptop,7,2565.05,878.48
2025-12-19,West,Groceries,Snack Pack,2,75.84,8.89
2025-12-19,West,Stationery,Backpack,10,317.51,33.14
2025-12-19,West,Furniture,Dining Table,10,1126.45,332.01
2025-12-19,Central,Clothing,Cap,9,258.21,78.33
2025-12-19,East,Furniture,Desk,7,1432.64,193.88
2025-12-19,East,Stationery,Pen Set,2,109.4,15.32
2025-12-19,West,Groceries,Coffee,3,94.46,9.5
2025-12-19,East,Electronics,Laptop,2,463.16,114.67
2025-12-19,Central,Groceries,Snack Pack,5,75.12,10.51
2025-12-20,North,Furniture,Office Chair,6,2590.16,704.37
2025-12-20,West,Groceries,Olive Oil,11,71.96,9.26
2025-12-20,South,Electronics,Headphones,7,5150.35,312.48
2025-12-20,Central,Furniture,Office Chair,8,505.39,83.65
2025-12-20,Central,Stationery,Desk Lamp,8,286.69,28.32
2025-12-20,North,Electronics,Smartwatch,1,1027.72,190.52
2025-12-20,South,Clothing,Jacket,8,209.64,62.1
2025-12-20,Central,Clothing,T-Shirt,10,178.28,24.28
2025-12-20,West,Groceries,Organic Juice,8,197.79,14.41
2025-12-20,North,Furniture,Bookshelf,2,581.67,162.87
2025-12-21,South,Stationery,Backpack,7,418.91,38.41
2025-12-21,South,Clothing,T-Shirt,7,451.18,120.17
2025-12-22,South,Groceries,Snack Pack,8,310.96,66.92
2025-12-22,North,Clothing,Cap,3,54.68,13.75
2025-12-22,West,Groceries,Cereal,6,80.59,5.55
2025-12-22,North,Furniture,Sofa,10,6459.88,1482.86
2025-12-22,South,Clothing,T-Shirt,3,93.36,28.52
2025-12-22,West,Groceries,Organic Juice,9,98.1,25.41
2025-12-22,East,Clothing,T-Shirt,4,522.74,175.06
2025-12-22,Central,Stationery,Desk Lamp,9,510.28,125.37
2025-12-22,West,Clothing,Sneakers,1,51.97,11.07
2025-12-22,Central,Clothing,Cap,1,121.6,16.68
2025-12-22,West,Groceries,Cereal,7,255.7,73.86
2025-12-22,West,Electronics,Smartwatch,1,922.51,255.08
2025-12-23,West,Clothing,Jacket,8,386.97,124.34
2025-12-23,East,Furniture,Dining Table,9,3163.24,361.99
2025-12-23,Central,Groceries,Snack Pack,4,122.15,8.27
2025-12-23,North,Clothing,T-Shirt,3,359.91,39.09
2025-12-23,South,Furniture,Sofa,8,5504.98,1186.39
2025-12-23,West,Stationery,Sticky Notes,5,138.91,17.56
2025-12-23,Central,Stationery,Desk Lamp,11,482.09,58.04
2025-12-23,West,Stationery,Desk Lamp,9,589.43,73.94
2025-12-23,West,Electronics,Headphones,7,580.3,172.74
2025-12-23,Central,Furniture,Bookshelf,5,969.59,336.23
2025-12-23,Central,Electronics,Headphones,1,808.36,244.23
2025-12-23,South,Electronics,Tablet,10,4414.52,1248.93
2025-12-23,North,Groceries,Organic Juice,3,73.65,23.32
2025-12-24,Central,Electronics,Headphones,3,1809.09,631.78
2025-12-24,East,Stationery,Notebook,11,870.79,106.31
2025-12-24,East,Electronics,Smartwatch,3,1315.62,252.66
2025-12-24,Central,Furniture,Desk,1,63.21,19.03
2025-12-24,Central,Groceries,Olive Oil,9,165.74,29.08
2025-12-24,East,Clothing,Cap,8,1115.25,99.34
2025-12-24,West,Furniture,Sofa,6,5173.6,495.16
2025-12-24,North,Groceries,Coffee,3,96.2,14.39
2025-12-24,South,Groceries,Organic Juice,3,14.07,4.41
2025-12-24,East,Electronics,Headphones,1,224.21,33.29
2025-12-24,North,Stationery,Notebook,6,381.28,74.35
2025-12-25,South,Groceries,Cereal,6,157.27,20.38
2025-12-25,Central,Electronics,Tablet,3,2240.69,244.01
2025-12-25,Central,Furniture,Dining Table,8,3377.08,199.35
2025-12-25,North,Groceries,Snack Pack,1,19.6,3.59
2025-12-25,South,Stationery,Desk Lamp,3,137.24,30.69
2025-12-25,East,Furniture,Office Chair,11,9379.18,3217.92
2025-12-25,North,Clothing,Cap,4,326.11,103.3
2025-12-25,North,Furniture,Desk,3,1753.47,301.39
2025-12-25,North,Clothing,Cap,6,667.55,38.54
2025-12-25,Central,Furniture,Dining Table,11,3195.94,896.69
2025-12-25,North,Stationery,Backpack,5,183.53,23.12
2025-12-25,Central,Electronics,Headphones,6,2834.29,961.02
2025-12-25,North,Stationery,Notebook,1,8.81,2.44
2025-12-25,East,Clothing,Jacket,8,708.75,197.36
2025-12-26,South,Electronics,Smartphone,3,1380.97,233.49
2025-12-26,East,Clothing,Jeans,3,146.68,20.2
2025-12-26,East,Electronics,Laptop,9,1953.44,654.26
2025-12-26,Central,Stationery,Backpack,1,35.25,10.4
2025-12-26,North,Furniture,Desk,4,2103.65,296.53
2025-12-26,Central,Groceries,Cereal,3,55.57,17.55
2025-12-26,East,Furniture,Dining Table,10,676.25,125.42
2025-12-26,East,Stationery,Sticky Notes,11,782.62,179.81
2025-12-26,West,Furniture,Dining Table,10,2939.07,149.6
2025-12-26,East,Stationery,Pen Set,9,599.03,107.91
2025-12-26,Central,Electronics,Smartwatch,5,5732.66,1976.95
2025-12-27,Central,Furniture,Sofa,10,1379.91,78.93
2025-12-27,West,Stationery,Backpack,4,126.68,39.51
2025-12-27,Central,Stationery,Sticky Notes,9,667.56,115.73
2025-12-27,East,Furniture,Office Chair,1,801.27,277.82
2025-12-27,North,Electronics,Headphones,1,832.11,284.26
2025-12-27,West,Furniture,Office Chair,5,2174.68,223.1
2025-12-27,North,Clothing,Jeans,6,819.55,82.21
2025-12-27,East,Furniture,Bookshelf,3,1137.55,360.19
2025-12-27,North,Clothing,Cap,7,632.19,92.87
2025-12-27,East,Electronics,Tablet,2,1184.33,353.76
2025-12-27,Central,Stationery,Pen Set,5,278.57,65.72
2025-12-27,West,Clothing,Sneakers,8,757.46,96.45
2025-12-27,East,Furniture,Bookshelf,9,959.16,88.81
2025-12-28,North,Stationery,Notebook,8,422.05,42.71
2025-12-28,North,Groceries,Coffee,3,118.32,40.27
2025-12-28,South,Clothing,Jeans,7,476.0,34.68
2025-12-28,South,Clothing,T-Shirt,5,90.06,29.16
2025-12-28,North,Furniture,Dining Table,3,1638.87,272.68
2025-12-29,South,Electronics,Tablet,3,281.86,16.49
2025-12-29,East,Electronics,Laptop,11,1261.67,409.88
2025-12-29,West,Electronics,Smartwatch,10,3511.39,558.22
2025-12-29,East,Groceries,Coffee,6,143.29,35.79
2025-12-29,West,Groceries,Olive Oil,2,59.76,18.72
2025-12-29,Central,Clothing,Jacket,4,548.91,121.88
2025-12-29,South,Stationery,Sticky Notes,9,501.37,69.9
2025-12-30,South,Stationery,Desk Lamp,6,443.87,87.31
2025-12-30,East,Groceries,Olive Oil,6,87.88,19.3
2025-12-30,East,Groceries,Organic Juice,8,287.92,50.71
2025-12-30,South,Electronics,Tablet,9,2049.65,428.19
2025-12-30,Central,Electronics,Tablet,10,10566.23,2266.67
2025-12-30,West,Electronics,Smartwatch,7,7824.93,839.91
2025-12-30,Central,Groceries,Coffee,3,18.61,1.15
2025-12-30,West,Clothing,Jacket,1,78.49,7.47
2025-12-30,South,Furniture,Desk,1,157.78,30.1
2025-12-30,Central,Electronics,Headphones,5,2128.71,250.33
2025-12-30,South,Electronics,Smartwatch,11,9196.44,3198.92
2025-12-30,West,Furniture,Desk,5,1161.98,244.04
